Invoice ID,Customer Name,Invoice Date,Due Date,Amount,Region
INV-11324,Pinnacle Manufacturing,2025-04-03,2025-05-03,2293.54,LATAM
INV-10799 ,Anchor Industries,2025-06-13,2025-07-13,1518.51,APAC
INV-10480,Cedar Solutions,2025-09-16,2025-10-16,4054.64,APAC
INV-10045,Northgate Partners,2025-05-09,2025-05-24,391.24,LATAM
INV-10415,Pinnacle Logistics,2025-11-05,2026-01-04,1996.36,EMEA
INV-11406,Atlas Logistics,2025-05-05,2025-05-20,749.11,LATAM
INV-12978,Crescent Logistics,2025-05-29,2025-06-28,691.12,LATAM
INV-10683,Vantage Partners,2025-03-14,2025-04-13,923.28,APAC
INV-10536,Summit Partners,2025-09-02,2025-10-02,1544.81,North America
INV-10458,Union Industries,2025-09-05,2025-10-05,583.06,APAC
INV-10150,Atlas Partners,2025-04-10,2025-05-10,1933.88,APAC
INV-11386,Granite Consulting,2025-10-26,2025-11-25,1937.91,APAC
INV-10901,Cedar Logistics,2025-08-31,2025-09-15,2062.77,LATAM
INV-12488,Vantage Manufacturing,2025-11-04,2025-12-04,1421.02,North America
INV-11847,Silverline Retail,2025-10-24,2025-11-08,4624.56,EMEA
INV-12460,Redwood Solutions,2025-01-09,2025-03-10,2263.8,North America
INV-10681,Granite Holdings,2025-06-26,2025-07-11,2834.17,North America
INV-11940,Falcon Solutions,2025-08-14,2025-09-13,1616.77,North America
INV-11962,Brightpath Partners,2025-05-08,2025-06-22,1914.09,LATAM
INV-12893,Granite Manufacturing,2025-02-10,2025-03-27,2955.39,LATAM
INV-11357,Crescent Logistics,2025-03-08,2025-04-07,905.4,EMEA
INV-12360,Granite Industries,2025-03-20,2025-04-19,2138.35,EMEA
INV-12441,Cascade Industries,2025-08-19,2025-10-03,7148.27,EMEA
INV-11578,Falcon Supply Co.,2025-10-19,2025-12-18,4222.85,LATAM
INV-12596,Northgate Consulting,2025-03-13,2025-04-12,195.94,North America
INV-11335,Falcon Retail,2025-10-25,2025-12-24,1692.23,EMEA
INV-12259,Crescent Partners,2025-09-11,2025-10-11,150.0,EMEA
INV-10332,Meridian Industries,2025-09-29,2025-11-13,660.15,APAC
INV-10053,Cascade Retail,2025-12-16,2026-01-15,804.94,APAC
INV-10271,Atlas Industries,2025-03-31,2025-04-15,5416.18,EMEA
INV-12148,Harbor Holdings,2025-10-21,2025-11-20,702.29,LATAM
INV-11941,Falcon Holdings,2025-09-09,2025-10-24,1953.24,North America
INV-12393,Granite Logistics,2025-09-24,2025-10-24,384.95,North America
INV-10195,Brightpath Solutions,2025-01-15,2025-03-16,1729.98,EMEA
INV-12976,Summit Retail,2025-02-14,2025-04-15,1628.12,EMEA
INV-10507,Meridian Supply Co.,2025-12-20,2026-02-18,868.57,APAC
INV-11645 ,Ironwood Supply Co.,2025-05-22,2025-06-21,568.98,APAC
INV-12454,Granite Industries,2025-11-09,2025-11-24,777.29,APAC
INV-12988,Cedar Industries,2025-12-22,2026-01-21,1610.07,APAC
INV-10197,Vantage Logistics,2025-02-17,2025-03-19,668.16,LATAM
INV-11544,Summit Manufacturing,2025-04-16,2025-05-31,981.04,APAC
INV-10791,Redwood Solutions,2025-08-22,2025-10-06,2179.08,North America
INV-10747,Atlas Consulting,2025-02-12,2025-03-14,1751.26,North America
INV-12987,Vantage Supply Co.,2025-02-19,2025-03-21,1325.52,LATAM
INV-12470,,2025-02-24,2025-03-26,1226.13,EMEA
INV-10768,Anchor Manufacturing,2025-09-11,2025-10-11,7286.08,EMEA
INV-10417,Crescent Industries,2025-01-22,2025-03-23,5979.17,LATAM
INV-10680,Cedar Industries,2025-12-14,2026-01-28,4648.96,EMEA
INV-11436,Summit Supply Co.,2025-01-16,2025-03-02,1908.98,EMEA
INV-10001,Harbor Manufacturing,2025-04-19,2025-06-03,2314.72,APAC
INV-10064,Redwood Holdings,2025-12-14,2026-01-28,504.42,North America
INV-10103,Union Consulting,2025-07-19,2025-08-18,1087.41,EMEA
INV-11678,Granite Group,2025-12-01,2025-12-16,5820.75,North America
INV-12649,Vantage Supply Co.,2025-09-15,2025-11-14,1501.25,APAC
INV-11208,Crescent Supply Co.,2025-12-28,2026-01-27,815.16,North America
INV-12688,Anchor Manufacturing,2025-12-18,2026-02-16,371.66,LATAM
INV-10692,Summit Solutions,2025-11-24,2026-01-23,4202.34,LATAM
INV-12803,Redwood Manufacturing,2025-04-21,2025-05-21,2028.03,EMEA
INV-11722,Redwood Consulting,2025-08-03,2025-09-02,1171.93,EMEA
INV-11588,Summit Holdings,2025-07-04,2025-08-03,1063.88,APAC
INV-12399,Falcon Partners,2025-02-05,2025-03-07,1783.87,EMEA
INV-12955,Sterling Group,2025-03-17,2025-04-16,630.16,EMEA
INV-12794,Ironwood Manufacturing,2025-01-06,2025-02-20,642.89,North America
INV-10786,Northgate Industries,2025-03-25,2025-04-24,3915.52,APAC
INV-10941,Anchor Logistics,2025-08-26,2025-10-10,467.65,North America
INV-11776,Brightpath Logistics,2025-10-22,2025-11-21,451.23,APAC
INV-10015,Falcon Industries,2025-05-08,2025-06-07,313.43,LATAM
INV-11886,Meridian Supply Co.,2025-02-26,2025-04-12,1904.82,LATAM
INV-11651,Summit Solutions,2025-03-15,2025-04-29,2494.07,EMEA
INV-12514,Cascade Solutions,2025-11-20,2026-01-19,1176.78,APAC
INV-12120,Northgate Holdings,2025-03-05,2025-03-20,1246.48,LATAM
INV-12251,Harbor Industries,2025-07-08,2025-07-23,1319.76,EMEA
INV-12840,Silverline Partners,2025-04-10,2025-05-25,1282.88,LATAM
INV-10858,Meridian Solutions,2025-04-01,2025-05-01,2262.61,APAC
INV-11117,Cedar Group,2025-06-11,2025-06-26,12875.4,North America
INV-10193,Cedar Solutions,2025-04-15,2025-05-15,1794.86,EMEA
INV-10094,Brightpath Solutions,2025-09-24,2025-10-24,1102.24,APAC
INV-10175,Bluepeak Group,2025-08-13,2025-08-28,1898.88,APAC
INV-12532,Summit Partners,2025-12-03,2025-12-18,643.07,APAC
INV-10140,Northgate Partners,2025-08-18,2025-09-02,488.93,APAC
INV-10052,Granite Industries,2025-07-06,2025-07-21,1046.73,EMEA
INV-12103,Ironwood Group,2025-08-15,2025-09-14,676.75,North America
INV-10033,Brightpath Partners,2025-05-16,2025-06-15,1462.43,APAC
INV-12899,Falcon Industries,2025-03-29,2025-04-13,1142.87,APAC
INV-11318,Ironwood Group,2025-08-13,2025-10-12,1124.73,EMEA
INV-10737,Pinnacle Holdings,2025-02-17,2025-04-18,1863.9,APAC
INV-11810,Silverline Partners,2025-04-02,2025-05-02,3312.75,North America
INV-11331,Anchor Consulting,2025-07-04,2025-07-19,5870.39,North America
INV-12334,Pinnacle Holdings,2025-09-15,2025-11-14,1073.49,APAC
INV-10782,Northgate Consulting,2025-05-06,2025-05-21,445.05,North America
INV-11351,Ironwood Consulting,2025-04-05,2025-04-20,516.41,EMEA
INV-10315,Sterling Logistics,2025-12-14,2026-02-12,4793.09,APAC
INV-11236,Sterling Group,2025-07-15,2025-09-13,6471.77,EMEA
INV-10299,Silverline Manufacturing,2025-06-29,2025-08-13,3076.59,North America
INV-11875,Pinnacle Industries,2025-07-15,2025-08-29,4959.86,EMEA
INV-11676,Brightpath Holdings,2025-12-14,2026-01-28,1107.56,EMEA
INV-10252,Cascade Supply Co.,2025-08-30,2025-09-14,3381.5,APAC
INV-12742,Summit Consulting,2025-10-16,2025-11-15,2246.12,North America
INV-12406,Silverline Supply Co.,2025-05-20,2025-06-19,4946.4,APAC
INV-12179,Sterling Holdings,2025-05-18,2025-07-02,9147.59,EMEA
INV-12891,Pinnacle Group,2025-08-29,2025-09-13,1680.98,APAC
INV-10437,Northgate Holdings,2025-09-18,2025-10-18,6410.89,
INV-11412,Granite Consulting,2025-08-14,2025-08-29,2442.08,EMEA
INV-12475,Cascade Manufacturing,2025-10-22,2025-12-06,1945.82,APAC
INV-12052,Atlas Holdings,2025-06-04,2025-06-19,678.3,EMEA
INV-10255,Cascade Logistics,2025-03-13,2025-03-28,377.12,APAC
INV-10950,Falcon Retail,2025-12-16,2025-12-31,1842.73,EMEA
INV-10810,Bluepeak Retail,2025-01-01,2025-03-02,661.73,APAC
INV-10487,Crescent Supply Co.,2025-11-07,2025-12-22,827.23,APAC
INV-11846,Pinnacle Consulting,2025-09-16,2025-10-31,587.04,
INV-11872,Silverline Industries,2025-09-12,2025-10-12,1219.96,North America
INV-11994,Crescent Solutions,2025-01-23,2025-02-22,2800.28,APAC
INV-10292,Atlas Retail,2025-07-10,2025-08-09,949.85,North America
INV-10185,Crescent Consulting,2025-12-10,2025-12-25,1210.61,APAC
INV-11499 ,Silverline Solutions,2025-12-23,2026-01-22,3720.66,North America
INV-12160,Ironwood Industries,2025-01-10,2025-02-09,2445.3,EMEA
INV-10267,Atlas Holdings,2025-06-20,2025-07-20,6432.83,EMEA
INV-11106,Cascade Partners,2025-09-07,2025-09-22,580.61,EMEA
INV-11905,Anchor Industries,2025-04-14,2025-05-14,1344.03,EMEA
INV-11018,Granite Manufacturing,2025-07-04,2025-09-02,957.67,LATAM
INV-10880,Redwood Manufacturing,2025-01-06,2025-02-05,4313.71,EMEA
INV-10212,Sterling Holdings,2025-02-21,2025-03-23,4113.42,LATAM
INV-10979,Northgate Manufacturing,2025-03-15,2025-04-14,355.84,North America
INV-11792,Meridian Solutions,2025-04-10,2025-05-10,1641.76,North America
INV-11615,Brightpath Holdings,2025-10-30,2025-12-29,1258.36,LATAM
INV-11101,Sterling Supply Co.,2025-12-09,2026-01-08,3634.44,EMEA
INV-11214,Sterling Group,2025-02-02,2025-03-04,3312.41,APAC
INV-11085,Sterling Supply Co.,2025-04-10,2025-05-10,2087.54,EMEA
INV-12552,Sterling Holdings,2025-05-21,2025-06-05,272.62,LATAM
INV-12564,Northgate Manufacturing,2025-12-28,2026-01-27,1862.82,LATAM
INV-11289,Vantage Supply Co.,2025-01-14,2025-02-13,548.38,North America
INV-10176,Summit Retail,2025-12-25,2026-01-24,3116.5,LATAM
INV-11612,Summit Supply Co.,2025-09-16,2025-10-01,362.54,APAC
INV-10403,Cascade Partners,2025-08-23,2025-09-07,1487.3,EMEA
INV-10046,Crescent Partners,2025-05-22,2025-06-06,774.44,APAC
INV-11607,Sterling Manufacturing,2025-06-30,2025-07-30,1653.09,EMEA
INV-11269,Pinnacle Manufacturing,2025-09-07,2025-10-07,763.58,North America
INV-12908,Granite Holdings,2025-06-14,2025-08-13,535.36,EMEA
INV-12430,Pinnacle Logistics,2025-08-05,2025-09-04,1095.9,APAC
INV-10204,Ironwood Logistics,2025-01-02,2025-02-01,3821.59,LATAM
INV-11287,Cascade Retail,2025-03-27,2025-04-26,283.56,North America
INV-10145,Pinnacle Manufacturing,2025-05-19,2025-06-18,1870.38,EMEA
INV-12654,Falcon Partners,2025-03-10,2025-04-09,3742.55,EMEA
INV-10344,Silverline Holdings,2025-08-25,2025-10-09,938.0,North America
INV-12765,Northgate Holdings,2025-11-29,2025-12-29,1859.1,LATAM
INV-10247,Anchor Logistics,2025-03-14,2025-04-13,965.41,APAC
INV-10545,Cedar Solutions,2025-08-01,2025-09-30,160.06,LATAM
INV-11466,Northgate Retail,2025-06-05,2025-07-05,2514.23,EMEA
INV-11469,Northgate Manufacturing,2025-09-14,2025-09-29,504.57,EMEA
INV-11567,Falcon Logistics,2025-10-18,2025-11-17,1572.3,EMEA
INV-11812,Redwood Solutions,2025-11-03,2026-01-02,1689.37,LATAM
INV-12724,Sterling Retail,2025-02-26,2025-03-28,5616.69,North America
INV-10529,Redwood Holdings,2025-04-09,2025-04-24,1870.11,EMEA
INV-11560,Bluepeak Consulting,2025-06-28,2025-08-12,1159.78,EMEA
INV-10679,Summit Logistics,2025-08-17,2025-09-16,3436.16,LATAM
INV-11317,Atlas Logistics,2025-02-22,2025-03-24,567.59,EMEA
INV-11777,Ironwood Industries,2025-07-09,2025-08-08,853.55,North America
INV-10369,Sterling Supply Co.,2025-11-09,2025-12-09,1616.32,EMEA
INV-11411,Cascade Solutions,2025-03-28,2025-04-27,4892.09,EMEA
INV-12752,Crescent Group,2025-12-15,2026-02-13,6098.01,EMEA
INV-10573,Northgate Solutions,2025-08-17,2025-10-01,1986.71,EMEA
INV-11713,Harbor Solutions,2025-05-02,2025-07-01,209.47,EMEA
INV-12139,Harbor Supply Co.,2025-03-02,2025-04-16,485.32,North America
INV-12307,Atlas Partners,2025-07-23,2025-08-22,2555.62,EMEA
INV-12314,,2025-12-04,2026-01-03,2316.86,EMEA
INV-12366,Northgate Partners,2025-05-03,2025-06-02,5886.14,North America
INV-10431,Meridian Supply Co.,2025-11-10,2025-12-10,510.33,EMEA
INV-12609,Summit Partners,2025-02-12,2025-03-14,3318.8,EMEA
INV-11794,Meridian Holdings,2025-08-07,2025-09-06,2708.65,APAC
INV-10257,Cedar Group,2025-10-03,2025-11-02,4629.57,LATAM
INV-12264,Vantage Logistics,2025-01-16,2025-03-02,564.56,EMEA
INV-12785,Vantage Solutions,2025-04-19,2025-05-04,954.81,APAC
INV-10440,Brightpath Partners,2025-08-28,2025-10-12,1408.11,North America
INV-11972,Vantage Supply Co.,2025-01-08,2025-03-09,150.0,LATAM
INV-12015,Union Retail,2025-11-18,2025-12-18,3122.93,APAC
INV-12054,Atlas Industries,2025-12-23,2026-01-22,1126.25,EMEA
INV-12827,Summit Logistics,2025-05-04,2025-06-18,4546.91,EMEA
INV-12867,Meridian Holdings,2025-11-15,2025-11-30,695.95,LATAM
INV-10089,Summit Partners,2025-01-26,2025-03-12,918.94,North America
INV-12842,Northgate Group,2025-02-12,2025-03-14,378.05,North America
INV-11054,Falcon Solutions,2025-07-29,2025-08-13,1871.71,EMEA
INV-12047,Northgate Consulting,2025-12-11,2025-12-26,1480.58,North America
INV-12180,Atlas Holdings,2025-10-12,2025-12-11,1489.39,APAC
INV-10756,Union Logistics,2025-06-03,2025-07-03,15821.8,EMEA
INV-10606,Meridian Supply Co.,2025-09-08,2025-11-07,8015.37,LATAM
INV-10290,Pinnacle Consulting,2025-12-18,2026-01-17,845.2,North America
INV-11058,Harbor Consulting,2025-08-23,2025-10-22,4253.32,EMEA
INV-10153,Meridian Supply Co.,2025-12-24,2026-01-23,802.7,North America
INV-12335,Crescent Group,2025-04-14,2025-04-29,3298.9,LATAM
INV-12593,Falcon Holdings,2025-08-29,2025-09-28,1424.33,APAC
INV-12733,Anchor Supply Co.,2025-12-21,2026-01-20,2456.75,APAC
INV-11118,Cascade Manufacturing,2025-10-01,2025-10-16,1405.49,North America
INV-10848,Meridian Group,2025-11-19,2026-01-03,13490.89,LATAM
INV-10912,Crescent Logistics,2025-02-10,2025-03-12,1803.05,EMEA
INV-10677,Meridian Consulting,2025-06-19,2025-07-19,544.83,North America
INV-12917,Pinnacle Solutions,2025-07-06,2025-08-05,1263.94,EMEA
INV-11193,Silverline Retail,2025-07-09,2025-07-24,861.58,LATAM
INV-10865,Sterling Retail,2025-04-01,2025-05-01,852.77,North America
INV-11115,Meridian Manufacturing,2025-10-22,2025-11-21,1694.9,LATAM
INV-10600,Granite Manufacturing,2025-04-15,2025-05-15,2078.85,LATAM
INV-12243,Pinnacle Consulting,2025-02-22,2025-03-09,8767.41,EMEA
INV-12856,Anchor Consulting,2025-07-06,2025-07-21,932.74,North America
INV-12901,Northgate Solutions,2025-01-23,2025-02-07,1420.89,APAC
INV-10730,Brightpath Partners,2025-12-02,2026-01-01,734.75,EMEA
INV-10068,Falcon Industries,2025-07-17,2025-08-31,3652.55,APAC
INV-11237,Crescent Industries,2025-06-11,2025-07-11,6700.46,North America
INV-11587,Falcon Industries,2025-09-01,2025-10-01,1735.06,LATAM
INV-10970,Cascade Holdings,2025-12-15,2026-01-14,408.42,EMEA
INV-11049,Falcon Retail,2025-06-19,2025-08-03,5590.85,APAC
INV-10135,Cascade Industries,2025-04-04,2025-05-04,647.11,APAC
INV-11951,Crescent Consulting,2025-06-02,2025-07-02,300.15,LATAM
INV-11957,Anchor Holdings,2025-08-21,2025-10-20,216.57,North America
INV-11019 ,Summit Consulting,2025-03-01,2025-03-16,1109.53,North America
INV-11942,Vantage Solutions,2025-06-12,2025-07-27,1040.56,LATAM
INV-10322,,2025-07-23,2025-09-21,2529.16,LATAM
INV-10686,Meridian Solutions,2025-12-23,2026-01-22,2812.13,North America
INV-10638,Summit Retail,2025-01-16,2025-03-17,1581.27,LATAM
INV-11826,Harbor Solutions,2025-07-10,2025-08-09,2203.38,APAC
INV-11887,Summit Group,2025-09-01,2025-10-16,714.34,North America
INV-10409,Atlas Solutions,2025-08-14,2025-09-13,1649.56,EMEA
INV-11778,Northgate Industries,2025-12-07,2026-01-06,1431.77,EMEA
INV-11755,Cedar Industries,2025-08-20,2025-09-19,2345.1,North America
INV-11478,Cedar Holdings,2025-03-25,2025-04-24,2159.39,North America
INV-11240,Falcon Retail,2025-10-11,2025-11-10,6409.63,APAC
INV-12300,Cascade Logistics,2025-02-06,2025-03-08,382.69,EMEA
INV-10125,Pinnacle Logistics,2025-06-27,2025-08-11,2510.33,APAC
INV-10179,Bluepeak Consulting,2025-02-16,2025-03-18,1166.55,North America
INV-10444,Harbor Industries,2025-08-27,2025-10-26,1366.2,APAC
INV-11780,Northgate Holdings,2025-10-01,2025-10-31,793.79,North America
INV-10977,Brightpath Holdings,2025-07-31,2025-08-15,985.28,EMEA
INV-11737,Crescent Consulting,2025-12-09,2026-01-08,573.46,LATAM
INV-10451,Falcon Supply Co.,2025-03-06,2025-05-05,1399.11,North America
INV-11221,Cascade Logistics,2025-11-11,2025-12-11,508.35,APAC
INV-12830,Meridian Solutions,2025-03-30,2025-04-29,1064.38,EMEA
INV-10512,Falcon Solutions,2025-08-15,2025-10-14,1414.86,LATAM
INV-12859,Northgate Partners,2025-09-04,2025-10-04,4280.19,APAC
INV-12627,Falcon Supply Co.,2025-07-06,2025-08-05,5234.53,North America
INV-11048,Vantage Holdings,2025-07-06,2025-07-21,358.26,LATAM
INV-10323,Anchor Industries,2025-01-10,2025-02-09,708.82,APAC
INV-12964,Summit Solutions,2025-11-10,2025-11-25,571.98,LATAM
INV-10556,Northgate Group,2025-12-11,2026-01-10,1021.79,LATAM
INV-10777,Union Consulting,2025-11-24,2026-01-08,769.37,EMEA
INV-12348,Atlas Consulting,2025-07-29,2025-08-28,680.96,APAC
INV-12983,Pinnacle Manufacturing,2025-12-16,2026-01-15,2864.16,EMEA
INV-10333,Vantage Manufacturing,2025-06-29,2025-08-28,1584.82,EMEA
INV-10980,Cedar Holdings,2025-09-07,2025-10-07,2934.74,APAC
INV-12319,Falcon Industries,2025-10-01,2025-10-31,895.63,LATAM
INV-11919,Vantage Manufacturing,2025-07-06,2025-08-05,1272.41,EMEA
INV-12195 ,Redwood Holdings,2025-04-18,2025-05-18,1755.9,North America
INV-12132,Crescent Solutions,2025-05-16,2025-06-30,1506.67,LATAM
INV-11089,Brightpath Group,2025-03-08,2025-04-07,1172.46,APAC
INV-12795,Vantage Manufacturing,2025-12-08,2026-01-22,1439.0,APAC
INV-11158,Cascade Manufacturing,2025-09-07,2025-10-07,11239.53,APAC
INV-11741,Meridian Holdings,2025-11-18,2025-12-03,1347.49,APAC
INV-10813,,2025-12-31,2026-01-30,5444.06,North America
INV-12404,Summit Partners,2025-08-06,2025-09-05,1159.23,APAC
INV-11396,Sterling Group,2025-06-17,2025-08-01,1747.97,EMEA
INV-10081,Brightpath Industries,2025-05-26,2025-07-10,1214.75,North America
INV-11714,Brightpath Consulting,2025-07-12,2025-08-11,3173.78,LATAM
INV-11934,Cedar Industries,2025-02-27,2025-04-13,1345.67,North America
INV-12130,Vantage Supply Co.,2025-07-09,2025-09-07,2825.29,
INV-11128,Atlas Manufacturing,2025-10-03,2025-11-17,750.81,APAC
INV-10760,Cascade Solutions,2025-07-30,2025-09-13,2780.2,EMEA
INV-12701,Meridian Holdings,2025-03-07,2025-04-06,2096.72,APAC
INV-12286,Cascade Logistics,2025-11-23,2026-01-07,2243.64,EMEA
INV-12172,Harbor Solutions,2025-06-13,2025-07-13,1382.49,APAC
INV-10326,Northgate Group,2025-02-28,2025-03-30,496.32,APAC
INV-10651,Cascade Supply Co.,2025-02-13,2025-04-14,7817.03,EMEA
INV-10602,Silverline Holdings,2025-01-09,2025-02-08,645.52,LATAM
INV-11428,Bluepeak Manufacturing,2025-06-11,2025-07-11,548.46,North America
INV-10142,Silverline Manufacturing,2025-12-06,2026-01-20,4800.27,LATAM
INV-12498,Brightpath Consulting,2025-07-20,2025-08-19,1150.8,APAC
INV-11552,Brightpath Partners,2025-08-27,2025-10-11,1232.37,North America
INV-10765,Crescent Manufacturing,2025-10-11,2025-11-25,4164.48,North America
INV-10479,Brightpath Consulting,2025-10-11,2025-11-10,18000.0,LATAM
INV-11201,Meridian Consulting,2025-07-29,2025-08-28,1656.9,EMEA
INV-10845,Sterling Retail,2025-10-09,2025-11-08,1719.53,North America
INV-10544,Redwood Supply Co.,2025-09-02,2025-10-02,5417.62,APAC
INV-12113,Cascade Logistics,2025-06-04,2025-06-19,1535.83,APAC
INV-11002,Summit Holdings,2025-08-31,2025-10-30,3402.18,EMEA
INV-11103,Union Logistics,2025-12-16,2026-01-15,9696.66,North America
INV-10178,Pinnacle Manufacturing,2025-06-15,2025-07-30,5476.28,North America
INV-12321,Northgate Partners,2025-11-24,2025-12-24,2198.55,EMEA
INV-11134,Pinnacle Consulting,2025-05-29,2025-07-28,2226.49,APAC
INV-11660,Crescent Partners,2025-10-04,2025-11-03,4129.41,LATAM
INV-11028,Union Logistics,2025-04-03,2025-05-18,1649.17,APAC
INV-11728,Northgate Consulting,2025-05-07,2025-06-06,3063.31,EMEA
INV-11074,Harbor Manufacturing,2025-12-10,2025-12-25,466.52,APAC
INV-10757,Crescent Group,2025-11-25,2026-01-24,2307.65,North America
INV-10496,Union Logistics,2025-09-26,2025-11-25,2404.31,EMEA
INV-11579,Brightpath Group,2025-06-26,2025-07-11,764.23,North America
INV-12284,Falcon Holdings,2025-06-14,2025-08-13,612.13,LATAM
INV-12324,Pinnacle Consulting,2025-04-06,2025-05-06,6681.14,LATAM
INV-11689,Brightpath Logistics,2025-10-11,2025-11-10,1910.19,EMEA
INV-10943,Sterling Supply Co.,2025-09-08,2025-10-23,2657.61,EMEA
INV-10840,Anchor Holdings,2025-07-22,2025-08-21,1220.98,LATAM
INV-12630,Redwood Partners,2025-05-02,2025-07-01,961.46,EMEA
INV-10300,Vantage Holdings,2025-05-23,2025-07-07,2608.85,LATAM
INV-10163,Sterling Retail,2025-06-06,2025-07-21,4199.56,North America
INV-11717,Silverline Industries,2025-07-18,2025-08-17,1995.76,LATAM
INV-10999,Meridian Consulting,2025-11-01,2025-11-16,885.31,North America
INV-10904,Silverline Manufacturing,2025-07-09,2025-08-08,4677.91,EMEA
INV-10875,Northgate Manufacturing,2025-10-18,2025-11-02,1436.82,APAC
INV-12563,Summit Partners,2025-11-24,2025-12-24,643.63,LATAM
INV-11270,Crescent Consulting,2025-07-23,2025-08-07,4502.93,North America
INV-10031,Northgate Logistics,2025-11-14,2025-11-29,861.32,APAC
INV-10766,Ironwood Industries,2025-12-04,2026-01-03,786.14,EMEA
INV-10795,Silverline Partners,2025-01-23,2025-02-07,559.5,North America
INV-10174,Falcon Manufacturing,2025-11-01,2025-12-31,2012.31,APAC
INV-12288,Cedar Logistics,2025-07-22,2025-08-21,1180.41,LATAM
INV-10297 ,Cascade Industries,2025-10-23,2025-12-07,3326.38,EMEA
INV-11179,Harbor Industries,2025-05-13,2025-06-12,608.06,LATAM
INV-11821,Falcon Logistics,2025-11-03,2025-12-03,1315.36,APAC
INV-11875,Pinnacle Industries,2025-07-15,2025-08-29,4813.97,EMEA
INV-12658,Cascade Partners,2025-03-10,2025-04-09,3298.5,APAC
INV-11045,Cascade Logistics,2025-07-26,2025-08-25,1267.29,North America
INV-12104,Granite Manufacturing,2025-02-13,2025-03-15,4076.08,LATAM
INV-11845,Cedar Industries,2025-06-30,2025-07-30,1709.35,EMEA
INV-11290,Summit Holdings,2025-02-23,2025-03-25,213.24,North America
INV-10888,,2025-01-11,2025-02-10,1071.31,North America
INV-11874,Atlas Industries,2025-09-13,2025-11-12,2986.01,EMEA
INV-12687,Vantage Holdings,2025-12-02,2026-01-01,2258.24,LATAM
INV-10074,Silverline Holdings,2025-12-23,2026-01-22,6052.21,EMEA
INV-12764,Falcon Solutions,2025-05-13,2025-06-12,838.47,LATAM
INV-11865,Ironwood Manufacturing,2025-02-03,2025-03-05,4788.18,APAC
INV-12777,Harbor Manufacturing,2025-07-23,2025-08-22,1175.49,LATAM
INV-12005,Northgate Partners,2025-03-05,2025-04-04,269.28,EMEA
INV-11212,Union Retail,2025-07-19,2025-09-17,793.45,North America
INV-12812,Northgate Consulting,2025-12-04,2026-02-02,835.47,APAC
INV-12873,Ironwood Partners,2025-06-15,2025-07-15,226.26,APAC
INV-12346,Northgate Holdings,2025-07-30,2025-09-13,3973.64,APAC
INV-10355,Crescent Group,2025-02-11,2025-03-28,1455.18,APAC
INV-10706,Crescent Supply Co.,2025-08-03,2025-09-17,2553.98,LATAM
INV-12784,Cascade Industries,2025-08-09,2025-09-08,579.5,North America
INV-12252,Harbor Consulting,2025-01-30,2025-03-01,5767.76,North America
INV-12167,Granite Logistics,2025-10-05,2025-11-04,713.53,EMEA
INV-12629,Redwood Solutions,2025-06-19,2025-07-19,993.53,APAC
INV-11457,Harbor Manufacturing,2025-07-31,2025-08-30,2916.11,EMEA
INV-11559,Redwood Logistics,2025-09-03,2025-10-03,5672.7,APAC
INV-10325,Pinnacle Group,2025-12-30,2026-02-28,598.59,APAC
INV-12210,Cedar Industries,2025-05-23,2025-07-07,1479.36,LATAM
INV-12222,Summit Logistics,2025-06-11,2025-06-26,826.51,EMEA
INV-10433,Cascade Solutions,2025-03-30,2025-05-29,1161.58,North America
INV-10533,Union Industries,2025-11-09,2026-01-08,1394.83,LATAM
INV-12112,Union Industries,2025-12-24,2026-01-23,1278.56,EMEA
INV-12608,Crescent Manufacturing,2025-09-03,2025-10-03,203.36,LATAM
INV-10566,Northgate Group,2025-04-25,2025-05-10,1025.29,APAC
INV-11926,Northgate Consulting,2025-09-06,2025-10-21,647.13,LATAM
INV-10240,Pinnacle Partners,2025-11-18,2025-12-03,3188.13,APAC
INV-10582,Union Logistics,2025-11-26,2026-01-25,1018.66,APAC
INV-11076,Cascade Partners,2025-02-01,2025-04-02,949.2,EMEA
INV-11363,Sterling Retail,2025-08-28,2025-10-27,1648.5,APAC
INV-11024,Anchor Supply Co.,2025-07-17,2025-09-15,10178.61,LATAM
INV-11539,Redwood Manufacturing,2025-10-23,2025-11-22,516.5,APAC
INV-10486,Redwood Supply Co.,2025-08-31,2025-10-15,411.57,EMEA
INV-12220,Summit Consulting,2025-07-05,2025-08-19,1185.21,EMEA
INV-11749,Ironwood Industries,2025-10-15,2025-12-14,1755.7,EMEA
INV-10412,Northgate Manufacturing,2025-02-10,2025-03-12,537.98,APAC
INV-12100,Atlas Partners,2025-09-29,2025-10-29,3090.54,EMEA
INV-12326,Pinnacle Consulting,2025-12-04,2026-01-18,2702.32,LATAM
INV-12636,Bluepeak Manufacturing,2025-08-31,2025-09-30,3883.1,EMEA
INV-10622,Ironwood Logistics,2025-12-23,2026-01-22,2262.72,North America
INV-10927,Ironwood Holdings,2025-07-22,2025-08-21,895.13,North America
INV-10671,Summit Holdings,2025-05-04,2025-06-03,4543.61,LATAM
INV-10528,Bluepeak Group,2025-03-10,2025-04-24,1545.77,APAC
INV-11597,Cedar Industries,2025-05-02,2025-07-01,2584.37,APAC
INV-12918,Pinnacle Consulting,2025-07-24,2025-08-23,2702.11,APAC
INV-12383,Meridian Solutions,2025-03-31,2025-05-30,2017.09,LATAM
INV-10599,Granite Group,2025-08-27,2025-09-11,992.41,APAC
INV-11341,Bluepeak Retail,2025-04-09,2025-04-24,1710.46,APAC
INV-12105,Sterling Retail,2025-03-26,2025-04-25,507.52,LATAM
INV-12163,Meridian Supply Co.,2025-10-29,2025-11-13,2317.86,North America
INV-11614,Anchor Manufacturing,2025-05-12,2025-05-27,1380.15,EMEA
INV-10569,Summit Holdings,2025-08-24,2025-09-23,274.87,APAC
INV-11300,Cedar Logistics,2025-02-15,2025-03-17,1977.38,APAC
INV-12489,Vantage Partners,2025-11-03,2025-12-03,1514.51,North America
INV-10109,Pinnacle Logistics,2025-02-12,2025-04-13,1866.45,EMEA
INV-12249,Vantage Manufacturing,2025-10-26,2025-12-10,1248.62,
INV-11100,Ironwood Group,2025-10-15,2025-12-14,2021.99,North America
 INV-12935 ,Sterling Group,2025-07-21,2025-08-05,3256.61,APAC
INV-10319,Crescent Solutions,2025-03-03,2025-03-18,1981.78,LATAM
INV-11124,Crescent Group,2025-10-07,2025-11-06,529.16,
INV-10701,Pinnacle Holdings,2025-06-28,2025-07-28,924.77,EMEA
INV-11035,,2025-06-27,2025-08-26,958.27,EMEA
INV-12808,Meridian Partners,2025-10-05,2025-11-04,699.42,APAC
INV-12833,Silverline Holdings,2025-11-18,2025-12-18,6042.66,EMEA
INV-11178,Silverline Solutions,2025-10-21,2025-11-20,1354.92,EMEA
INV-11955,Meridian Manufacturing,2025-03-24,2025-05-23,866.02,North America
INV-12099,Silverline Partners,2025-07-04,2025-09-02,365.63,EMEA
INV-12948,Atlas Consulting,2025-09-26,2025-11-10,150.0,EMEA
INV-11011,Granite Holdings,2025-04-17,2025-06-16,4844.77,APAC
INV-10464,Bluepeak Group,2025-06-13,2025-07-13,1794.68,North America
INV-10818 ,Ironwood Holdings,2025-12-06,2026-01-05,3296.67,APAC
INV-10450,Silverline Holdings,2025-04-11,2025-06-10,570.61,APAC
INV-11293,Brightpath Partners,2025-11-17,2025-12-17,1472.23,EMEA
INV-11967,Atlas Retail,2025-01-11,2025-01-26,1239.42,EMEA
INV-11004,Sterling Holdings,2025-08-04,2025-10-03,826.96,APAC
INV-10508,Cascade Supply Co.,2025-09-03,2025-10-03,680.21,APAC
INV-12323,Meridian Supply Co.,2025-01-17,2025-03-18,2235.0,North America
INV-11226,Cascade Supply Co.,2025-10-09,2025-11-08,1317.07,APAC
INV-11808,Granite Group,2025-05-15,2025-06-14,2339.87,North America
INV-10071,Redwood Holdings,2025-08-09,2025-08-24,2049.31,APAC
INV-12544,Atlas Logistics,2025-02-06,2025-04-07,1121.44,EMEA
INV-10719,Brightpath Logistics,2025-10-05,2025-10-20,1067.15,EMEA
INV-12571,Granite Supply Co.,2025-05-27,2025-07-11,1532.13,North America
INV-10057,Summit Partners,2025-12-09,2026-02-07,695.55,APAC
INV-12554,Cedar Logistics,2025-03-31,2025-05-15,2102.02,LATAM
INV-12766,Granite Logistics,2025-01-21,2025-02-20,3097.37,LATAM
INV-11488,Cascade Logistics,2025-12-01,2025-12-31,303.47,EMEA
INV-12380,Falcon Manufacturing,2025-12-31,2026-02-14,1871.05,EMEA
INV-11898,Vantage Solutions,2025-01-20,2025-02-19,6240.29,LATAM
INV-12484,Meridian Partners,2025-12-14,2026-01-13,742.49,EMEA
INV-10310,Summit Group,2025-01-27,2025-02-26,1234.01,North America
 INV-11833 ,Falcon Supply Co.,2025-03-30,2025-05-29,3490.58,North America
INV-11534,Cascade Logistics,2025-04-16,2025-06-15,1296.16,LATAM
INV-11558,Anchor Manufacturing,2025-02-03,2025-03-05,718.48,APAC
INV-12663,Pinnacle Industries,2025-08-15,2025-09-14,2533.88,APAC
INV-12363,Cedar Logistics,2025-07-19,2025-09-17,376.11,LATAM
INV-10394,Atlas Manufacturing,2025-04-06,2025-06-05,7694.9,APAC
INV-10434,Northgate Industries,2025-12-16,2026-01-15,2823.66,North America
INV-10424,Pinnacle Solutions,2025-11-06,2025-12-06,3548.97,APAC
INV-10843,Crescent Logistics,2025-08-17,2025-09-16,538.91,EMEA
INV-12003,Cascade Supply Co.,2025-07-02,2025-08-31,725.47,LATAM
INV-12111,Ironwood Industries,2025-08-17,2025-10-16,907.14,LATAM
INV-10472,Brightpath Group,2025-05-04,2025-06-03,186.47,APAC
INV-11477,Harbor Holdings,2025-03-29,2025-04-28,1327.62,EMEA
INV-11079,Cedar Group,2025-11-28,2026-01-12,5714.05,EMEA
INV-12487,Redwood Supply Co.,2025-09-13,2025-11-12,1044.8,EMEA
INV-12536,Summit Consulting,2025-12-19,2026-01-03,1135.04,EMEA
INV-10558,Northgate Industries,2025-01-24,2025-02-23,1002.95,North America
INV-12185,Northgate Retail,2025-01-22,2025-02-06,202.21,APAC
INV-11339,Granite Consulting,2025-03-06,2025-04-05,1043.82,APAC
INV-12705,Union Consulting,2025-10-09,2025-11-08,1852.66,LATAM
INV-12645,Harbor Logistics,2025-03-26,2025-04-25,555.2,LATAM
INV-11584,Summit Logistics,2025-08-10,2025-10-09,1564.8,APAC
INV-12002,Pinnacle Partners,2025-03-01,2025-03-31,1299.76,LATAM
INV-10121,Harbor Partners,2025-06-09,2025-06-24,3016.73,North America
INV-11599,Falcon Manufacturing,2025-01-18,2025-02-02,1508.26,LATAM
INV-10839,Redwood Group,2025-01-26,2025-02-25,3589.94,LATAM
INV-12952,Crescent Industries,2025-08-23,2025-09-07,2979.96,APAC
INV-11834,Atlas Holdings,2025-03-02,2025-04-01,1916.8,EMEA
INV-10314,Anchor Manufacturing,2025-06-26,2025-07-26,3078.38,APAC
INV-10991,Summit Consulting,2025-03-27,2025-04-11,1785.66,APAC
INV-10234,Redwood Group,2025-05-02,2025-06-01,823.5,APAC
INV-11095,Pinnacle Consulting,2025-04-05,2025-05-20,2862.29,EMEA
INV-11375,Cedar Solutions,2025-06-30,2025-07-30,5563.89,APAC
INV-10613,Falcon Holdings,2025-09-16,2025-10-16,1904.49,North America
INV-10643,Summit Holdings,2025-07-14,2025-09-12,1171.88,LATAM
INV-10112,Union Logistics,2025-06-17,2025-07-17,1445.39,APAC
INV-11189,Union Partners,2025-03-18,2025-05-02,2428.54,EMEA
INV-12472,Falcon Retail,2025-05-12,2025-07-11,12425.24,North America
INV-10411,Atlas Manufacturing,2025-09-23,2025-10-23,2808.63,LATAM
INV-10219,Northgate Partners,2025-04-27,2025-06-26,956.4,LATAM
INV-11545,Crescent Manufacturing,2025-05-19,2025-06-18,860.93,EMEA
INV-10565,Silverline Retail,2025-10-03,2025-11-02,4363.77,EMEA
INV-12947,Sterling Manufacturing,2025-01-09,2025-02-23,1598.29,EMEA
INV-12832,Bluepeak Consulting,2025-09-16,2025-10-01,644.18,LATAM
INV-12864,Vantage Partners,2025-02-22,2025-04-08,2733.19,EMEA
INV-12588,Ironwood Partners,2025-06-29,2025-08-28,1233.14,LATAM
INV-10473,Crescent Manufacturing,2025-01-25,2025-02-09,378.54,LATAM
INV-11555,Crescent Group,2025-04-29,2025-05-29,1207.33,APAC
INV-11473,Crescent Consulting,2025-12-21,2026-02-19,1312.1,North America
INV-10806,Granite Supply Co.,2025-07-08,2025-08-22,1120.74,EMEA
INV-10388,Brightpath Solutions,2025-03-04,2025-03-19,8010.86,LATAM
INV-10595,Ironwood Industries,2025-09-03,2025-10-03,3766.06,LATAM
INV-10534,Cascade Holdings,2025-09-21,2025-10-21,497.74,LATAM
INV-10568,Atlas Partners,2025-09-30,2025-10-30,597.48,
INV-11232,Pinnacle Manufacturing,2025-10-03,2025-11-17,431.46,LATAM
INV-10611,Granite Consulting,2025-07-31,2025-08-30,2667.59,North America
INV-11299,Redwood Retail,2025-06-27,2025-07-27,1883.06,EMEA
INV-11000,Vantage Logistics,2025-01-25,2025-03-26,2478.29,LATAM
INV-11481,Crescent Partners,2025-03-09,2025-04-08,2835.98,APAC
INV-11327,Union Partners,2025-08-24,2025-10-23,635.62,EMEA
INV-10136,Summit Supply Co.,2025-05-13,2025-06-12,5972.62,APAC
INV-11492,Redwood Group,2025-11-09,2026-01-08,14799.95,EMEA
INV-12904,Brightpath Retail,2025-10-26,2025-11-25,1991.33,EMEA
INV-11279,Northgate Logistics,2025-11-24,2025-12-24,1759.6,LATAM
INV-12272,Redwood Supply Co.,2025-04-18,2025-05-18,954.79,EMEA
INV-10367,Harbor Solutions,2025-08-13,2025-08-28,1811.09,APAC
INV-11804,Union Logistics,2025-04-13,2025-05-13,379.05,APAC
INV-11188,Meridian Partners,2025-01-09,2025-02-08,1209.34,LATAM
INV-10030,Summit Partners,2025-03-03,2025-04-17,1138.51,North America
INV-12518,Union Partners,2025-05-21,2025-07-20,200.86,EMEA
INV-10023,Atlas Retail,2025-08-05,2025-10-04,1573.06,LATAM
INV-12977,Brightpath Group,2025-04-11,2025-05-11,4616.24,North America
INV-12465,Harbor Consulting,2025-09-24,2025-11-08,3236.48,North America
INV-11449,Brightpath Partners,2025-04-07,2025-04-22,4511.81,EMEA
INV-12459,Crescent Partners,2025-12-05,2026-01-04,2320.91,APAC
INV-10184,Brightpath Industries,2025-06-28,2025-07-28,2285.24,APAC
INV-10868,Anchor Logistics,2025-12-27,2026-02-25,2000.22,North America
INV-10189,Union Industries,2025-06-15,2025-06-30,690.82,
INV-10421,Brightpath Logistics,2025-03-15,2025-04-29,9458.54,North America
INV-10171,Falcon Logistics,2025-08-06,2025-08-21,664.77,EMEA
INV-11557,Sterling Logistics,2025-06-16,2025-07-16,3368.51,North America
INV-10461,Crescent Group,2025-04-15,2025-05-15,8675.45,APAC
INV-10044,Atlas Supply Co.,2025-12-18,2026-02-16,1128.91,LATAM
INV-10088,Cedar Holdings,2025-08-06,2025-09-05,1989.97,LATAM
INV-10773,Anchor Consulting,2025-01-08,2025-02-07,2615.39,North America
INV-11675,Cascade Industries,2025-07-27,2025-08-11,6334.96,LATAM
INV-11398,Harbor Consulting,2025-11-01,2025-12-16,617.42,North America
INV-12852,Granite Holdings,2025-06-25,2025-07-25,3133.8,North America
INV-10283,Silverline Retail,2025-07-15,2025-08-29,6169.76,APAC
INV-11577,Meridian Solutions,2025-04-11,2025-05-11,345.98,APAC
INV-10555,Silverline Solutions,2025-08-22,2025-10-06,2005.89,LATAM
INV-12241,,2025-11-30,2026-01-29,1628.32,LATAM
INV-11296,Silverline Industries,2025-10-08,2025-11-07,1354.24,EMEA
INV-10258,Redwood Retail,2025-07-09,2025-09-07,782.97,LATAM
INV-10788,Brightpath Industries,2025-03-02,2025-03-17,2237.83,
INV-12611,Summit Partners,2025-02-28,2025-03-30,2660.77,LATAM
INV-11382,Northgate Group,2025-04-20,2025-05-20,954.21,APAC
INV-10808,Granite Consulting,2025-07-29,2025-08-13,962.11,APAC
INV-11242,Falcon Industries,2025-04-04,2025-06-03,1232.47,LATAM
INV-11223,Bluepeak Supply Co.,2025-02-14,2025-03-16,2618.61,APAC
INV-12469,Redwood Logistics,2025-05-05,2025-06-04,2738.04,North America
INV-12374,Ironwood Supply Co.,2025-02-24,2025-03-26,2325.3,EMEA
INV-12408,Harbor Consulting,2025-08-14,2025-09-13,3123.66,LATAM
INV-12128,Vantage Solutions,2025-02-17,2025-03-04,4035.52,EMEA
INV-10728,Cascade Group,2025-10-21,2025-11-20,2023.98,North America
INV-12740,Harbor Manufacturing,2025-04-07,2025-05-22,3192.56,North America
INV-12849,Pinnacle Solutions,2025-07-12,2025-08-11,856.55,EMEA
INV-12600,Ironwood Manufacturing,2025-03-24,2025-05-23,950.78,LATAM
INV-12695,Summit Retail,2025-06-28,2025-07-13,1999.14,LATAM
INV-12207,,2025-04-30,2025-05-30,5629.1,North America
INV-11765,Sterling Manufacturing,2025-11-27,2025-12-12,1186.24,EMEA
INV-11624,Bluepeak Manufacturing,2025-06-04,2025-07-04,811.33,EMEA
INV-10222,Silverline Solutions,2025-01-24,2025-02-23,275.74,APAC
INV-12568,Northgate Partners,2025-07-28,2025-08-27,2659.84,North America
INV-12888,Brightpath Partners,2025-08-25,2025-09-24,5164.19,LATAM
INV-12668,Meridian Supply Co.,2025-04-07,2025-05-22,488.2,EMEA
INV-12865,Sterling Logistics,2025-04-16,2025-06-15,2138.26,LATAM
INV-12853,Falcon Solutions,2025-03-23,2025-05-07,547.64,North America
INV-11414,Falcon Partners,2025-02-27,2025-04-28,10388.99,EMEA
INV-10194,Sterling Logistics,2025-05-28,2025-06-27,502.61,North America
INV-11656,Cedar Group,2025-01-20,2025-03-21,1134.72,APAC
INV-11764,Northgate Logistics,2025-08-31,2025-09-30,350.1,LATAM
INV-11642,Harbor Holdings,2025-07-12,2025-09-10,5276.4,EMEA
INV-10273,Atlas Supply Co.,2025-01-09,2025-02-08,4216.87,North America
INV-10522,Sterling Retail,2025-05-27,2025-07-26,2413.96,North America
INV-11772,Crescent Manufacturing,2025-03-17,2025-04-16,6805.91,
INV-11062,Cedar Group,2025-03-07,2025-03-22,150.0,APAC
INV-10811,Silverline Retail,2025-02-23,2025-03-25,1251.15,EMEA
INV-12858,Atlas Logistics,2025-12-21,2026-01-20,1202.94,APAC
INV-12009,Summit Partners,2025-08-02,2025-08-17,2679.33,
INV-10928,Falcon Holdings,2025-09-01,2025-10-01,2078.68,North America
INV-11323,Brightpath Consulting,2025-05-17,2025-06-16,1389.29,LATAM
INV-12331,Ironwood Industries,2025-04-16,2025-05-16,1136.18,APAC
INV-10963,Union Industries,2025-05-13,2025-06-12,1766.7,LATAM
INV-12610,Summit Partners,2025-09-19,2025-10-19,4662.88,APAC
INV-11037,Harbor Consulting,2025-11-26,2025-12-26,491.18,LATAM
INV-11125,Falcon Holdings,2025-12-13,2026-02-11,6438.74,North America
INV-11196,Falcon Solutions,2025-08-06,2025-09-05,2200.47,LATAM
INV-11111,Northgate Consulting,2025-10-03,2025-12-02,1246.86,North America
INV-10169,Redwood Supply Co.,2025-12-28,2026-01-27,1186.96,North America
INV-11114,Pinnacle Manufacturing,2025-01-28,2025-02-27,2312.57,North America
INV-12189,Bluepeak Manufacturing,2025-01-24,2025-02-23,1005.94,North America
INV-12829,Atlas Holdings,2025-10-23,2025-11-22,3485.28,LATAM
INV-11770,Meridian Manufacturing,2025-06-06,2025-07-06,2431.68,EMEA
INV-11254,Harbor Industries,2025-03-03,2025-05-02,2072.79,LATAM
INV-12250,Redwood Consulting,2025-08-29,2025-09-28,3393.05,APAC
INV-10953,Summit Manufacturing,2025-08-05,2025-09-04,479.92,LATAM
INV-10368,Ironwood Holdings,2025-12-13,2026-02-11,1497.17,LATAM
INV-10790,Anchor Industries,2025-12-31,2026-02-14,332.0,LATAM
INV-12291,Cascade Solutions,2025-02-13,2025-03-15,7079.86,APAC
INV-10898,Cascade Partners,2025-08-07,2025-08-22,1689.25,LATAM
INV-11948,Bluepeak Manufacturing,2025-12-17,2026-01-01,1441.82,
INV-10352,Falcon Partners,2025-06-23,2025-08-22,5584.89,APAC
INV-11399,Sterling Manufacturing,2025-04-24,2025-05-24,4360.63,LATAM
INV-12474,Brightpath Industries,2025-02-16,2025-04-17,427.12,EMEA
INV-10830,Union Industries,2025-03-31,2025-04-15,1148.71,LATAM
INV-12780,Redwood Supply Co.,2025-02-28,2025-03-30,2279.01,North America
INV-12707,Northgate Logistics,2025-02-12,2025-03-29,1686.48,EMEA
INV-12771,Cascade Supply Co.,2025-05-06,2025-07-05,1229.95,North America
INV-10499,Harbor Solutions,2025-08-03,2025-09-02,673.13,EMEA
INV-12078,Cascade Holdings,2025-12-20,2026-02-18,4374.27,LATAM
INV-10211,Cedar Industries,2025-01-19,2025-02-18,2474.52,APAC
INV-11180,Meridian Group,2025-11-03,2025-12-18,548.27,APAC
INV-11739,Crescent Supply Co.,2025-08-21,2025-09-20,3481.7,LATAM
INV-10228,Pinnacle Holdings,2025-11-23,2025-12-23,561.17,APAC
INV-10366,Northgate Manufacturing,2025-03-20,2025-04-19,1031.64,EMEA
INV-10603,Ironwood Manufacturing,2025-06-01,2025-07-01,3237.79,APAC
INV-12217,Falcon Partners,2025-08-07,2025-10-06,999.2,APAC
INV-12127,Harbor Solutions,2025-12-31,2026-01-30,511.46,North America
INV-12223,Redwood Group,2025-06-21,2025-07-06,2892.2,North America
INV-11403,Silverline Industries,2025-12-24,2026-01-23,4303.28,LATAM
INV-10408,Northgate Consulting,2025-03-05,2025-04-04,1302.26,LATAM
INV-12975,Cascade Supply Co.,2025-09-15,2025-11-14,3361.78,EMEA
INV-10966,Harbor Consulting,2025-12-10,2026-01-09,5410.55,APAC
INV-12253,Ironwood Manufacturing,2025-08-05,2025-09-04,400.99,EMEA
INV-12246,Crescent Supply Co.,2025-04-06,2025-05-06,1626.07,North America
 INV-12423 ,Vantage Solutions,2025-11-30,2025-12-30,1204.17,EMEA
INV-12499,Meridian Industries,2025-05-25,2025-07-24,3014.94,LATAM
INV-10008,Summit Supply Co.,2025-09-21,2025-10-21,2953.34,LATAM
INV-12415,Falcon Industries,2025-04-11,2025-05-11,3699.29,North America
INV-11230,Cedar Industries,2025-10-14,2025-10-29,10823.45,APAC
INV-12811,Union Logistics,2025-10-05,2025-11-04,1332.63,APAC
INV-10416,Summit Manufacturing,2025-12-20,2026-01-19,754.73,LATAM
INV-12686,Vantage Manufacturing,2025-08-07,2025-09-06,1967.54,APAC
INV-10696,Bluepeak Consulting,2025-12-27,2026-01-11,1120.36,North America
INV-10890,Anchor Industries,2025-03-24,2025-05-23,4015.16,North America
INV-12706,Atlas Partners,2025-09-30,2025-11-14,3791.74,LATAM
INV-10200,Silverline Partners,2025-09-05,2025-10-05,529.18,LATAM
INV-10284,Summit Solutions,2025-08-21,2025-10-05,485.88,North America
INV-10232,Redwood Supply Co.,2025-12-20,2026-01-19,1798.69,APAC
INV-12770,Pinnacle Partners,2025-05-15,2025-07-14,1240.39,North America
INV-11378,Falcon Solutions,2025-07-12,2025-08-26,3774.09,APAC
INV-10097 ,Granite Consulting,2025-03-12,2025-04-11,1932.38,LATAM
INV-11374,Summit Group,2025-09-16,2025-10-16,346.47,LATAM
INV-12586,Pinnacle Holdings,2025-07-02,2025-07-17,842.94,APAC
INV-12882,Ironwood Manufacturing,2025-06-12,2025-07-12,219.5,EMEA
INV-11256,Union Logistics,2025-12-12,2026-01-11,498.36,
INV-11767,Redwood Consulting,2025-07-30,2025-09-13,10444.68,APAC
INV-12754,Atlas Solutions,2025-08-18,2025-09-17,1292.39,APAC
INV-12881,Northgate Logistics,2025-10-21,2025-12-20,197.47,LATAM
INV-12604,Meridian Consulting,2025-03-09,2025-03-24,507.4,North America
INV-11426,Sterling Manufacturing,2025-02-25,2025-03-12,252.21,LATAM
INV-12398,Cascade Manufacturing,2025-11-19,2025-12-04,599.71,LATAM
INV-10105,Cedar Group,2025-09-06,2025-09-21,1280.29,APAC
INV-11284,Ironwood Partners,2025-07-31,2025-08-30,3501.8,North America
INV-11996,Harbor Industries,2025-11-10,2025-12-10,3878.23,APAC
INV-11030,Harbor Solutions,2025-09-07,2025-09-22,589.62,LATAM
INV-11371,Bluepeak Consulting,2025-02-24,2025-04-25,1266.93,
INV-12270,Northgate Group,2025-05-15,2025-05-30,1375.58,EMEA
INV-12467,Bluepeak Group,2025-12-11,2026-01-25,744.75,EMEA
INV-10227,Granite Consulting,2025-10-26,2025-11-25,1568.46,LATAM
INV-12435,Union Retail,2025-12-24,2026-01-23,1813.07,EMEA
INV-12313,Ironwood Group,2025-06-06,2025-08-05,1820.86,LATAM
INV-11081,Pinnacle Group,2025-07-15,2025-08-14,1081.62,APAC
INV-11603,Anchor Industries,2025-05-06,2025-06-05,827.68,APAC
INV-11641,Cascade Holdings,2025-12-29,2026-01-13,1512.92,EMEA
INV-11129,Northgate Industries,2025-04-18,2025-06-17,1397.27,EMEA
INV-10652,Redwood Logistics,2025-10-20,2025-12-04,4080.23,LATAM
INV-11104,Redwood Retail,2025-07-17,2025-08-16,1305.54,APAC
INV-12816,Cedar Industries,2025-11-21,2025-12-21,3080.16,North America
INV-12137,Redwood Supply Co.,2025-12-22,2026-01-21,1622.41,LATAM
INV-10465,Summit Partners,2025-05-17,2025-06-16,1337.96,EMEA
INV-12354,Northgate Retail,2025-12-10,2026-02-08,432.96,LATAM
INV-11252,Cedar Industries,2025-10-04,2025-10-19,3134.35,APAC
INV-12169,Redwood Logistics,2025-06-07,2025-07-07,1199.17,North America
INV-10694,Cedar Group,2025-10-31,2025-11-30,2576.9,North America
INV-11611,Atlas Manufacturing,2025-05-27,2025-06-26,1138.39,EMEA
INV-12085,Atlas Partners,2025-08-09,2025-08-24,901.91,North America
INV-10213,Crescent Group,2025-01-08,2025-03-09,3493.3,LATAM
INV-10013,Sterling Holdings,2025-12-11,2026-02-09,1840.45,North America
INV-12922,Falcon Retail,2025-05-17,2025-06-01,2894.32,LATAM
INV-10423,Falcon Manufacturing,2025-07-05,2025-08-04,1183.15,North America
INV-12799,Crescent Partners,2025-09-24,2025-11-23,1070.98,LATAM
INV-12755,Summit Solutions,2025-07-04,2025-08-18,1384.99,North America
INV-12657,Cedar Solutions,2025-02-12,2025-04-13,554.05,APAC
INV-10742,Pinnacle Holdings,2025-01-24,2025-02-08,467.96,North America
INV-10832,Cascade Retail,2025-02-18,2025-03-20,647.56,EMEA
INV-11831,Redwood Solutions,2025-06-09,2025-08-08,2800.05,EMEA
INV-11625,Cedar Group,2025-07-14,2025-09-12,7990.18,LATAM
INV-10510,Vantage Manufacturing,2025-07-22,2025-08-21,700.75,APAC
INV-10645,Cascade Solutions,2025-01-03,2025-02-02,1186.58,APAC
INV-10598,Redwood Solutions,2025-06-07,2025-07-07,613.46,LATAM
INV-10908,Northgate Industries,2025-02-13,2025-04-14,2897.57,LATAM
INV-10745,Summit Group,2025-11-29,2025-12-29,2358.76,APAC
INV-12358,Northgate Holdings,2025-04-01,2025-05-01,1684.21,LATAM
INV-12890,Meridian Group,2025-06-22,2025-08-21,2089.52,North America
INV-10519,Union Retail,2025-12-15,2026-01-14,1618.73,EMEA
INV-11065,Crescent Supply Co.,2025-08-20,2025-09-19,1068.28,LATAM
INV-10574,Brightpath Logistics,2025-01-23,2025-02-22,1215.38,EMEA
INV-12743,Vantage Partners,2025-06-11,2025-06-26,1539.42,North America
INV-12188,Cascade Industries,2025-06-29,2025-08-28,1164.46,APAC
INV-12634,Sterling Holdings,2025-12-27,2026-01-26,1958.98,North America
INV-12915,Redwood Supply Co.,2025-06-09,2025-08-08,2743.41,EMEA
INV-12141,Summit Holdings,2025-01-21,2025-03-07,1716.92,North America
INV-10124,,2025-12-23,2026-01-22,419.19,North America
INV-12762,Ironwood Consulting,2025-05-24,2025-07-08,717.75,APAC
INV-10221,Ironwood Logistics,2025-03-27,2025-05-26,11886.91,North America
INV-12926,Summit Retail,2025-01-28,2025-02-27,1857.55,APAC
INV-10359,Vantage Supply Co.,2025-12-10,2026-02-08,1979.2,North America
INV-10762,Meridian Holdings,2025-10-29,2025-12-28,1652.11,APAC
INV-12669,Northgate Group,2025-11-28,2025-12-28,2433.46,APAC
INV-10406,Falcon Industries,2025-05-10,2025-05-25,2719.3,APAC
INV-10260,Meridian Supply Co.,2025-12-02,2025-12-17,2972.54,LATAM
INV-12789,Meridian Manufacturing,2025-09-26,2025-10-26,981.9,EMEA
INV-12030,Northgate Partners,2025-11-19,2025-12-19,951.01,North America
INV-12409,Northgate Group,2025-03-21,2025-04-20,3072.53,LATAM
INV-12546,Granite Manufacturing,2025-08-03,2025-09-02,2185.64,LATAM
INV-11890,Anchor Holdings,2025-06-14,2025-06-29,1461.17,North America
INV-12424,Crescent Logistics,2025-05-05,2025-06-04,1423.5,APAC
INV-12850,Ironwood Group,2025-04-03,2025-05-03,911.22,EMEA
INV-11511,Cedar Logistics,2025-05-11,2025-05-26,529.79,APAC
INV-11012,Vantage Industries,2025-05-01,2025-05-16,1768.42,North America
INV-12734,Union Industries,2025-12-01,2026-01-30,670.6,LATAM
INV-12341,Summit Solutions,2025-05-08,2025-06-07,2776.5,LATAM
INV-10457,Sterling Manufacturing,2025-11-18,2026-01-02,1344.36,APAC
INV-10463,Cascade Group,2025-03-08,2025-04-07,788.59,North America
INV-12513,Union Logistics,2025-08-26,2025-10-25,2425.99,APAC
INV-12178,Granite Consulting,2025-01-15,2025-02-14,1748.07,North America
INV-11652,Meridian Consulting,2025-11-11,2026-01-10,1984.69,LATAM
INV-10382,Brightpath Industries,2025-06-13,2025-06-28,863.11,EMEA
INV-10287,Bluepeak Supply Co.,2025-06-23,2025-07-23,1349.97,LATAM
INV-12088,Cascade Group,2025-03-19,2025-05-18,1295.95,North America
INV-12493,Redwood Manufacturing,2025-03-20,2025-05-19,949.74,EMEA
INV-11851,Northgate Manufacturing,2025-12-11,2025-12-26,827.49,APAC
INV-11443,Vantage Supply Co.,2025-06-08,2025-08-07,1742.23,EMEA
INV-11908,Atlas Solutions,2025-10-24,2025-11-08,536.95,APAC
INV-12191,Atlas Retail,2025-03-13,2025-05-12,351.32,APAC
INV-10931,Cascade Solutions,2025-03-10,2025-04-09,898.14,APAC
INV-12294,Summit Solutions,2025-08-19,2025-09-18,715.2,LATAM
INV-11243,Brightpath Solutions,2025-04-13,2025-05-13,876.98,APAC
INV-11038,Anchor Industries,2025-09-11,2025-10-11,396.26,LATAM
INV-11437,Summit Logistics,2025-03-19,2025-04-18,1183.44,EMEA
INV-12376,Pinnacle Holdings,2025-07-19,2025-08-18,5451.52,EMEA
INV-12303,Crescent Supply Co.,2025-12-28,2026-02-11,1047.78,APAC
INV-11608,Falcon Supply Co.,2025-01-19,2025-03-20,6388.22,APAC
INV-11937,Brightpath Group,2025-06-10,2025-07-10,1860.06,LATAM
INV-10543,Sterling Group,2025-11-11,2025-12-11,2384.69,EMEA
INV-11953,Meridian Supply Co.,2025-05-21,2025-06-05,655.13,LATAM
INV-12000,Granite Group,2025-04-04,2025-04-19,757.17,APAC
INV-12245,Granite Holdings,2025-07-01,2025-07-31,6345.44,LATAM
INV-12907,Meridian Supply Co.,2025-10-23,2025-11-22,1017.83,APAC
INV-11763,Redwood Retail,2025-08-02,2025-10-01,1584.29,
INV-12437,Vantage Supply Co.,2025-12-23,2026-01-22,1315.11,LATAM
INV-10882,Crescent Partners,2025-02-25,2025-04-26,918.02,North America
INV-12379,Crescent Solutions,2025-06-04,2025-07-19,1020.33,North America
INV-11873,Falcon Partners,2025-02-20,2025-04-21,1121.89,North America
INV-12912,Vantage Industries,2025-01-31,2025-03-02,2043.89,EMEA
INV-12861,Cascade Group,2025-09-11,2025-10-11,917.73,LATAM
INV-11815,Harbor Partners,2025-05-13,2025-06-12,1162.49,North America
INV-12971,Northgate Holdings,2025-05-25,2025-07-09,264.8,North America
INV-12805,Falcon Supply Co.,2025-07-06,2025-07-21,1358.43,APAC
INV-11107,Atlas Manufacturing,2025-06-14,2025-07-29,2569.58,North America
INV-10436,Sterling Consulting,2025-03-22,2025-05-21,1582.38,APAC
INV-12322,Silverline Holdings,2025-02-23,2025-04-24,2984.07,EMEA
INV-10238,Crescent Industries,2025-05-27,2025-06-26,1750.77,EMEA
INV-11026,Sterling Retail,2025-12-23,2026-02-21,2192.27,EMEA
INV-10110,Northgate Solutions,2025-08-25,2025-09-24,1384.37,APAC
INV-12070,Northgate Industries,2025-03-01,2025-03-31,3407.02,LATAM
INV-10164,Cascade Industries,2025-04-17,2025-06-16,707.25,APAC
INV-10289,Falcon Holdings,2025-12-07,2026-01-06,1906.25,EMEA
INV-10253,Cascade Manufacturing,2025-11-09,2025-12-09,9996.0,LATAM
INV-12010,Redwood Holdings,2025-12-13,2025-12-28,3442.02,North America
INV-11583,Anchor Holdings,2025-02-26,2025-03-28,593.34,EMEA
INV-12115,Harbor Logistics,2025-04-20,2025-05-05,2883.45,APAC
INV-11666,Meridian Holdings,2025-10-11,2025-10-26,1450.14,EMEA
INV-11147,Ironwood Manufacturing,2025-03-13,2025-04-27,551.89,APAC
INV-12876,Ironwood Group,2025-01-05,2025-02-04,652.81,APAC
INV-11438,Union Logistics,2025-02-14,2025-04-15,6289.34,EMEA
INV-12349,Summit Consulting,2025-04-17,2025-06-01,2763.16,LATAM
INV-12675,Summit Consulting,2025-01-07,2025-03-08,597.23,EMEA
INV-10870,Northgate Consulting,2025-03-22,2025-05-21,9037.92,LATAM
INV-11175,Harbor Solutions,2025-10-30,2025-11-29,751.02,North America
INV-11424,Ironwood Group,2025-08-27,2025-10-26,695.56,North America
INV-12607,Ironwood Group,2025-08-08,2025-09-22,858.97,LATAM
INV-12416,Falcon Holdings,2025-01-07,2025-02-21,1890.03,LATAM
INV-10462,Northgate Industries,2025-06-13,2025-08-12,1528.03,LATAM
INV-10820,Summit Retail,2025-06-12,2025-07-12,3861.97,EMEA
INV-11463,Harbor Industries,2025-01-22,2025-02-21,1226.45,LATAM
INV-10158,Falcon Partners,2025-10-23,2025-12-22,2267.54,EMEA
INV-12382,Silverline Industries,2025-12-14,2026-02-12,625.51,APAC
INV-11863,Anchor Logistics,2025-03-03,2025-04-02,3023.41,LATAM
INV-10678,Sterling Group,2025-02-20,2025-03-22,7165.57,EMEA
INV-11771,Granite Logistics,2025-09-05,2025-10-05,1539.55,North America
INV-10863,Crescent Partners,2025-09-27,2025-10-27,5959.58,APAC
INV-10239,Pinnacle Manufacturing,2025-11-22,2025-12-22,815.98,EMEA
INV-11564,Silverline Partners,2025-05-03,2025-06-17,3280.14,EMEA
INV-12637,Meridian Industries,2025-01-23,2025-02-22,1757.37,LATAM
INV-12011,Northgate Holdings,2025-05-26,2025-07-25,348.35,LATAM
INV-10101,Northgate Group,2025-07-19,2025-09-02,414.12,LATAM
INV-10316,Anchor Logistics,2025-01-24,2025-02-23,1508.55,North America
INV-10846,Crescent Supply Co.,2025-05-24,2025-06-23,2305.85,LATAM
INV-11433,Crescent Industries,2025-06-27,2025-08-26,3211.28,APAC
INV-12959,Meridian Consulting,2025-07-13,2025-09-11,4113.62,APAC
INV-11617,Silverline Retail,2025-09-06,2025-10-06,1936.97,North America
INV-10262,Ironwood Holdings,2025-08-16,2025-09-15,1403.08,APAC
INV-12420,Meridian Industries,2025-10-17,2025-11-16,448.62,
INV-12961,Atlas Supply Co.,2025-09-27,2025-10-27,704.82,APAC
INV-10196,Vantage Industries,2025-06-09,2025-07-24,2093.9,LATAM
INV-12984,Harbor Manufacturing,2025-08-02,2025-09-16,1919.56,
INV-12503,Redwood Manufacturing,2025-05-30,2025-06-29,1098.63,EMEA
INV-11766,Granite Consulting,2025-02-02,2025-02-17,693.03,APAC
INV-10180,Bluepeak Consulting,2025-12-11,2026-01-10,17122.56,North America
INV-12333,Vantage Partners,2025-11-06,2025-12-21,377.63,EMEA
INV-12271,Anchor Manufacturing,2025-07-14,2025-09-12,2024.16,APAC
INV-10841,Sterling Consulting,2025-12-16,2026-01-15,1415.85,APAC
INV-10341,Vantage Partners,2025-09-17,2025-10-02,706.27,LATAM
INV-12809,Pinnacle Holdings,2025-02-28,2025-03-30,3373.99,LATAM
INV-11191 ,Brightpath Partners,2025-02-17,2025-03-19,1627.56,North America
INV-10749,Northgate Partners,2025-08-08,2025-10-07,853.75,North America
INV-11092,Falcon Supply Co.,2025-11-17,2026-01-01,1431.53,LATAM
INV-10663,Anchor Logistics,2025-06-10,2025-07-10,1437.3,APAC
INV-10481,Brightpath Retail,2025-11-16,2026-01-15,1319.32,EMEA
INV-12352,Ironwood Group,2025-07-23,2025-08-07,2579.38,APAC
INV-12305,Harbor Partners,2025-07-26,2025-08-25,8920.44,North America
INV-12452,Redwood Consulting,2025-06-22,2025-07-22,700.2,APAC
INV-12782,Meridian Solutions,2025-11-24,2025-12-24,824.86,North America
INV-10550,Brightpath Holdings,2025-10-21,2025-12-05,859.55,EMEA
INV-12986,Bluepeak Retail,2025-10-07,2025-11-06,623.88,LATAM
INV-10784,Sterling Consulting,2025-12-08,2026-02-06,2564.52,North America
INV-12726,Vantage Solutions,2025-01-06,2025-02-05,1485.23,LATAM
INV-10743,Brightpath Logistics,2025-03-05,2025-04-04,843.59,LATAM
INV-12431,Cedar Industries,2025-12-21,2026-01-20,2460.56,LATAM
INV-11736,Meridian Group,2025-11-28,2025-12-13,345.61,LATAM
INV-12196,Crescent Partners,2025-12-21,2026-01-20,815.84,LATAM
INV-11420,Crescent Group,2025-10-08,2025-11-07,2338.0,North America
INV-12371,Cascade Supply Co.,2025-06-17,2025-07-17,1286.51,EMEA
INV-11840,Pinnacle Manufacturing,2025-08-29,2025-09-13,1227.45,North America
INV-10770,Brightpath Partners,2025-07-04,2025-08-03,7691.39,LATAM
INV-11238,Summit Partners,2025-12-25,2026-01-24,899.44,APAC
 INV-10248 ,Vantage Industries,2025-02-16,2025-03-18,822.22,APAC
INV-10860,Granite Supply Co.,2025-10-16,2025-11-15,2616.62,APAC
INV-11150,Cascade Logistics,2025-10-30,2025-11-29,690.72,APAC
INV-12738,Crescent Consulting,2025-05-03,2025-06-02,2014.46,North America
INV-10627,Silverline Retail,2025-10-17,2025-11-01,607.5,North America
INV-10348,Sterling Consulting,2025-02-13,2025-03-30,417.08,North America
INV-10279,Pinnacle Logistics,2025-09-03,2025-10-03,1576.28,North America
INV-11816,Northgate Retail,2025-03-16,2025-04-15,663.76,EMEA
INV-12296,Cedar Holdings,2025-07-15,2025-07-30,2369.09,LATAM
INV-10656,Anchor Industries,2025-06-03,2025-07-03,1561.34,APAC
INV-12471,Summit Supply Co.,2025-06-17,2025-07-17,3888.12,EMEA
INV-11345,Falcon Logistics,2025-10-18,2025-11-17,3479.34,APAC
INV-12642 ,Harbor Holdings,2025-05-29,2025-06-13,1216.53,North America
INV-12857,Sterling Group,2025-06-17,2025-07-17,775.78,North America
INV-11042,Sterling Supply Co.,2025-08-16,2025-09-30,979.46,North America
INV-11740,Northgate Retail,2025-04-05,2025-05-05,6901.9,North America
INV-10946,Meridian Holdings,2025-05-26,2025-06-10,565.06,North America
INV-12576,Silverline Retail,2025-05-06,2025-07-05,544.15,North America
INV-10446,Silverline Solutions,2025-08-10,2025-09-24,2704.59,North America
INV-10618,Union Partners,2025-04-02,2025-04-17,2844.63,EMEA
INV-13000,Brightpath Group,2025-02-01,2025-02-16,1287.25,North America
INV-11094,Vantage Supply Co.,2025-12-29,2026-01-28,1551.15,EMEA
INV-11091,Ironwood Supply Co.,2025-01-21,2025-02-20,1387.92,North America
INV-11152,Vantage Holdings,2025-07-07,2025-08-06,213.14,APAC
INV-11592,Pinnacle Group,2025-02-13,2025-03-15,150.0,LATAM
INV-12921,Pinnacle Holdings,2025-05-04,2025-05-19,775.15,EMEA
INV-10548,Redwood Solutions,2025-09-28,2025-11-27,1233.07,North America
INV-11806,Granite Supply Co.,2025-10-27,2025-11-26,355.77,LATAM
INV-12507,Falcon Retail,2025-02-19,2025-03-21,18000.0,EMEA
INV-10913,Sterling Consulting,2025-03-03,2025-04-02,1852.79,EMEA
INV-10264,Redwood Partners,2025-02-01,2025-03-03,588.78,EMEA
INV-11272,Brightpath Industries,2025-08-19,2025-10-18,2561.18,APAC
INV-12644,Cascade Group,2025-12-17,2026-01-31,823.13,North America
INV-11848,Redwood Logistics,2025-04-09,2025-05-09,678.88,North America
INV-10354,Brightpath Holdings,2025-05-26,2025-06-25,1281.84,APAC
INV-12584,Cascade Group,2025-04-22,2025-05-22,4452.46,North America
INV-10209,Falcon Retail,2025-01-23,2025-02-22,2353.23,LATAM
INV-10614,Granite Holdings,2025-11-13,2026-01-12,537.57,LATAM
INV-11802,Summit Retail,2025-01-04,2025-02-03,1401.65,LATAM
INV-10965,Sterling Group,2025-06-25,2025-08-24,1365.45,
INV-12721,Ironwood Logistics,2025-09-28,2025-11-27,8593.33,LATAM
INV-12020,Cedar Holdings,2025-07-24,2025-08-23,485.25,EMEA
INV-11160,Cedar Group,2025-09-23,2025-10-23,1105.06,LATAM
INV-12549,Harbor Supply Co.,2025-12-17,2026-01-31,3711.7,North America
INV-11965,Pinnacle Group,2025-04-12,2025-04-27,2440.71,APAC
INV-10058,Meridian Consulting,2025-03-23,2025-05-22,1120.7,LATAM
INV-12308,Harbor Industries,2025-08-31,2025-09-30,1255.29,LATAM
INV-10812,Sterling Retail,2025-08-03,2025-09-02,996.49,EMEA
INV-12683,Falcon Logistics,2025-01-23,2025-02-07,1100.47,APAC
INV-10562,Bluepeak Retail,2025-07-15,2025-08-14,9584.1,LATAM
INV-12072,Meridian Industries,2025-05-28,2025-07-27,4503.08,LATAM
INV-10230,Summit Group,2025-12-13,2026-01-27,2728.86,North America
INV-12526,Northgate Manufacturing,2025-11-03,2026-01-02,2285.68,North America
INV-12898,Northgate Consulting,2025-02-23,2025-03-25,6989.94,EMEA
INV-12375,Granite Manufacturing,2025-01-08,2025-02-07,4046.71,North America
INV-11006,Brightpath Retail,2025-02-23,2025-04-09,2109.35,APAC
INV-12720,Granite Group,2025-03-18,2025-04-17,1654.4,EMEA
INV-12593,Falcon Holdings,2025-08-29,2025-09-28,1398.4,APAC
INV-12814,Meridian Group,2025-02-23,2025-03-10,1108.63,LATAM
INV-12685,Atlas Industries,2025-01-01,2025-01-31,2001.3,EMEA
INV-12182,Ironwood Industries,2025-11-22,2026-01-06,1073.09,EMEA
INV-12528,Bluepeak Consulting,2025-01-21,2025-02-20,2555.91,EMEA
INV-10708,Meridian Supply Co.,2025-10-12,2025-11-11,7181.87,APAC
INV-10425,Anchor Industries,2025-07-10,2025-08-09,2646.09,EMEA
INV-10070,Ironwood Manufacturing,2025-09-24,2025-11-08,828.31,APAC
INV-10872,Sterling Consulting,2025-04-25,2025-06-24,721.64,LATAM
INV-11069,Cedar Holdings,2025-12-11,2026-01-10,971.72,APAC
INV-11718,Granite Industries,2025-04-10,2025-06-09,1757.15,APAC
INV-11923,Ironwood Holdings,2025-05-12,2025-07-11,563.71,LATAM
INV-11209,Crescent Consulting,2025-04-28,2025-05-28,418.91,North America
INV-12598,Pinnacle Partners,2025-04-08,2025-05-08,1790.33,EMEA
INV-11090,Bluepeak Group,2025-01-03,2025-02-02,1240.52,EMEA
INV-11832,Meridian Partners,2025-08-15,2025-09-29,1826.02,APAC
INV-10621,Pinnacle Holdings,2025-07-11,2025-08-10,726.74,EMEA
 INV-11495 ,Pinnacle Consulting,2025-07-08,2025-08-07,5930.71,LATAM
INV-11222,Crescent Partners,2025-05-03,2025-07-02,1956.36,EMEA
INV-11884,Meridian Supply Co.,2025-12-28,2026-01-27,868.51,LATAM
INV-11056,Atlas Solutions,2025-08-23,2025-09-22,808.79,North America
INV-12779,Cascade Industries,2025-11-06,2025-12-06,1400.26,LATAM
INV-12081,Ironwood Holdings,2025-09-10,2025-10-10,1481.0,EMEA
INV-10933,Cascade Industries,2025-04-07,2025-05-07,402.13,LATAM
INV-12682,Northgate Holdings,2025-11-18,2026-01-02,1127.95,North America
INV-11422,Sterling Retail,2025-05-11,2025-06-10,3886.47,APAC
INV-10280,Cascade Solutions,2025-09-09,2025-11-08,1046.51,North America
INV-11504,Crescent Solutions,2025-09-24,2025-11-23,1475.81,LATAM
INV-11533,Sterling Holdings,2025-06-17,2025-07-17,1980.0,EMEA
INV-10930,Sterling Holdings,2025-09-09,2025-11-08,1395.24,EMEA
INV-11585,Union Industries,2025-12-31,2026-01-30,2177.5,LATAM
INV-12866,Summit Retail,2025-08-17,2025-09-16,1122.12,APAC
INV-10554,Cascade Group,2025-08-21,2025-09-20,1861.2,LATAM
INV-10835,Atlas Manufacturing,2025-12-18,2026-02-16,1434.8,APAC
INV-12941,Redwood Supply Co.,2025-04-06,2025-05-06,3629.73,EMEA
INV-10597,Bluepeak Manufacturing,2025-07-14,2025-08-13,1161.09,APAC
INV-12723,Vantage Industries,2025-11-27,2026-01-26,570.77,APAC
INV-10803,Silverline Holdings,2025-06-17,2025-07-02,1614.06,LATAM
INV-12152,Harbor Supply Co.,2025-02-15,2025-04-01,6603.29,LATAM
INV-10310,Summit Group,2025-01-27,2025-02-26,1246.72,North America
INV-12737,Brightpath Industries,2025-02-09,2025-03-11,1094.85,North America
INV-10441,Anchor Logistics,2025-02-03,2025-03-05,2091.55,LATAM
INV-10509,Redwood Group,2025-05-28,2025-06-12,1546.38,LATAM
INV-10077,Falcon Supply Co.,2025-10-08,2025-10-23,1600.93,APAC
INV-11939,Cascade Industries,2025-02-24,2025-03-26,3933.2,APAC
INV-10650,Harbor Solutions,2025-01-07,2025-02-06,2769.95,LATAM
INV-10523,Granite Consulting,2025-11-30,2026-01-14,815.37,North America
INV-12457,Silverline Manufacturing,2025-12-25,2026-01-24,904.69,LATAM
INV-12108,Silverline Holdings,2025-08-03,2025-09-02,2629.51,APAC
INV-12914,Redwood Manufacturing,2025-02-23,2025-03-25,2928.16,APAC
INV-10655,Redwood Partners,2025-03-27,2025-04-26,15003.28,LATAM
INV-12125,Brightpath Group,2025-06-17,2025-08-01,1510.54,EMEA
INV-12540,Anchor Industries,2025-11-15,2025-12-15,1555.33,APAC
INV-11503,Harbor Holdings,2025-03-08,2025-04-22,708.83,LATAM
INV-11682,Crescent Solutions,2025-02-24,2025-03-11,1448.41,EMEA
INV-10631,Redwood Manufacturing,2025-06-11,2025-06-26,322.72,EMEA
INV-11841,Ironwood Group,2025-02-03,2025-03-05,1318.59,North America
INV-11537,Summit Consulting,2025-06-20,2025-07-20,2350.16,North America
INV-12548,Bluepeak Manufacturing,2025-05-19,2025-06-03,890.43,North America
INV-10483,Crescent Group,2025-10-13,2025-11-12,348.7,EMEA
INV-11963,Anchor Supply Co.,2025-06-13,2025-07-13,2366.13,EMEA
INV-11476,Union Logistics,2025-07-13,2025-08-27,2653.02,North America
INV-12580,Redwood Logistics,2025-09-11,2025-10-11,7206.64,APAC
INV-11512,Ironwood Supply Co.,2025-09-17,2025-11-01,1243.53,North America
INV-10439,Redwood Group,2025-07-04,2025-08-18,319.56,APAC
INV-11748,Cascade Supply Co.,2025-03-31,2025-05-30,2323.86,North America
INV-11861,Meridian Supply Co.,2025-01-07,2025-03-08,1311.76,North America
INV-12122,Harbor Partners,2025-06-23,2025-07-23,2999.33,EMEA
INV-10857,Crescent Industries,2025-10-22,2025-11-21,699.86,EMEA
INV-12019,Union Logistics,2025-02-06,2025-03-23,2622.48,North America
INV-10167,Pinnacle Solutions,2025-01-02,2025-02-01,3102.16,LATAM
INV-10060,,2025-08-24,2025-09-23,3561.69,EMEA
INV-10612,Ironwood Group,2025-12-29,2026-01-28,1408.07,EMEA
INV-10531,Atlas Solutions,2025-01-08,2025-03-09,2629.98,APAC
INV-11738,Brightpath Group,2025-10-20,2025-12-19,566.22,North America
INV-10050,Silverline Holdings,2025-07-09,2025-08-23,302.86,EMEA
INV-11510,Harbor Manufacturing,2025-01-06,2025-03-07,5595.83,APAC
INV-11227,Vantage Holdings,2025-06-27,2025-07-27,1539.83,EMEA
INV-10859,Crescent Industries,2025-10-30,2025-11-14,900.54,EMEA
INV-11721,Bluepeak Group,2025-03-11,2025-03-26,2349.12,LATAM
INV-10049,Brightpath Holdings,2025-02-27,2025-03-14,2016.78,North America
INV-10720,Summit Partners,2025-08-06,2025-08-21,1406.34,APAC
INV-11197,Crescent Manufacturing,2025-04-30,2025-05-15,1454.37,LATAM
INV-11303,Granite Group,2025-06-26,2025-07-26,1264.63,North America
INV-12262,Ironwood Partners,2025-04-16,2025-05-16,2129.97,North America
INV-11613,Summit Supply Co.,2025-03-09,2025-04-23,3277.38,APAC
INV-10633,Brightpath Solutions,2025-03-25,2025-05-09,1284.07,LATAM
INV-12045,Redwood Consulting,2025-11-16,2025-12-16,706.15,EMEA
INV-12708,Ironwood Holdings,2025-12-26,2026-01-10,1512.49,APAC
INV-11761,Crescent Solutions,2025-12-23,2026-01-22,6476.71,EMEA
INV-11781,Vantage Manufacturing,2025-07-27,2025-08-26,417.51,LATAM
INV-10026,Northgate Solutions,2025-06-10,2025-06-25,1635.71,LATAM
INV-12372,Redwood Retail,2025-11-16,2025-12-16,903.74,LATAM
INV-10220,Sterling Holdings,2025-02-20,2025-04-21,1593.5,LATAM
INV-11308,Cedar Group,2025-05-08,2025-06-07,1468.2,LATAM
INV-10277,Summit Consulting,2025-09-15,2025-10-15,1770.74,APAC
INV-12173,Brightpath Retail,2025-05-13,2025-06-12,1110.02,North America
INV-11271,Falcon Retail,2025-04-21,2025-05-21,3952.8,North America
INV-11261,Falcon Holdings,2025-08-03,2025-10-02,2446.7,APAC
INV-11310,Harbor Industries,2025-11-17,2025-12-17,2269.3,APAC
INV-11033,Harbor Industries,2025-12-09,2026-01-08,2120.27,North America
INV-12156,Northgate Holdings,2025-10-15,2025-12-14,850.03,North America
INV-10362,Sterling Logistics,2025-04-20,2025-05-20,5880.9,EMEA
INV-11813,Meridian Manufacturing,2025-10-17,2025-11-16,6316.99,LATAM
INV-11573,,2025-09-11,2025-11-10,1927.93,North America
INV-12051,Redwood Solutions,2025-11-13,2025-12-28,3110.65,LATAM
INV-12350,Northgate Retail,2025-01-14,2025-01-29,1040.22,LATAM
INV-12534,Meridian Supply Co.,2025-03-13,2025-04-27,647.54,APAC
INV-11868,Summit Retail,2025-10-25,2025-12-09,4080.74,LATAM
INV-12677,Vantage Industries,2025-11-18,2026-01-02,2027.76,North America
INV-11879,Redwood Retail,2025-09-16,2025-10-16,325.35,APAC
INV-11344,Meridian Supply Co.,2025-10-05,2025-12-04,4322.47,EMEA
INV-12647,Crescent Partners,2025-04-16,2025-05-16,1060.55,EMEA
INV-11507,Brightpath Retail,2025-08-27,2025-10-26,2770.4,EMEA
INV-10298,Vantage Holdings,2025-12-03,2026-01-02,1951.92,North America
INV-11211,Falcon Partners,2025-10-09,2025-11-23,483.24,EMEA
INV-10938,Silverline Solutions,2025-04-09,2025-05-09,2800.41,EMEA
INV-10241,Harbor Partners,2025-08-14,2025-08-29,725.41,APAC
INV-11217,Silverline Solutions,2025-12-31,2026-02-14,807.43,EMEA
INV-10959,Ironwood Logistics,2025-05-22,2025-06-21,2472.02,EMEA
INV-10583,Harbor Supply Co.,2025-12-23,2026-01-22,2616.27,EMEA
INV-11993,Vantage Logistics,2025-03-14,2025-04-13,4315.73,APAC
INV-11229,Harbor Supply Co.,2025-05-14,2025-06-13,3524.49,North America
INV-11361,Brightpath Consulting,2025-07-07,2025-08-06,1460.04,
INV-11413,Summit Holdings,2025-12-17,2026-01-16,2231.21,North America
INV-11703,Anchor Manufacturing,2025-01-28,2025-02-27,2620.84,EMEA
INV-10351,Cedar Group,2025-07-10,2025-08-09,1958.27,LATAM
INV-12763,Cedar Holdings,2025-02-15,2025-03-02,3313.7,LATAM
INV-11407,Bluepeak Consulting,2025-06-15,2025-08-14,411.73,North America
INV-10350,Summit Group,2025-09-26,2025-11-10,1221.58,APAC
INV-11966,Bluepeak Retail,2025-04-04,2025-05-04,1604.59,EMEA
INV-11400,Atlas Solutions,2025-03-17,2025-04-16,819.58,North America
INV-10644,Meridian Consulting,2025-06-12,2025-07-12,382.67,North America
INV-12515,Vantage Logistics,2025-01-06,2025-01-21,1322.25,North America
INV-10945,Meridian Manufacturing,2025-06-26,2025-07-26,7800.74,North America
INV-12410,Ironwood Logistics,2025-08-07,2025-08-22,526.66,
INV-10658,Silverline Industries,2025-08-23,2025-09-07,1448.51,APAC
INV-11950,Northgate Partners,2025-05-11,2025-06-10,1413.39,EMEA
INV-11451,Granite Consulting,2025-11-02,2025-12-02,1954.62,North America
INV-11262,Pinnacle Solutions,2025-07-25,2025-08-24,1585.1,EMEA
INV-12483,Meridian Solutions,2025-07-18,2025-08-17,8895.17,APAC
INV-10648,Cascade Holdings,2025-02-22,2025-03-09,1409.7,APAC
INV-12388,Sterling Retail,2025-11-14,2025-11-29,644.32,EMEA
INV-11135,Harbor Partners,2025-02-20,2025-03-22,1188.28,LATAM
INV-11731,Vantage Solutions,2025-09-16,2025-10-01,1210.61,LATAM
INV-12709,Meridian Group,2025-01-02,2025-02-01,1078.93,APAC
INV-10539,Redwood Solutions,2025-05-14,2025-07-13,3661.63,EMEA
INV-11072,Meridian Partners,2025-08-05,2025-08-20,2274.09,North America
INV-11546,Vantage Partners,2025-03-29,2025-04-13,2257.24,APAC
INV-12391,Cascade Solutions,2025-05-02,2025-07-01,281.02,APAC
INV-12461,Cascade Solutions,2025-06-16,2025-08-15,1585.03,EMEA
INV-12164,Northgate Manufacturing,2025-06-24,2025-07-24,4130.42,LATAM
INV-11513,Brightpath Industries,2025-02-28,2025-04-29,776.55,APAC
INV-11609,Falcon Retail,2025-02-01,2025-04-02,1979.84,EMEA
INV-10802,Crescent Manufacturing,2025-02-05,2025-03-07,930.35,APAC
INV-10787,Atlas Holdings,2025-03-27,2025-04-26,3135.46,APAC
INV-12712,Crescent Group,2025-05-31,2025-06-30,5878.94,LATAM
INV-10141,Silverline Partners,2025-04-24,2025-05-24,1816.59,APAC
INV-10789,Cascade Manufacturing,2025-05-20,2025-07-04,1389.71,APAC
INV-11732,Sterling Holdings,2025-09-03,2025-11-02,1080.97,LATAM
INV-12879,Cascade Industries,2025-05-26,2025-07-10,1925.56,EMEA
INV-12155,Atlas Industries,2025-03-26,2025-05-25,476.21,APAC
INV-10715,Crescent Logistics,2025-04-23,2025-05-23,1431.0,APAC
INV-10804,Harbor Manufacturing,2025-01-05,2025-02-04,976.48,APAC
INV-11337,Atlas Solutions,2025-09-13,2025-09-28,852.3,North America
INV-11565,Cascade Manufacturing,2025-09-04,2025-10-04,2873.14,APAC
INV-12761,Crescent Consulting,2025-03-28,2025-04-27,2608.62,North America
INV-11098,Redwood Holdings,2025-12-06,2026-01-05,245.09,APAC
INV-10619,Vantage Supply Co.,2025-05-04,2025-06-03,2282.23,APAC
INV-10407,Redwood Holdings,2025-07-02,2025-07-17,566.31,APAC
INV-12491,Granite Supply Co.,2025-11-20,2025-12-20,1461.98,APAC
INV-11519,Silverline Solutions,2025-08-25,2025-09-24,588.89,APAC
INV-12574,Falcon Industries,2025-07-27,2025-08-11,1414.9,North America
INV-12718,Crescent Group,2025-03-17,2025-04-16,3283.64,North America
INV-11785,Anchor Manufacturing,2025-06-23,2025-08-22,1594.31,LATAM
INV-10498,Brightpath Logistics,2025-04-08,2025-04-23,1247.25,APAC
INV-10343,Northgate Partners,2025-05-27,2025-06-11,1845.43,LATAM
INV-12175,Meridian Holdings,2025-09-18,2025-11-02,698.11,North America
INV-12282,Harbor Logistics,2025-09-18,2025-10-18,804.48,APAC
INV-10783,Silverline Solutions,2025-08-21,2025-10-05,2084.28,APAC
INV-11489,Bluepeak Consulting,2025-01-17,2025-03-18,374.99,APAC
INV-10304,Northgate Manufacturing,2025-06-29,2025-07-14,2564.02,EMEA
INV-12662,Falcon Solutions,2025-12-19,2026-01-18,661.45,EMEA
INV-10665,Summit Supply Co.,2025-06-16,2025-07-16,779.33,LATAM
INV-11657,Redwood Holdings,2025-03-19,2025-05-18,1722.64,LATAM
INV-11291,Vantage Partners,2025-12-02,2026-01-01,2014.69,EMEA
INV-11456,Vantage Industries,2025-01-17,2025-02-16,303.48,APAC
INV-12982,Harbor Partners,2025-12-14,2026-01-13,4652.31,EMEA
INV-10085,Bluepeak Consulting,2025-08-01,2025-09-30,715.05,EMEA
INV-12229,Falcon Partners,2025-05-03,2025-06-02,275.92,APAC
INV-10942,Brightpath Solutions,2025-12-15,2025-12-30,3246.11,APAC
INV-10962,Crescent Solutions,2025-01-14,2025-03-15,4896.31,APAC
INV-10842,Redwood Partners,2025-04-20,2025-05-20,2717.15,APAC
INV-11353,Crescent Solutions,2025-04-08,2025-05-23,2409.84,EMEA
INV-12760,Redwood Supply Co.,2025-09-13,2025-09-28,2592.66,APAC
INV-12924,Cascade Industries,2025-07-01,2025-07-31,1397.21,EMEA
INV-11508,Harbor Solutions,2025-11-12,2025-12-12,3497.4,North America
INV-10291,Summit Solutions,2025-02-13,2025-02-28,1227.44,North America
INV-11823,Redwood Solutions,2025-12-17,2026-02-15,1209.1,North America
INV-11136,Atlas Holdings,2025-06-19,2025-07-19,3525.15,EMEA
INV-10605,Atlas Solutions,2025-09-13,2025-10-28,2147.57,APAC
INV-12751,Granite Consulting,2025-11-17,2025-12-02,7186.27,EMEA
INV-10917,Cedar Group,2025-02-04,2025-02-19,2558.32,LATAM
INV-11264,Summit Retail,2025-02-21,2025-04-22,646.38,EMEA
INV-12773,Bluepeak Supply Co.,2025-03-23,2025-05-07,1262.57,North America
INV-12114,Atlas Holdings,2025-07-19,2025-09-17,600.66,APAC
INV-11314,Summit Retail,2025-11-13,2025-12-13,2445.56,LATAM
INV-10822,Atlas Consulting,2025-03-21,2025-04-05,5262.77,LATAM
INV-12485,Ironwood Group,2025-02-24,2025-03-26,902.71,LATAM
INV-11001,Northgate Holdings,2025-08-16,2025-09-15,5215.65,APAC
INV-11362,Meridian Supply Co.,2025-04-17,2025-06-16,2493.3,North America
INV-10019,Atlas Consulting,2025-02-17,2025-03-19,653.78,LATAM
INV-11809,Granite Logistics,2025-12-01,2026-01-30,356.71,LATAM
INV-12004,Anchor Manufacturing,2025-08-23,2025-09-22,1121.96,EMEA
INV-12094,Ironwood Consulting,2025-02-20,2025-03-22,531.15,
INV-11273,Cascade Supply Co.,2025-07-04,2025-08-03,553.86,APAC
INV-11566,Summit Solutions,2025-04-17,2025-06-16,1149.18,LATAM
INV-12023 ,Summit Holdings,2025-11-28,2026-01-27,5037.13,North America
INV-11784,Vantage Manufacturing,2025-05-29,2025-07-13,2933.79,LATAM
INV-12012,Meridian Consulting,2025-07-11,2025-08-25,745.12,APAC
INV-11964,Pinnacle Industries,2025-05-14,2025-06-13,2645.71,APAC
INV-12276,Meridian Solutions,2025-12-22,2026-01-21,557.11,LATAM
INV-10361,Vantage Partners,2025-01-10,2025-02-09,2362.35,EMEA
INV-12749,Cascade Logistics,2025-09-02,2025-10-17,2095.8,APAC
INV-11126,Crescent Group,2025-10-11,2025-11-25,527.57,North America
INV-11274,Harbor Solutions,2025-06-26,2025-07-11,1113.47,North America
INV-11671,Meridian Supply Co.,2025-10-31,2025-11-30,1193.88,LATAM
INV-10345,Falcon Industries,2025-08-19,2025-10-03,968.81,APAC
INV-10987,Falcon Industries,2025-06-14,2025-07-29,5727.64,North America
INV-11554,Bluepeak Group,2025-06-08,2025-08-07,703.32,LATAM
INV-11744,Brightpath Industries,2025-12-17,2026-01-01,4211.99,North America
INV-11346,Bluepeak Group,2025-06-15,2025-08-14,389.0,APAC
INV-12875,Granite Manufacturing,2025-07-10,2025-08-09,1439.49,North America
INV-11162,Meridian Partners,2025-02-22,2025-04-23,11635.88,APAC
INV-12190,Anchor Logistics,2025-06-03,2025-06-18,2514.17,
INV-10086,Granite Supply Co.,2025-12-23,2026-01-22,942.39,LATAM
INV-12079,Harbor Manufacturing,2025-03-08,2025-04-07,1305.7,EMEA
INV-10669,Pinnacle Consulting,2025-05-30,2025-07-29,150.0,LATAM
INV-11015,Granite Consulting,2025-05-12,2025-07-11,7061.18,LATAM
INV-10129,Meridian Partners,2025-08-11,2025-09-10,1619.2,APAC
INV-11978,Vantage Manufacturing,2025-04-03,2025-05-03,3473.0,North America
INV-11730,Pinnacle Partners,2025-08-02,2025-08-17,7741.61,LATAM
INV-10892,Atlas Consulting,2025-08-09,2025-10-08,2336.82,LATAM
INV-12116,Summit Group,2025-09-24,2025-10-24,932.72,North America
INV-10308,Summit Group,2025-08-21,2025-09-20,869.21,APAC
INV-10384,Granite Group,2025-12-23,2026-01-22,922.25,LATAM
INV-12064,Harbor Partners,2025-09-11,2025-11-10,1348.98,APAC
INV-12919,Cedar Logistics,2025-08-05,2025-09-04,1616.89,North America
INV-10427,Summit Partners,2025-11-29,2025-12-29,621.15,North America
INV-10495,Anchor Supply Co.,2025-01-27,2025-03-13,5830.23,EMEA
INV-12619,Anchor Supply Co.,2025-06-22,2025-07-22,2234.01,North America
INV-12448,Union Retail,2025-02-01,2025-03-03,1198.75,North America
INV-12213,Falcon Manufacturing,2025-03-07,2025-04-06,3275.09,EMEA
INV-12244,Harbor Logistics,2025-10-21,2025-11-20,362.19,APAC
INV-11322,Vantage Manufacturing,2025-06-19,2025-07-04,2384.45,North America
INV-10276,Meridian Consulting,2025-09-20,2025-11-04,2243.73,LATAM
INV-10490,Bluepeak Manufacturing,2025-09-17,2025-11-01,3273.04,LATAM
INV-11231,Cascade Group,2025-06-24,2025-07-09,896.28,APAC
INV-10691,Ironwood Partners,2025-04-29,2025-05-29,1069.7,EMEA
INV-11338,Summit Holdings,2025-01-31,2025-03-02,1127.52,North America
INV-11798,Crescent Consulting,2025-08-15,2025-09-14,723.12,LATAM
INV-12422,Silverline Manufacturing,2025-11-22,2026-01-21,4241.32,North America
INV-12413,Cascade Supply Co.,2025-05-26,2025-06-25,539.0,LATAM
INV-12255,Falcon Retail,2025-04-07,2025-06-06,479.55,LATAM
INV-11059,Silverline Retail,2025-09-13,2025-09-28,2414.48,North America
INV-10119,Falcon Solutions,2025-08-27,2025-10-26,4140.37,APAC
INV-12031,Northgate Retail,2025-09-20,2025-10-20,3060.73,EMEA
INV-11358,Meridian Industries,2025-02-24,2025-03-26,2106.16,North America
INV-10282,Brightpath Group,2025-03-06,2025-04-05,2686.29,APAC
INV-11719,Atlas Holdings,2025-04-14,2025-05-14,2803.17,North America
INV-12351,Bluepeak Supply Co.,2025-06-25,2025-08-24,3842.75,EMEA
INV-12171,Cedar Group,2025-01-30,2025-03-01,3599.68,North America
INV-11174,Anchor Supply Co.,2025-12-12,2026-01-11,1399.21,EMEA
INV-11205,Atlas Retail,2025-07-31,2025-09-14,1546.85,LATAM
INV-11892,Union Logistics,2025-11-17,2025-12-17,1488.88,North America
INV-11979,Ironwood Holdings,2025-05-29,2025-06-28,738.34,LATAM
INV-10305,Bluepeak Supply Co.,2025-10-17,2025-12-16,1452.71,North America
INV-11877,Granite Supply Co.,2025-12-05,2026-01-19,892.52,LATAM
INV-12945,Crescent Partners,2025-08-31,2025-10-15,1981.58,LATAM
INV-11538,Vantage Partners,2025-09-24,2025-11-23,916.51,North America
INV-11392,Northgate Consulting,2025-06-21,2025-07-21,804.37,LATAM
INV-10576,Granite Consulting,2025-09-15,2025-10-15,202.35,APAC
INV-12497,Falcon Retail,2025-06-22,2025-07-22,1151.63,APAC
INV-12589,Sterling Holdings,2025-07-01,2025-07-16,720.51,LATAM
INV-12913,Falcon Industries,2025-08-28,2025-09-27,766.73,LATAM
INV-11445,Atlas Retail,2025-06-12,2025-06-27,2121.16,North America
INV-11207,Bluepeak Consulting,2025-05-10,2025-06-09,786.98,APAC
INV-10844,Crescent Solutions,2025-11-28,2025-12-28,2088.43,LATAM
INV-12836,Falcon Logistics,2025-01-15,2025-03-01,1130.2,North America
INV-10270,Brightpath Partners,2025-05-22,2025-06-21,1665.14,APAC
INV-10630,Crescent Logistics,2025-10-06,2025-11-20,3963.06,EMEA
INV-11034,Summit Partners,2025-08-10,2025-10-09,2650.43,LATAM
INV-10287,Bluepeak Supply Co.,2025-06-23,2025-07-23,1291.29,LATAM
INV-12227,Atlas Industries,2025-09-03,2025-10-03,5311.57,APAC
INV-10301,Atlas Retail,2025-10-15,2025-11-29,701.98,North America
INV-11376,Summit Solutions,2025-07-10,2025-08-09,1226.12,APAC
INV-12776,Northgate Manufacturing,2025-02-25,2025-03-12,1145.52,North America
INV-10066,Northgate Consulting,2025-01-20,2025-02-04,5017.14,APAC
INV-12927,Union Logistics,2025-02-20,2025-03-07,1333.28,LATAM
INV-10891,Granite Holdings,2025-06-23,2025-08-07,3097.76,North America
INV-11799,Cascade Holdings,2025-08-01,2025-08-31,3898.73,EMEA
INV-12197,Sterling Consulting,2025-01-03,2025-01-18,2171.77,LATAM
INV-11245,Summit Holdings,2025-11-13,2025-12-13,825.22,North America
INV-10231,Ironwood Logistics,2025-08-15,2025-09-14,767.14,LATAM
INV-10504,Atlas Supply Co.,2025-10-07,2025-11-06,2456.94,LATAM
INV-11235,Meridian Manufacturing,2025-09-04,2025-09-19,718.16,North America
INV-11377,Harbor Holdings,2025-11-08,2025-12-08,810.65,EMEA
INV-12092,Summit Group,2025-04-16,2025-05-16,1939.97,APAC
INV-11704,Crescent Solutions,2025-12-17,2026-01-16,4018.76,EMEA
INV-11005,Crescent Supply Co.,2025-11-15,2025-12-30,2774.99,LATAM
INV-10837,Atlas Holdings,2025-11-27,2025-12-27,5975.66,North America
INV-11570,Cascade Solutions,2025-10-12,2025-10-27,919.52,EMEA
INV-10375,Harbor Industries,2025-10-11,2025-10-26,10279.06,North America
INV-12937,Granite Logistics,2025-06-27,2025-08-26,859.56,APAC
INV-12235,Summit Solutions,2025-11-09,2026-01-08,497.67,North America
INV-11819,Silverline Retail,2025-05-29,2025-06-28,1224.13,North America
INV-11836,Silverline Supply Co.,2025-04-18,2025-05-18,2049.5,LATAM
INV-12087,Summit Consulting,2025-06-24,2025-07-24,936.99,APAC
INV-10752,Redwood Consulting,2025-01-05,2025-01-20,438.55,North America
INV-10100,Ironwood Industries,2025-08-01,2025-08-16,1198.55,LATAM
INV-12257,Northgate Logistics,2025-11-12,2025-12-12,3288.54,APAC
INV-10867,Brightpath Consulting,2025-09-27,2025-10-27,1914.63,APAC
INV-10911,Falcon Retail,2025-10-21,2025-11-20,1122.15,APAC
INV-11468,Pinnacle Solutions,2025-08-26,2025-10-25,2111.61,North America
INV-10530,Falcon Solutions,2025-08-23,2025-10-22,655.97,EMEA
INV-10637,Anchor Logistics,2025-02-08,2025-03-10,3105.26,APAC
INV-10186,Granite Supply Co.,2025-07-30,2025-09-28,2814.67,APAC
INV-12583,Crescent Partners,2025-05-16,2025-06-15,1411.19,LATAM
INV-12966,Vantage Manufacturing,2025-01-05,2025-02-04,1172.66,LATAM
INV-10932,Pinnacle Group,2025-05-18,2025-07-17,8046.89,North America
INV-11408,Harbor Solutions,2025-02-27,2025-04-28,5717.0,LATAM
INV-12311,Atlas Retail,2025-08-13,2025-09-12,1109.21,North America
INV-11423,Summit Retail,2025-04-13,2025-06-12,1065.87,North America
INV-12417,Anchor Logistics,2025-07-27,2025-08-26,2431.66,APAC
INV-12035,Brightpath Holdings,2025-09-02,2025-10-02,3843.69,EMEA
INV-10608,Falcon Logistics,2025-03-13,2025-05-12,482.9,LATAM
INV-11452,Anchor Supply Co.,2025-07-03,2025-07-18,6849.93,EMEA
INV-10152,Falcon Partners,2025-05-21,2025-06-05,2021.92,APAC
INV-11365,Atlas Logistics,2025-12-29,2026-01-13,4345.58,North America
INV-12158,Falcon Industries,2025-10-19,2025-12-03,1112.16,LATAM
INV-10732,Meridian Supply Co.,2025-12-13,2026-01-12,613.67,EMEA
INV-12851,Crescent Logistics,2025-12-04,2026-01-18,903.75,North America
INV-11629,Crescent Industries,2025-02-19,2025-04-05,1573.52,LATAM
INV-12747,Cedar Industries,2025-07-28,2025-09-26,1839.39,North America
INV-10024,Cascade Partners,2025-03-21,2025-04-20,410.64,EMEA
INV-11692,Silverline Supply Co.,2025-01-09,2025-02-08,965.44,North America
INV-10159,Falcon Supply Co.,2025-03-18,2025-05-02,506.65,North America
INV-10862,Sterling Group,2025-01-29,2025-02-28,378.35,North America
INV-10903,Cedar Group,2025-11-25,2026-01-09,1519.1,EMEA
INV-11458,Brightpath Logistics,2025-02-03,2025-03-05,2086.08,LATAM
INV-12269,Northgate Group,2025-04-02,2025-05-02,940.34,EMEA
INV-10445,Northgate Manufacturing,2025-03-07,2025-04-21,457.59,EMEA
INV-12956,Anchor Holdings,2025-07-02,2025-08-01,7134.0,EMEA
INV-10755,Granite Manufacturing,2025-02-22,2025-03-09,629.89,APAC
INV-10924,Sterling Logistics,2025-07-16,2025-09-14,788.31,LATAM
INV-12989,Pinnacle Logistics,2025-08-28,2025-09-27,535.29,LATAM
INV-12118,Vantage Solutions,2025-06-05,2025-08-04,604.91,North America
INV-10312,Sterling Logistics,2025-12-05,2026-01-04,3979.45,LATAM
INV-10549,Sterling Retail,2025-10-16,2025-10-31,2067.37,EMEA
INV-11981,Granite Group,2025-02-13,2025-02-28,617.39,EMEA
INV-11484,Falcon Retail,2025-04-22,2025-06-06,1033.11,LATAM
INV-10307,Bluepeak Retail,2025-09-29,2025-10-29,4674.6,LATAM
INV-10288,Pinnacle Logistics,2025-02-18,2025-03-20,2513.64,APAC
INV-10695,Ironwood Industries,2025-12-27,2026-01-26,2524.48,APAC
INV-10309,Pinnacle Industries,2025-06-09,2025-08-08,2422.09,North America
INV-12336,Summit Partners,2025-02-02,2025-03-04,2484.15,APAC
INV-10750,Anchor Supply Co.,2025-01-01,2025-01-31,417.38,North America
INV-11462,Pinnacle Solutions,2025-09-24,2025-10-09,491.83,LATAM
INV-11265,Union Logistics,2025-10-12,2025-11-11,1724.04,EMEA
INV-10909,Silverline Holdings,2025-10-29,2025-11-28,2646.35,North America
INV-11913,Bluepeak Supply Co.,2025-04-13,2025-05-13,2628.7,APAC
INV-12425,Anchor Holdings,2025-11-20,2026-01-19,373.16,EMEA
INV-12841,Falcon Partners,2025-05-14,2025-07-13,1931.52,APAC
INV-12510,Brightpath Retail,2025-05-06,2025-05-21,450.24,EMEA
INV-10971,Cedar Logistics,2025-07-01,2025-07-31,1661.2,LATAM
INV-10014,Atlas Solutions,2025-07-26,2025-09-24,264.55,North America
INV-10874,Crescent Partners,2025-04-01,2025-05-31,766.75,LATAM
INV-10809,Ironwood Group,2025-11-22,2026-01-21,4583.33,APAC
INV-12595,Brightpath Logistics,2025-02-25,2025-03-27,3176.67,EMEA
INV-10515,Brightpath Solutions,2025-02-25,2025-04-11,880.87,EMEA
INV-12429,Silverline Supply Co.,2025-07-23,2025-09-21,4072.12,EMEA
INV-10410,Crescent Solutions,2025-09-12,2025-11-11,2351.94,APAC
INV-11619,Meridian Holdings,2025-09-11,2025-10-11,1008.56,EMEA
INV-12275,Meridian Industries,2025-03-08,2025-04-07,556.4,LATAM
INV-12021,Northgate Group,2025-07-24,2025-08-08,1562.34,
INV-11379,Anchor Logistics,2025-08-20,2025-09-19,858.29,North America
INV-11621,Northgate Industries,2025-10-23,2025-12-22,1639.17,North America
INV-12457,Silverline Manufacturing,2025-12-25,2026-01-24,878.27,LATAM
INV-10383,Granite Logistics,2025-03-12,2025-03-27,218.87,LATAM
INV-11601,Crescent Group,2025-12-20,2026-01-04,1255.63,APAC
INV-12203,Meridian Industries,2025-08-25,2025-09-24,2829.29,LATAM
INV-11352,Cascade Manufacturing,2025-06-14,2025-08-13,292.43,LATAM
INV-12577,Redwood Logistics,2025-11-07,2025-12-07,5528.98,EMEA
INV-10553,Sterling Supply Co.,2025-02-16,2025-04-02,4234.43,North America
INV-10223,Summit Solutions,2025-07-03,2025-08-02,2745.27,EMEA
INV-11097,Sterling Group,2025-02-17,2025-03-19,1588.86,EMEA
INV-12615,Vantage Manufacturing,2025-05-21,2025-06-20,2537.45,LATAM
INV-10009,Brightpath Partners,2025-04-20,2025-06-04,970.17,LATAM
INV-12699,Bluepeak Consulting,2025-02-04,2025-02-19,2591.17,LATAM
INV-10317,Falcon Supply Co.,2025-01-04,2025-02-03,2734.65,EMEA
INV-10428,Ironwood Partners,2025-01-14,2025-03-15,2744.75,LATAM
INV-12298,Cedar Industries,2025-02-12,2025-03-14,5226.19,North America
INV-10106,Union Industries,2025-12-09,2026-02-07,2129.51,EMEA
INV-11850,Ironwood Partners,2025-07-07,2025-09-05,2174.33,LATAM
INV-10143,Northgate Industries,2025-10-11,2025-11-25,348.37,LATAM
INV-10122,Bluepeak Retail,2025-06-09,2025-07-24,652.98,LATAM
INV-12650,Cascade Partners,2025-06-05,2025-07-05,3334.4,APAC
INV-12883,Crescent Solutions,2025-01-26,2025-02-25,857.33,North America
INV-11190,Cascade Logistics,2025-09-01,2025-10-16,619.24,North America
INV-12025,Brightpath Partners,2025-12-17,2026-01-31,150.0,APAC
INV-12617,Harbor Supply Co.,2025-01-27,2025-02-26,764.52,APAC
INV-11394,Vantage Supply Co.,2025-01-28,2025-02-27,1673.85,North America
INV-10116,Harbor Manufacturing,2025-01-16,2025-02-15,1941.84,North America
INV-11432,Summit Group,2025-09-08,2025-10-08,3084.56,North America
INV-11672,Cedar Logistics,2025-02-02,2025-03-19,1064.07,LATAM
INV-12204,Northgate Group,2025-01-05,2025-02-04,462.23,APAC
INV-12885,Pinnacle Industries,2025-08-20,2025-09-19,150.0,
INV-12967,Meridian Partners,2025-12-15,2026-01-14,2032.97,APAC
INV-11627,Sterling Supply Co.,2025-01-07,2025-02-06,989.71,LATAM
INV-12150,Pinnacle Holdings,2025-03-12,2025-04-26,337.35,LATAM
INV-10673,Bluepeak Manufacturing,2025-10-26,2025-11-25,1087.44,LATAM
INV-11790,Northgate Group,2025-05-23,2025-06-22,4946.35,North America
INV-11661,Northgate Holdings,2025-12-19,2026-01-18,4843.55,APAC
INV-10592,Cascade Supply Co.,2025-02-07,2025-03-09,963.05,EMEA
INV-12038,Meridian Consulting,2025-01-24,2025-03-10,936.3,LATAM
INV-10889,Redwood Logistics,2025-02-07,2025-03-09,2518.93,LATAM
INV-12958,Cascade Holdings,2025-04-16,2025-06-15,1196.43,EMEA
INV-11393,Ironwood Group,2025-03-03,2025-04-02,9063.84,LATAM
INV-12895,,2025-12-23,2026-01-22,2338.91,North America
INV-10214,Anchor Industries,2025-12-02,2026-01-01,2660.45,LATAM
INV-12043,Ironwood Logistics,2025-02-12,2025-03-14,923.64,APAC
INV-12911,Anchor Industries,2025-12-22,2026-01-06,914.34,LATAM
INV-10801,Summit Consulting,2025-04-25,2025-06-09,3444.23,LATAM
INV-12496,Northgate Group,2025-12-04,2026-01-03,3077.54,LATAM
INV-11695,Summit Retail,2025-04-16,2025-05-16,1658.62,LATAM
INV-12299,Sterling Holdings,2025-05-22,2025-06-21,2658.2,North America
INV-12680,Redwood Holdings,2025-03-25,2025-04-24,1167.82,LATAM
INV-12729 ,Meridian Partners,2025-05-20,2025-06-04,758.82,LATAM
INV-10274,Northgate Logistics,2025-03-06,2025-05-05,1494.0,North America
INV-10072,Ironwood Logistics,2025-12-06,2025-12-21,5909.01,APAC
INV-12501,Pinnacle Holdings,2025-12-30,2026-01-29,2473.9,EMEA
INV-11088,Atlas Retail,2025-08-08,2025-09-07,1835.2,APAC
INV-10395,Falcon Logistics,2025-02-04,2025-03-21,4279.09,North America
INV-10584,Ironwood Partners,2025-06-03,2025-07-03,11425.74,LATAM
INV-12006,Redwood Logistics,2025-05-26,2025-06-25,1793.57,APAC
INV-12016,Pinnacle Solutions,2025-01-23,2025-03-24,1243.34,APAC
INV-10501,Harbor Industries,2025-12-28,2026-01-27,3406.91,EMEA
INV-12756,Cedar Group,2025-12-31,2026-03-01,985.85,EMEA
INV-12239,Northgate Retail,2025-08-21,2025-09-20,1026.25,LATAM
INV-12998,Brightpath Industries,2025-11-29,2025-12-14,484.16,North America
INV-12758,Crescent Solutions,2025-10-18,2025-12-17,748.11,North America
INV-11498,Vantage Supply Co.,2025-09-27,2025-10-27,4391.95,EMEA
INV-11260,Vantage Solutions,2025-04-05,2025-05-05,1407.83,EMEA
INV-11638,Meridian Industries,2025-05-26,2025-06-25,2167.3,North America
INV-12226,Union Partners,2025-06-09,2025-06-24,4861.85,North America
INV-10206,Silverline Holdings,2025-06-26,2025-07-26,636.48,LATAM
INV-10734,Anchor Industries,2025-07-12,2025-08-11,319.79,North America
INV-12412,Cedar Logistics,2025-07-14,2025-08-13,5908.45,LATAM
INV-10527,Redwood Supply Co.,2025-06-21,2025-07-21,342.14,LATAM
INV-11787,Bluepeak Supply Co.,2025-06-07,2025-06-22,1120.7,EMEA
INV-10899,Atlas Industries,2025-04-13,2025-04-28,4384.62,EMEA
INV-10378,Pinnacle Solutions,2025-02-16,2025-03-18,1745.87,APAC
INV-11757,Silverline Manufacturing,2025-08-20,2025-10-04,1308.05,North America
INV-12700,Northgate Partners,2025-05-23,2025-06-22,4895.34,APAC
INV-12581,Summit Partners,2025-02-27,2025-03-29,2069.15,North America
INV-10387,Ironwood Holdings,2025-02-26,2025-03-28,2013.4,APAC
INV-10199,Summit Retail,2025-05-30,2025-07-14,1559.92,LATAM
INV-11051,Crescent Industries,2025-01-02,2025-02-01,843.02,APAC
INV-10591,Bluepeak Retail,2025-01-27,2025-02-26,1578.78,North America
INV-10520,Falcon Retail,2025-07-28,2025-09-26,2910.99,LATAM
INV-12059,Cascade Solutions,2025-03-27,2025-04-26,1874.89,LATAM
INV-10430,Sterling Supply Co.,2025-05-15,2025-06-14,304.03,EMEA
INV-11084,Silverline Manufacturing,2025-11-21,2026-01-20,9595.73,EMEA
INV-10208,Granite Consulting,2025-10-20,2025-11-19,2350.56,LATAM
INV-10492,Redwood Holdings,2025-01-09,2025-02-08,5608.0,North America
INV-11360,Falcon Solutions,2025-09-27,2025-11-11,1745.9,North America
INV-12930,Meridian Consulting,2025-09-23,2025-10-23,3593.58,North America
INV-10793,Cascade Retail,2025-03-22,2025-04-21,1890.17,North America
INV-12509,Brightpath Holdings,2025-10-31,2025-11-30,438.8,LATAM
INV-11187,Brightpath Partners,2025-07-13,2025-08-12,611.41,North America
INV-11186,Pinnacle Consulting,2025-11-02,2025-12-17,3451.95,EMEA
INV-11961,Anchor Manufacturing,2025-10-22,2025-11-06,1408.94,EMEA
INV-11367,Sterling Holdings,2025-09-23,2025-10-08,1444.37,EMEA
INV-12248,Granite Industries,2025-09-20,2025-11-19,447.07,APAC
INV-10084,Brightpath Consulting,2025-05-06,2025-06-05,928.49,LATAM
INV-12385,Granite Consulting,2025-07-15,2025-08-29,1524.65,North America
INV-12242,Meridian Industries,2025-09-22,2025-10-22,2504.82,North America
INV-10021,Union Logistics,2025-01-31,2025-03-02,5536.31,North America
INV-11862,Meridian Partners,2025-07-22,2025-08-21,3070.9,North America
INV-11589,Silverline Industries,2025-12-10,2026-01-09,702.87,North America
INV-12029,Ironwood Partners,2025-08-05,2025-09-04,1787.71,LATAM
INV-12711,Redwood Solutions,2025-01-31,2025-03-02,708.69,EMEA
INV-11973,Granite Supply Co.,2025-08-21,2025-10-20,2671.27,North America
INV-10974,Harbor Partners,2025-11-21,2026-01-05,822.74,North America
INV-12807,Crescent Industries,2025-07-31,2025-08-30,1376.72,APAC
INV-10884,Bluepeak Retail,2025-07-31,2025-08-30,3788.57,APAC
INV-11099,Silverline Retail,2025-05-31,2025-06-30,3376.84,LATAM
INV-10157,Meridian Supply Co.,2025-02-03,2025-03-05,7936.26,
INV-12292,Pinnacle Partners,2025-04-28,2025-06-12,3572.33,LATAM
INV-10887,Crescent Logistics,2025-08-20,2025-09-04,2503.73,APAC
INV-12750,Northgate Retail,2025-03-24,2025-04-23,1232.87,North America
INV-11622,Vantage Logistics,2025-11-25,2025-12-25,405.67,North America
INV-12494,Falcon Partners,2025-12-25,2026-02-23,5427.69,EMEA
INV-11526,Summit Retail,2025-12-30,2026-01-14,3943.7,LATAM
INV-12551,Vantage Manufacturing,2025-06-20,2025-07-20,355.18,EMEA
INV-11916,Cascade Industries,2025-10-23,2025-11-22,908.32,LATAM
INV-12741,Atlas Manufacturing,2025-05-04,2025-06-03,2150.34,North America
INV-12666,Northgate Partners,2025-03-17,2025-04-16,432.5,LATAM
INV-10459,Sterling Retail,2025-08-21,2025-09-05,899.39,EMEA
INV-11928,Anchor Holdings,2025-05-20,2025-06-19,1144.35,APAC
INV-10079,Cascade Solutions,2025-08-27,2025-09-26,1607.74,EMEA
INV-12932,Cascade Logistics,2025-02-28,2025-03-15,982.42,APAC
INV-11057,Northgate Holdings,2025-08-01,2025-08-16,1446.64,LATAM
INV-10907,Brightpath Holdings,2025-10-16,2025-10-31,435.34,North America
INV-11594,Vantage Solutions,2025-08-21,2025-10-05,3339.38,LATAM
INV-12230,Brightpath Consulting,2025-09-24,2025-10-24,3665.66,LATAM
INV-12714,Crescent Group,2025-03-12,2025-03-27,420.16,LATAM
INV-10381,Vantage Holdings,2025-02-11,2025-03-13,695.24,North America
INV-10948,Ironwood Industries,2025-11-28,2025-12-28,794.16,APAC
INV-11743,Redwood Retail,2025-05-19,2025-07-18,1576.63,EMEA
INV-12133,Meridian Supply Co.,2025-08-14,2025-10-13,2712.36,LATAM
INV-10716,Granite Logistics,2025-04-26,2025-06-10,3995.69,EMEA
INV-11949,Ironwood Group,2025-08-15,2025-09-14,4078.34,LATAM
INV-10687,Vantage Logistics,2025-06-03,2025-06-18,1192.38,North America
INV-12582,Granite Holdings,2025-05-29,2025-06-28,2101.16,APAC
INV-11294,Granite Industries,2025-01-15,2025-01-30,3148.37,APAC
INV-10306,Anchor Holdings,2025-03-14,2025-05-13,1645.16,North America
INV-10210,Brightpath Holdings,2025-07-17,2025-09-15,18000.0,LATAM
INV-12067,Meridian Group,2025-02-01,2025-03-18,164.85,LATAM
INV-12237,Bluepeak Supply Co.,2025-05-31,2025-06-30,1499.44,North America
INV-12994,Harbor Holdings,2025-11-14,2025-12-29,1222.94,
INV-11568,Anchor Industries,2025-03-30,2025-05-29,2355.12,LATAM
INV-10886,Vantage Holdings,2025-10-23,2025-12-22,7801.23,EMEA
INV-11663,Northgate Partners,2025-01-29,2025-03-30,219.28,APAC
INV-10918,Redwood Partners,2025-10-10,2025-11-09,1751.01,LATAM
INV-11867,Crescent Solutions,2025-04-30,2025-05-30,3749.18,APAC
INV-11691,Bluepeak Retail,2025-11-20,2026-01-04,2509.97,EMEA
INV-10192,Cascade Solutions,2025-11-15,2025-12-15,3199.53,North America
INV-11779,Redwood Retail,2025-07-10,2025-08-09,1005.89,EMEA
INV-12055,Vantage Manufacturing,2025-09-04,2025-11-03,440.86,EMEA
INV-11266,Brightpath Holdings,2025-03-16,2025-05-15,414.74,LATAM
INV-10484,Bluepeak Supply Co.,2025-11-05,2025-12-20,1777.77,North America
INV-10916,Meridian Manufacturing,2025-11-18,2025-12-18,1902.87,APAC
INV-12616,Harbor Manufacturing,2025-01-10,2025-02-24,2701.35,North America
INV-10278,Anchor Holdings,2025-08-23,2025-10-22,862.47,North America
INV-10989,Vantage Partners,2025-12-22,2026-01-21,1213.34,EMEA
INV-11917,Bluepeak Manufacturing,2025-05-18,2025-07-17,728.51,LATAM
INV-11930,Sterling Logistics,2025-11-26,2025-12-11,8625.8,North America
INV-11658,Cascade Group,2025-10-22,2025-11-06,4845.66,LATAM
INV-10572,Sterling Holdings,2025-04-16,2025-05-01,6692.84,North America
INV-10994,Falcon Industries,2025-09-08,2025-10-08,801.28,EMEA
INV-11430,Northgate Group,2025-10-15,2025-12-14,1153.86,North America
INV-11427,Harbor Logistics,2025-04-29,2025-05-29,9419.96,North America
INV-10586,Cascade Supply Co.,2025-08-26,2025-09-10,1850.85,LATAM
INV-11602,Silverline Supply Co.,2025-08-27,2025-10-11,5102.0,North America
INV-11787,Bluepeak Supply Co.,2025-06-07,2025-06-22,1111.33,EMEA
INV-11350,Harbor Consulting,2025-01-01,2025-03-02,1209.2,LATAM
INV-11008,Atlas Supply Co.,2025-11-08,2025-12-08,2621.9,EMEA
INV-10675,Crescent Industries,2025-02-25,2025-03-27,417.06,EMEA
INV-11724,Atlas Partners,2025-10-23,2025-12-07,2575.58,North America
INV-10856,Silverline Solutions,2025-10-01,2025-11-30,885.66,EMEA
INV-10448,Vantage Holdings,2025-03-24,2025-04-23,635.31,APAC
INV-11447,Harbor Solutions,2025-06-13,2025-07-13,919.88,APAC
INV-11698,Summit Manufacturing,2025-11-18,2025-12-18,804.35,LATAM
INV-12091,Atlas Consulting,2025-09-17,2025-10-02,1986.38,North America
INV-12274,Brightpath Retail,2025-12-31,2026-01-15,1526.51,EMEA
INV-12693,Northgate Manufacturing,2025-09-29,2025-10-29,1428.85,LATAM
INV-12401,Ironwood Industries,2025-10-31,2025-12-15,773.12,EMEA
INV-11747,Ironwood Consulting,2025-11-13,2025-11-28,3560.58,APAC
INV-12689,Vantage Holdings,2025-03-28,2025-04-12,2925.18,North America
INV-11248,Granite Supply Co.,2025-11-14,2025-12-14,740.28,APAC
INV-10295,Falcon Partners,2025-12-07,2026-01-06,2041.24,APAC
INV-10589,Silverline Supply Co.,2025-06-19,2025-08-18,3125.35,LATAM
INV-11282,Anchor Logistics,2025-12-30,2026-01-29,1290.49,APAC
INV-11610,Sterling Manufacturing,2025-10-21,2025-11-05,1179.54,North America
INV-12453,Bluepeak Supply Co.,2025-05-03,2025-06-02,1393.45,LATAM
INV-11454,Meridian Supply Co.,2025-04-05,2025-05-05,15390.64,LATAM
INV-12813,Sterling Holdings,2025-12-26,2026-02-09,7079.55,North America
INV-11418,Union Consulting,2025-04-18,2025-06-17,1885.09,EMEA
INV-10426,Anchor Logistics,2025-09-29,2025-10-29,5073.41,APAC
INV-10535,Ironwood Partners,2025-12-09,2025-12-24,823.32,EMEA
INV-11055,Summit Logistics,2025-04-07,2025-04-22,902.1,EMEA
INV-11897,Northgate Group,2025-06-22,2025-07-22,1172.72,APAC
INV-12934,Union Industries,2025-05-22,2025-06-21,3497.38,LATAM
INV-12504,Ironwood Group,2025-04-11,2025-06-10,853.19,APAC
INV-10133,Falcon Manufacturing,2025-05-05,2025-06-04,569.03,LATAM
INV-11870,Vantage Manufacturing,2025-09-19,2025-10-19,1022.77,LATAM
INV-12080,Sterling Holdings,2025-11-07,2025-12-07,987.16,LATAM
INV-10422,Ironwood Holdings,2025-03-06,2025-03-21,7185.4,APAC
INV-12839,Sterling Group,2025-05-03,2025-07-02,10904.19,APAC
INV-12247,Vantage Partners,2025-01-31,2025-03-02,659.24,LATAM
INV-12209,Anchor Logistics,2025-04-11,2025-06-10,1116.83,North America
INV-11369,Summit Partners,2025-09-27,2025-11-26,993.31,EMEA
INV-10557,Anchor Consulting,2025-05-11,2025-05-26,954.47,North America
INV-12060,Pinnacle Solutions,2025-08-30,2025-09-14,1762.05,EMEA
INV-11727,Pinnacle Logistics,2025-01-08,2025-03-09,913.82,EMEA
INV-12697,Vantage Manufacturing,2025-01-02,2025-02-01,3918.99,APAC
INV-10571,Meridian Group,2025-12-05,2026-01-04,1505.04,EMEA
INV-10353,Union Partners,2025-02-03,2025-03-05,3203.16,LATAM
INV-10092,Summit Group,2025-10-08,2025-11-07,3539.64,LATAM
INV-12154,Summit Supply Co.,2025-12-10,2026-01-09,1821.89,North America
INV-12550,Cascade Holdings,2025-06-18,2025-08-17,9697.26,APAC
INV-11171,Summit Group,2025-03-18,2025-04-17,2930.81,APAC
INV-11518,Union Consulting,2025-11-18,2025-12-18,2611.63,APAC
INV-11286,Silverline Supply Co.,2025-12-25,2026-02-23,446.7,EMEA
INV-11733,Atlas Manufacturing,2025-09-11,2025-10-11,1454.65,North America
INV-12965,Granite Logistics,2025-10-18,2025-11-17,4450.51,North America
INV-11475,Meridian Holdings,2025-02-13,2025-03-30,730.4,EMEA
INV-11506,Brightpath Retail,2025-04-10,2025-04-25,984.46,North America
INV-10698,Vantage Logistics,2025-04-11,2025-05-11,480.1,APAC
 INV-12523 ,Silverline Retail,2025-10-12,2025-11-26,2060.56,LATAM
INV-10349,Brightpath Logistics,2025-05-07,2025-07-06,775.42,LATAM
INV-11591,Northgate Consulting,2025-09-07,2025-11-06,564.01,EMEA
INV-12628,Vantage Industries,2025-02-19,2025-04-20,2774.19,EMEA
INV-12447,Sterling Holdings,2025-09-02,2025-10-02,1929.09,North America
INV-12184,Atlas Retail,2025-10-03,2025-11-02,5092.7,LATAM
INV-11138,Pinnacle Solutions,2025-06-12,2025-07-12,490.37,APAC
INV-12673,Vantage Industries,2025-09-27,2025-10-27,1871.32,North America
INV-12834,Northgate Partners,2025-06-15,2025-07-15,1156.79,North America
INV-11033,Harbor Industries,2025-12-09,2026-01-08,2072.68,North America
INV-12838,Granite Industries,2025-08-21,2025-10-20,6395.58,EMEA
INV-11340,Northgate Industries,2025-10-13,2025-12-12,1725.68,LATAM
INV-12506,Redwood Logistics,2025-08-07,2025-10-06,704.25,North America
INV-10454,Summit Consulting,2025-01-15,2025-01-30,2330.04,APAC
INV-10914,Atlas Holdings,2025-04-19,2025-05-19,6122.39,North America
INV-11200,Ironwood Industries,2025-07-12,2025-09-10,5052.94,APAC
INV-11275,Ironwood Manufacturing,2025-06-29,2025-08-28,4410.7,EMEA
INV-11899,Granite Group,2025-05-17,2025-06-01,2452.41,North America
INV-10038,Summit Group,2025-07-09,2025-08-08,253.74,LATAM
INV-10975,Cedar Industries,2025-08-30,2025-09-29,990.72,North America
INV-12788,Pinnacle Solutions,2025-02-11,2025-03-13,461.04,LATAM
INV-10984,Union Industries,2025-11-21,2025-12-21,1418.08,LATAM
INV-11838,Pinnacle Partners,2025-09-05,2025-10-05,1632.23,EMEA
INV-12426,Redwood Supply Co.,2025-05-14,2025-06-28,2351.55,EMEA
INV-11419,Meridian Partners,2025-04-15,2025-05-30,5858.34,APAC
INV-11285,Ironwood Holdings,2025-03-06,2025-05-05,729.68,APAC
INV-10040,Ironwood Logistics,2025-12-08,2026-01-22,1767.24,North America
INV-11487,Vantage Manufacturing,2025-01-26,2025-02-25,413.01,North America
INV-11818,Granite Industries,2025-07-04,2025-08-03,774.92,North America
INV-10170,Atlas Supply Co.,2025-12-18,2026-01-17,751.17,EMEA
INV-11356,Pinnacle Consulting,2025-09-25,2025-11-24,150.0,North America
INV-10738,Anchor Logistics,2025-02-02,2025-03-19,3584.67,EMEA
INV-11581,Silverline Manufacturing,2025-05-31,2025-06-15,1773.15,North America
INV-12717,Summit Group,2025-09-02,2025-10-17,2599.2,North America
INV-12704,Meridian Holdings,2025-12-01,2025-12-31,3719.48,LATAM
INV-10635,Silverline Supply Co.,2025-03-13,2025-05-12,595.32,APAC
INV-12665,Northgate Consulting,2025-08-17,2025-09-16,2245.95,APAC
INV-11954,Vantage Solutions,2025-07-31,2025-08-30,821.89,North America
INV-11291,Vantage Partners,2025-12-02,2026-01-01,2100.06,EMEA
INV-11381,Ironwood Logistics,2025-06-04,2025-06-19,2724.75,EMEA
INV-10580,Sterling Consulting,2025-10-13,2025-11-27,4143.84,LATAM
INV-10329,Bluepeak Supply Co.,2025-08-12,2025-09-26,2595.95,North America
INV-11673,Meridian Group,2025-10-01,2025-10-31,1040.46,North America
INV-10893,Sterling Holdings,2025-03-22,2025-04-06,3866.12,APAC
INV-12439,Ironwood Partners,2025-04-01,2025-05-01,999.16,EMEA
INV-10781,Brightpath Solutions,2025-12-24,2026-01-23,1737.03,North America
INV-10160,Atlas Retail,2025-05-08,2025-05-23,2672.84,LATAM
INV-11576,Cedar Group,2025-09-30,2025-10-30,1433.57,LATAM
INV-12670,Summit Logistics,2025-03-25,2025-04-24,2599.48,EMEA
INV-12340,Sterling Consulting,2025-07-20,2025-09-03,817.06,LATAM
INV-10062,Pinnacle Consulting,2025-06-18,2025-07-18,1252.51,APAC
INV-10850,Cedar Industries,2025-06-26,2025-08-10,917.91,APAC
INV-12145,Anchor Consulting,2025-06-06,2025-07-06,1210.9,EMEA
INV-12910,Silverline Partners,2025-06-30,2025-08-14,4589.08,EMEA
INV-11710,Cascade Solutions,2025-02-06,2025-03-08,615.8,APAC
INV-11044,Meridian Group,2025-09-12,2025-11-11,1429.88,North America
INV-12786,Cedar Holdings,2025-05-10,2025-07-09,1078.44,North America
INV-12096,Silverline Partners,2025-08-01,2025-08-16,1382.73,LATAM
INV-12520,Sterling Holdings,2025-10-20,2025-11-19,687.96,APAC
INV-11071,Pinnacle Group,2025-10-26,2025-12-10,1419.09,APAC
INV-10054,Summit Holdings,2025-10-14,2025-11-13,2567.04,EMEA
INV-10259,Summit Holdings,2025-10-28,2025-12-27,2207.11,LATAM
INV-10506,Granite Logistics,2025-04-26,2025-05-26,954.88,EMEA
INV-10753,Brightpath Partners,2025-08-05,2025-10-04,615.06,LATAM
INV-12014 ,Anchor Supply Co.,2025-12-29,2026-02-27,635.29,LATAM
INV-10218,Ironwood Holdings,2025-11-13,2025-11-28,1196.15,APAC
INV-12032,Summit Holdings,2025-11-28,2026-01-27,616.35,LATAM
INV-11548,Northgate Solutions,2025-01-15,2025-02-14,1942.27,North America
INV-10340,Silverline Solutions,2025-05-21,2025-07-05,894.12,APAC
INV-12289,Summit Group,2025-07-13,2025-08-27,864.58,APAC
INV-11390,Ironwood Logistics,2025-11-01,2025-12-31,751.39,North America
INV-12639,Brightpath Retail,2025-07-07,2025-08-06,584.48,LATAM
INV-11267,Northgate Logistics,2025-01-05,2025-02-04,1339.29,LATAM
INV-12482,Union Consulting,2025-02-01,2025-03-18,6956.56,EMEA
INV-11742,Cascade Partners,2025-09-29,2025-10-14,1271.64,LATAM
INV-10772,Meridian Group,2025-08-30,2025-09-14,892.28,North America
INV-12820,Harbor Solutions,2025-06-29,2025-07-29,261.15,LATAM
INV-11789,Meridian Industries,2025-01-29,2025-03-15,1972.89,EMEA
INV-12703,Brightpath Industries,2025-12-22,2026-01-21,9054.74,EMEA
INV-11086,Ironwood Partners,2025-12-16,2025-12-31,2179.91,EMEA
INV-12044,Redwood Supply Co.,2025-10-28,2025-12-27,1697.85,LATAM
INV-11563,Bluepeak Supply Co.,2025-09-30,2025-10-30,167.03,LATAM
INV-11326,Crescent Logistics,2025-08-15,2025-09-14,250.15,EMEA
INV-12135,Pinnacle Holdings,2025-09-06,2025-11-05,1076.38,EMEA
INV-12953,Harbor Industries,2025-12-30,2026-01-29,2252.97,LATAM
INV-11745,Ironwood Consulting,2025-09-21,2025-11-20,642.51,North America
INV-12464,Meridian Industries,2025-07-17,2025-08-16,485.95,EMEA
INV-11914,Redwood Supply Co.,2025-11-16,2025-12-31,2323.34,EMEA
INV-11711,Pinnacle Industries,2025-08-03,2025-09-02,4009.3,EMEA
INV-11712,Atlas Partners,2025-02-26,2025-03-28,1328.3,North America
INV-11746,Ironwood Consulting,2025-02-26,2025-03-28,1834.51,LATAM
INV-11164,Bluepeak Retail,2025-07-12,2025-09-10,336.68,APAC
INV-10964,Redwood Group,2025-01-19,2025-03-05,2802.04,EMEA
INV-11922,Granite Logistics,2025-07-31,2025-08-30,2812.85,EMEA
INV-12090,Cascade Retail,2025-02-26,2025-03-13,5471.02,North America
INV-10399,Brightpath Industries,2025-10-25,2025-12-24,1335.3,EMEA
INV-10585,,2025-05-04,2025-06-03,1743.55,EMEA
INV-10949,Cascade Group,2025-11-30,2025-12-30,1420.8,North America
INV-10705,Crescent Group,2025-07-11,2025-09-09,364.68,LATAM
INV-10432,Brightpath Consulting,2025-03-04,2025-04-03,236.2,LATAM
INV-10293,Cascade Supply Co.,2025-10-28,2025-12-12,870.94,APAC
INV-10146,Meridian Industries,2025-03-03,2025-05-02,2991.83,APAC
INV-10324,Redwood Group,2025-10-22,2025-11-21,9731.75,LATAM
INV-12124,Summit Partners,2025-07-13,2025-08-27,1168.41,North America
INV-11166,Harbor Industries,2025-07-12,2025-08-11,13303.43,LATAM
INV-11453,Granite Group,2025-09-15,2025-10-30,1838.45,APAC
INV-10003,Brightpath Retail,2025-09-22,2025-10-22,2651.6,EMEA
INV-10577,Ironwood Supply Co.,2025-10-23,2025-12-07,1829.97,EMEA
INV-12316,Northgate Group,2025-06-16,2025-07-31,2163.38,North America
INV-10340,Silverline Solutions,2025-05-21,2025-07-05,891.27,APAC
INV-11814,Falcon Holdings,2025-12-22,2026-01-06,3318.13,North America
INV-11685,Falcon Logistics,2025-12-17,2026-01-31,512.28,EMEA
INV-10926,Bluepeak Supply Co.,2025-03-15,2025-04-29,375.83,North America
INV-10266,Northgate Group,2025-11-25,2026-01-24,481.54,North America
INV-10377,Vantage Manufacturing,2025-08-19,2025-10-03,3245.71,LATAM
INV-12664,Anchor Logistics,2025-04-15,2025-05-30,630.48,EMEA
INV-11464,Cedar Group,2025-01-21,2025-03-07,688.51,North America
INV-10272,Ironwood Holdings,2025-01-08,2025-02-07,406.56,APAC
INV-10697,Ironwood Consulting,2025-10-02,2025-11-01,1985.29,APAC
INV-12992 ,Falcon Supply Co.,2025-03-13,2025-04-27,2545.05,EMEA
INV-10245,Granite Holdings,2025-03-26,2025-04-25,502.57,APAC
INV-12831,Sterling Holdings,2025-08-12,2025-09-11,319.42,EMEA
INV-10477,Bluepeak Supply Co.,2025-07-07,2025-07-22,2487.17,North America
INV-11726,Northgate Retail,2025-10-30,2025-11-29,3933.89,APAC
INV-11753,Vantage Solutions,2025-09-15,2025-11-14,821.66,APAC
INV-11881,Meridian Holdings,2025-08-09,2025-08-24,3527.58,LATAM
INV-11707,Brightpath Industries,2025-08-11,2025-09-10,2711.66,LATAM
INV-12801,Falcon Industries,2025-01-19,2025-02-18,1746.64,LATAM
INV-12972,Union Retail,2025-09-08,2025-10-08,1391.63,LATAM
INV-12427,Harbor Partners,2025-05-11,2025-06-10,2477.12,EMEA
INV-11903,Atlas Solutions,2025-09-12,2025-10-27,4254.84,EMEA
INV-10251,Meridian Consulting,2025-11-23,2025-12-23,475.9,EMEA
INV-10414,Cedar Logistics,2025-12-05,2026-01-04,4674.65,LATAM
INV-10546,Anchor Consulting,2025-10-03,2025-12-02,722.56,EMEA
INV-11194,Union Logistics,2025-04-28,2025-05-28,1973.97,APAC
INV-10739,Granite Supply Co.,2025-08-08,2025-09-07,6627.13,APAC
INV-10311,Summit Retail,2025-12-12,2025-12-27,1216.93,LATAM
INV-12273,Redwood Logistics,2025-07-09,2025-08-08,805.82,LATAM
 INV-10894 ,Harbor Supply Co.,2025-04-16,2025-05-16,4240.2,APAC
INV-11132,Northgate Manufacturing,2025-04-10,2025-04-25,2164.03,North America
INV-11450,Atlas Logistics,2025-01-14,2025-02-28,1508.91,EMEA
INV-12925,Summit Solutions,2025-07-23,2025-09-06,1607.73,APAC
INV-10016,Northgate Manufacturing,2025-03-13,2025-04-12,892.42,APAC
INV-11986,Summit Consulting,2025-07-01,2025-08-15,2349.07,North America
INV-10722,Brightpath Retail,2025-02-14,2025-03-16,317.62,EMEA
INV-11421,Vantage Supply Co.,2025-07-12,2025-08-26,2402.98,North America
INV-12651,Redwood Logistics,2025-10-10,2025-10-25,653.94,EMEA
INV-10982,Redwood Logistics,2025-05-21,2025-06-20,2170.93,EMEA
INV-12224,Vantage Solutions,2025-04-26,2025-06-25,1257.52,North America
INV-11540,Granite Logistics,2025-04-13,2025-05-13,150.0,APAC
INV-12547,Summit Partners,2025-07-14,2025-07-29,428.44,North America
INV-11551,Ironwood Manufacturing,2025-06-09,2025-07-09,1352.7,North America
INV-12438,Summit Solutions,2025-12-02,2026-01-01,3113.31,EMEA
INV-10364,Harbor Consulting,2025-06-01,2025-06-16,2125.03,North America
INV-12033,Vantage Supply Co.,2025-09-27,2025-11-26,2272.7,North America
INV-10183,Northgate Partners,2025-11-22,2025-12-22,564.64,LATAM
INV-10986,Falcon Holdings,2025-10-01,2025-10-31,521.9,North America
 INV-12026 ,Silverline Manufacturing,2025-12-07,2025-12-22,1746.67,EMEA
INV-11195,Bluepeak Consulting,2025-10-29,2025-12-28,352.94,North America
INV-11801,Bluepeak Retail,2025-02-03,2025-03-20,8193.3,North America
INV-12655,Vantage Logistics,2025-04-18,2025-06-02,818.89,North America
INV-11122,Falcon Retail,2025-12-05,2025-12-20,4308.42,EMEA
INV-10188,Granite Manufacturing,2025-08-21,2025-09-05,1386.38,APAC
INV-10620,Anchor Logistics,2025-07-01,2025-07-31,1810.75,North America
INV-11643,Ironwood Partners,2025-02-26,2025-04-27,1377.91,APAC
INV-11176,Atlas Holdings,2025-05-05,2025-05-20,1149.86,EMEA
INV-11183,Brightpath Group,2025-11-04,2025-12-04,3382.89,EMEA
INV-12400,Northgate Partners,2025-04-15,2025-05-15,1575.63,EMEA
INV-12216,Redwood Supply Co.,2025-12-15,2026-01-29,1880.5,North America
INV-10615,Bluepeak Manufacturing,2025-01-09,2025-01-24,13375.46,LATAM
INV-11514,Falcon Manufacturing,2025-07-22,2025-09-20,275.92,North America
INV-11467,Falcon Partners,2025-08-05,2025-09-04,6653.6,EMEA
INV-10402,Silverline Industries,2025-11-20,2025-12-20,863.13,North America
INV-10995,Atlas Partners,2025-07-26,2025-08-10,600.97,EMEA
INV-10935,Cascade Manufacturing,2025-09-21,2025-10-21,2199.56,APAC
INV-10372,Union Logistics,2025-08-25,2025-09-24,2317.39,LATAM
INV-11958,Ironwood Partners,2025-11-25,2026-01-24,18000.0,LATAM
INV-12293,Atlas Solutions,2025-09-20,2025-11-04,1598.44,LATAM
INV-10594,Falcon Industries,2025-01-08,2025-02-07,1998.79,North America
INV-11946,Brightpath Solutions,2025-12-20,2026-02-18,1061.41,APAC
INV-10727,Sterling Manufacturing,2025-06-15,2025-08-14,1505.06,APAC
INV-10827,Vantage Manufacturing,2025-04-21,2025-05-21,6134.08,North America
INV-12727,Meridian Manufacturing,2025-10-11,2025-12-10,3678.71,APAC
INV-10688,Meridian Consulting,2025-06-25,2025-08-24,1056.44,EMEA
INV-12231,Sterling Supply Co.,2025-02-18,2025-04-19,799.38,North America
INV-10137,Harbor Industries,2025-10-12,2025-10-27,731.48,EMEA
INV-12466,Cascade Holdings,2025-03-07,2025-04-06,3289.73,APAC
INV-10629,Anchor Industries,2025-05-19,2025-06-03,1556.43,APAC
INV-10335,Summit Holdings,2025-03-30,2025-05-14,3560.33,North America
INV-10391,Bluepeak Consulting,2025-11-20,2026-01-04,659.46,EMEA
INV-12997,Silverline Solutions,2025-01-28,2025-02-12,1866.79,APAC
INV-11110,Cascade Retail,2025-12-17,2026-01-16,8288.53,EMEA
INV-11768,Silverline Retail,2025-09-06,2025-10-21,1263.58,LATAM
INV-12716,Meridian Consulting,2025-01-28,2025-03-29,223.63,North America
INV-10711,Meridian Industries,2025-09-06,2025-10-06,1789.9,LATAM
INV-11040,Vantage Holdings,2025-01-26,2025-03-12,3798.6,LATAM
INV-12149,Falcon Retail,2025-06-22,2025-07-22,1348.94,EMEA
INV-11883,Cedar Holdings,2025-01-19,2025-02-03,487.4,APAC
INV-12612,Cascade Retail,2025-04-12,2025-05-12,531.7,EMEA
INV-11562,Brightpath Consulting,2025-06-16,2025-07-31,755.6,APAC
INV-12775,Bluepeak Group,2025-06-28,2025-07-28,951.43,LATAM
INV-11595,Vantage Holdings,2025-07-16,2025-08-15,176.51,EMEA
INV-12537,Crescent Group,2025-01-19,2025-02-18,3562.56,APAC
INV-11113,Cascade Holdings,2025-06-19,2025-07-04,3239.13,North America
INV-10466,Sterling Manufacturing,2025-02-19,2025-03-06,1213.33,LATAM
INV-11561,Union Industries,2025-09-18,2025-10-03,1452.1,North America
INV-11224,Union Industries,2025-12-09,2026-01-08,2148.27,EMEA
INV-11989,Harbor Partners,2025-10-14,2025-10-29,831.03,EMEA
INV-12985,Ironwood Logistics,2025-06-06,2025-06-21,333.82,LATAM
INV-12969,Cascade Manufacturing,2025-09-07,2025-10-07,287.57,APAC
INV-11509,Cascade Supply Co.,2025-06-20,2025-07-20,1602.89,EMEA
INV-11105,Falcon Holdings,2025-01-13,2025-02-27,4013.28,LATAM
INV-12024,Summit Solutions,2025-06-02,2025-07-02,455.8,APAC
INV-10339,Cascade Solutions,2025-02-04,2025-03-06,2146.6,APAC
INV-10216,Bluepeak Manufacturing,2025-06-18,2025-08-17,2930.92,LATAM
INV-11616,Meridian Manufacturing,2025-07-09,2025-08-08,18000.0,EMEA
INV-11952,Harbor Supply Co.,2025-11-20,2025-12-20,4608.83,North America
INV-12531,Redwood Logistics,2025-07-06,2025-08-20,2267.13,LATAM
INV-12822,Atlas Supply Co.,2025-05-18,2025-07-17,3167.32,APAC
INV-11593,Vantage Solutions,2025-12-23,2026-02-06,2192.73,EMEA
INV-11869,Union Industries,2025-07-02,2025-08-01,554.54,LATAM
INV-11715,Falcon Partners,2025-10-27,2025-11-26,914.34,LATAM
INV-12539,Summit Supply Co.,2025-10-30,2025-11-29,482.44,EMEA
INV-10817,Sterling Retail,2025-10-31,2025-12-15,1882.48,LATAM
INV-11068,Sterling Manufacturing,2025-04-13,2025-05-13,4208.01,APAC
INV-12131,Harbor Industries,2025-10-29,2025-12-13,2196.52,LATAM
INV-10275,Sterling Supply Co.,2025-02-02,2025-03-04,611.94,APAC
INV-12260,Bluepeak Group,2025-12-21,2026-01-20,1770.56,EMEA
INV-10866,Crescent Group,2025-03-17,2025-05-01,1044.27,North America
INV-10102,Crescent Industries,2025-09-02,2025-09-17,1013.76,APAC
INV-11502,Meridian Manufacturing,2025-11-08,2025-12-08,901.39,APAC
INV-12165,Meridian Solutions,2025-01-13,2025-02-27,6139.43,LATAM
INV-10172,Atlas Logistics,2025-11-28,2025-12-28,710.36,EMEA
INV-10108,Harbor Holdings,2025-07-21,2025-09-04,1732.15,North America
INV-11925,Vantage Partners,2025-01-15,2025-02-14,9572.74,LATAM
INV-11522,Summit Supply Co.,2025-02-03,2025-03-05,2499.6,North America
INV-10281,Vantage Manufacturing,2025-02-11,2025-03-13,1687.35,North America
INV-12462,Bluepeak Supply Co.,2025-11-07,2025-12-07,2888.27,North America
INV-11991,Brightpath Partners,2025-06-23,2025-07-23,3042.3,North America
INV-11796,Cascade Supply Co.,2025-06-07,2025-07-07,752.37,North America
INV-12058,Northgate Group,2025-08-31,2025-09-30,3251.76,North America
INV-12098,Falcon Holdings,2025-02-13,2025-03-15,564.15,LATAM
INV-12567,Cascade Holdings,2025-06-06,2025-08-05,604.12,APAC
INV-12356,Granite Group,2025-08-13,2025-09-12,1872.68,APAC
INV-12592,Pinnacle Manufacturing,2025-03-21,2025-05-20,980.86,EMEA
INV-12980,Meridian Manufacturing,2025-07-24,2025-08-08,1771.94,
INV-10296,Crescent Industries,2025-11-04,2025-12-04,793.44,North America
INV-10713,Pinnacle Group,2025-12-17,2026-01-16,906.48,LATAM
INV-10073,Pinnacle Industries,2025-12-08,2026-01-07,1433.33,LATAM
INV-11988,Silverline Manufacturing,2025-07-22,2025-09-20,2355.62,EMEA
INV-12285,Atlas Logistics,2025-09-11,2025-10-11,974.61,LATAM
INV-12578,Ironwood Consulting,2025-03-31,2025-04-15,3630.67,EMEA
INV-12903,Redwood Logistics,2025-05-19,2025-07-18,886.38,EMEA
INV-10482,Falcon Holdings,2025-02-19,2025-03-21,626.42,APAC
INV-12234,Silverline Solutions,2025-02-01,2025-03-03,3305.48,APAC
INV-11531,Summit Holdings,2025-09-05,2025-10-20,1680.42,
INV-12570,Silverline Solutions,2025-03-26,2025-05-10,1198.52,North America
INV-11515,Redwood Holdings,2025-03-31,2025-04-30,1374.15,APAC
INV-12979,Meridian Holdings,2025-07-01,2025-07-31,2414.22,LATAM
INV-11491,Crescent Consulting,2025-08-02,2025-09-01,900.84,APAC
INV-11172,Brightpath Retail,2025-11-05,2026-01-04,1906.59,EMEA
INV-12468,Granite Holdings,2025-08-17,2025-09-01,1531.72,EMEA
INV-11860,Silverline Manufacturing,2025-09-01,2025-10-31,1871.11,EMEA
INV-12991,Northgate Logistics,2025-10-14,2025-10-29,5795.02,North America
INV-12290,Atlas Manufacturing,2025-05-11,2025-06-25,5324.81,EMEA
INV-12287,Pinnacle Solutions,2025-04-23,2025-05-23,2996.05,EMEA
INV-10406,Falcon Industries,2025-05-10,2025-05-25,2592.98,APAC
INV-10758,Ironwood Group,2025-09-29,2025-11-13,1748.22,EMEA
INV-11992,Silverline Retail,2025-06-12,2025-08-11,2918.61,LATAM
INV-12746,Union Partners,2025-12-26,2026-02-24,1133.49,APAC
INV-11912,Redwood Retail,2025-08-10,2025-10-09,11027.75,APAC
INV-10098,Cascade Industries,2025-12-22,2026-01-21,1872.35,North America
INV-11334,Ironwood Group,2025-07-22,2025-08-21,5662.69,North America
INV-12405,Sterling Supply Co.,2025-05-27,2025-07-11,6674.88,EMEA
INV-10744,Harbor Manufacturing,2025-01-01,2025-01-31,1515.47,EMEA
INV-10807,Brightpath Holdings,2025-10-07,2025-11-06,1807.9,North America
INV-12787,Redwood Partners,2025-03-14,2025-03-29,740.26,LATAM
INV-12542,Falcon Solutions,2025-08-22,2025-09-06,476.92,LATAM
INV-12516,Harbor Logistics,2025-03-04,2025-04-03,1988.41,EMEA
INV-11536,Summit Consulting,2025-01-03,2025-02-02,352.4,North America
INV-12065,Bluepeak Supply Co.,2025-01-19,2025-02-18,1879.62,LATAM
INV-12046,Silverline Supply Co.,2025-04-19,2025-05-19,4059.96,APAC
INV-10149,Crescent Manufacturing,2025-10-29,2025-12-13,2367.87,North America
INV-11805,Pinnacle Partners,2025-10-11,2025-11-10,292.12,APAC
 INV-12068 ,Silverline Holdings,2025-10-23,2025-11-22,1311.79,North America
INV-11938,Anchor Consulting,2025-05-01,2025-05-31,2255.04,EMEA
INV-11316,Northgate Group,2025-01-26,2025-03-12,454.57,EMEA
 INV-10693 ,Ironwood Manufacturing,2025-01-15,2025-03-16,559.5,LATAM
INV-10819,Summit Logistics,2025-05-14,2025-06-13,1594.09,APAC
INV-11729,Redwood Group,2025-10-30,2025-11-29,2060.2,North America
INV-11387,Redwood Group,2025-06-03,2025-06-18,4777.0,LATAM
INV-12297,Anchor Industries,2025-04-30,2025-05-30,2157.18,APAC
INV-12736,Meridian Consulting,2025-04-10,2025-05-10,917.93,North America
INV-11600,Anchor Manufacturing,2025-12-27,2026-01-26,768.77,
INV-12377,Summit Supply Co.,2025-02-03,2025-04-04,1070.85,APAC
INV-12473,Bluepeak Manufacturing,2025-12-07,2026-01-06,729.68,LATAM
INV-10702,Ironwood Logistics,2025-12-11,2026-02-09,3805.14,North America
INV-11911,Harbor Consulting,2025-11-30,2025-12-30,7039.3,APAC
INV-12674,Northgate Group,2025-07-13,2025-08-12,911.46,North America
INV-10922,Sterling Holdings,2025-02-24,2025-04-10,587.65,APAC
INV-11425,Summit Retail,2025-07-18,2025-09-16,578.06,APAC
INV-11709,Sterling Logistics,2025-03-22,2025-04-06,1313.74,
INV-10906,Vantage Holdings,2025-08-27,2025-09-26,1543.48,APAC
INV-10455,Redwood Group,2025-11-30,2025-12-30,918.52,LATAM
INV-12097,Harbor Consulting,2025-06-24,2025-07-24,2706.56,EMEA
INV-12109,Ironwood Group,2025-06-10,2025-07-10,1101.3,APAC
INV-12320,Falcon Manufacturing,2025-02-25,2025-03-27,549.97,LATAM
INV-12359,Ironwood Group,2025-03-28,2025-04-12,299.28,APAC
INV-10168,Granite Consulting,2025-05-30,2025-06-14,8160.93,APAC
INV-10731,Ironwood Supply Co.,2025-03-16,2025-05-15,1765.63,EMEA
INV-12283,Northgate Retail,2025-09-13,2025-10-28,4335.96,EMEA
INV-11311,Bluepeak Manufacturing,2025-05-26,2025-07-25,1447.33,APAC
INV-10027,Summit Group,2025-09-15,2025-10-30,525.37,North America
INV-11968,Ironwood Manufacturing,2025-02-15,2025-03-17,1291.88,APAC
INV-11653,Crescent Logistics,2025-05-13,2025-05-28,1763.31,North America
INV-11623,Bluepeak Supply Co.,2025-03-27,2025-04-26,3385.67,LATAM
INV-10588,Falcon Solutions,2025-07-18,2025-08-17,688.93,EMEA
INV-11402,Bluepeak Supply Co.,2025-05-15,2025-05-30,2399.43,LATAM
INV-10998,Bluepeak Manufacturing,2025-11-24,2025-12-24,2635.32,North America
INV-11177,Cascade Group,2025-03-10,2025-05-09,322.58,North America
INV-11701,,2025-10-04,2025-11-18,2029.55,LATAM
INV-11041,Silverline Supply Co.,2025-07-26,2025-08-25,6738.11,LATAM
INV-10034,Brightpath Consulting,2025-08-23,2025-09-22,571.38,North America
INV-12652,Ironwood Holdings,2025-01-24,2025-03-10,5810.11,APAC
INV-12384,Meridian Group,2025-02-04,2025-03-06,1416.88,LATAM
INV-11380,Meridian Group,2025-01-18,2025-02-17,7657.25,EMEA
INV-10042,Summit Retail,2025-10-11,2025-11-10,1727.16,APAC
INV-11910,Northgate Industries,2025-08-07,2025-09-06,1683.53,North America
INV-12205,Granite Industries,2025-12-15,2026-02-13,625.91,EMEA
INV-12623,Northgate Manufacturing,2025-06-13,2025-06-28,1596.3,North America
INV-12008,Vantage Supply Co.,2025-10-26,2025-11-10,709.54,EMEA
INV-11843,Summit Manufacturing,2025-04-05,2025-06-04,903.38,North America
INV-12365,Summit Partners,2025-07-13,2025-08-12,840.22,APAC
INV-10610,Northgate Solutions,2025-02-08,2025-04-09,5689.85,North America
INV-11133,Cedar Solutions,2025-10-09,2025-11-08,6325.47,North America
INV-10029,Ironwood Holdings,2025-11-01,2025-11-16,862.15,LATAM
INV-10442,Harbor Supply Co.,2025-09-27,2025-10-27,1437.38,North America
INV-11980,Brightpath Group,2025-05-08,2025-06-07,2135.27,LATAM
INV-12176,Meridian Solutions,2025-05-18,2025-06-02,9706.83,LATAM
INV-10494,Atlas Supply Co.,2025-11-02,2025-12-02,681.87,EMEA
INV-11259,Redwood Consulting,2025-08-30,2025-10-14,784.85,APAC
INV-11302,Meridian Partners,2025-01-06,2025-01-21,3614.97,EMEA
INV-12556,Sterling Holdings,2025-10-10,2025-11-09,2395.07,North America
 INV-12381 ,Pinnacle Industries,2025-05-09,2025-05-24,621.8,LATAM
INV-11383,Atlas Retail,2025-10-11,2025-11-25,10317.3,EMEA
INV-11305,Sterling Manufacturing,2025-01-05,2025-02-04,2399.12,EMEA
INV-10237,Northgate Solutions,2025-10-17,2025-12-16,239.22,LATAM
INV-10552 ,Brightpath Group,2025-12-15,2026-01-14,1286.77,LATAM
INV-10521,,2025-11-30,2025-12-30,329.49,APAC
INV-12233,Cascade Manufacturing,2025-06-10,2025-08-09,251.37,EMEA
INV-11233,Granite Holdings,2025-07-13,2025-08-27,1367.24,EMEA
INV-11139,Cedar Logistics,2025-11-12,2026-01-11,2534.27,EMEA
INV-10721,Atlas Supply Co.,2025-01-17,2025-02-16,1952.8,APAC
INV-10736,Pinnacle Industries,2025-08-21,2025-09-20,2265.02,North America
INV-12671,Brightpath Consulting,2025-02-05,2025-03-07,790.69,LATAM
INV-11751,Harbor Partners,2025-11-29,2025-12-29,150.0,EMEA
INV-10059,Sterling Group,2025-01-20,2025-02-19,1994.48,EMEA
INV-10632,Anchor Industries,2025-12-31,2026-01-30,5864.05,APAC
INV-11182,Sterling Group,2025-09-04,2025-10-04,5181.25,LATAM
INV-12219,Bluepeak Group,2025-12-15,2026-01-29,9796.2,LATAM
INV-10593,Brightpath Industries,2025-09-03,2025-10-03,2278.07,APAC
INV-11304,Anchor Supply Co.,2025-12-19,2026-01-18,749.82,APAC
INV-11388,Anchor Industries,2025-10-19,2025-11-18,6035.17,APAC
INV-12633,Falcon Industries,2025-10-28,2025-12-27,1767.93,EMEA
INV-12648,Ironwood Group,2025-10-20,2025-11-19,417.79,LATAM
INV-11878,Crescent Solutions,2025-04-14,2025-05-14,1226.23,LATAM
INV-10940,Redwood Partners,2025-12-27,2026-01-26,890.99,APAC
INV-12806,Crescent Solutions,2025-09-15,2025-09-30,299.28,LATAM
INV-11250,Bluepeak Consulting,2025-07-23,2025-08-22,364.93,EMEA
INV-10905,Atlas Supply Co.,2025-08-17,2025-09-01,1758.1,LATAM
INV-12643,Anchor Logistics,2025-12-22,2026-01-21,690.3,LATAM
INV-11280,Crescent Consulting,2025-02-06,2025-02-21,1120.8,APAC
INV-12418,Cedar Logistics,2025-07-16,2025-08-15,2011.29,North America
INV-12897,Ironwood Group,2025-04-25,2025-05-10,226.85,EMEA
INV-12572,Harbor Logistics,2025-08-06,2025-10-05,401.93,EMEA
INV-12403,Ironwood Manufacturing,2025-06-09,2025-07-09,905.05,EMEA
INV-12481,Crescent Partners,2025-07-14,2025-08-28,858.1,APAC
INV-11143,Redwood Holdings,2025-07-04,2025-08-03,1293.3,LATAM
INV-12397,Northgate Manufacturing,2025-09-24,2025-10-24,645.69,LATAM
INV-10707,Sterling Logistics,2025-08-05,2025-09-04,467.6,EMEA
INV-12659,Ironwood Group,2025-01-30,2025-03-31,1727.89,APAC
INV-11023,Redwood Supply Co.,2025-07-25,2025-08-24,1448.21,APAC
INV-10746,Redwood Solutions,2025-02-17,2025-04-18,770.34,APAC
INV-11547,Northgate Solutions,2025-10-04,2025-11-03,602.72,EMEA
INV-12373,Granite Consulting,2025-08-08,2025-08-23,1709.6,EMEA
INV-12968,Crescent Consulting,2025-11-16,2025-12-31,885.97,APAC
INV-10514,Summit Retail,2025-10-15,2025-12-14,654.06,EMEA
INV-10082,Vantage Partners,2025-05-01,2025-06-30,2041.42,EMEA
INV-12679,Anchor Supply Co.,2025-04-14,2025-05-14,1612.93,LATAM
INV-11309,Silverline Supply Co.,2025-04-23,2025-05-23,3933.58,LATAM
INV-12511,Falcon Supply Co.,2025-07-23,2025-08-22,2283.99,EMEA
INV-10915,Northgate Consulting,2025-08-05,2025-08-20,1358.63,EMEA
INV-11405,Ironwood Manufacturing,2025-11-30,2026-01-14,3628.02,EMEA
INV-11648,Cedar Holdings,2025-05-13,2025-06-12,3594.49,LATAM
INV-12804,Vantage Industries,2025-12-14,2026-01-28,599.65,
INV-11109,Redwood Manufacturing,2025-11-17,2025-12-02,844.38,EMEA
INV-10151,Vantage Industries,2025-04-02,2025-05-02,1854.64,
INV-12744,Anchor Logistics,2025-07-02,2025-08-01,2446.28,EMEA
INV-10775,Cedar Industries,2025-11-18,2026-01-17,2590.56,LATAM
INV-10330,Atlas Solutions,2025-07-22,2025-08-21,2605.84,EMEA
INV-10007,Redwood Holdings,2025-02-04,2025-02-19,6132.09,North America
INV-10944,Silverline Holdings,2025-08-31,2025-10-15,1353.9,APAC
INV-10823,Harbor Supply Co.,2025-08-27,2025-09-26,11719.49,North America
INV-10735,Summit Supply Co.,2025-07-26,2025-09-09,3737.75,APAC
INV-10910,Northgate Logistics,2025-07-18,2025-09-01,10372.66,
INV-10469,Cascade Group,2025-03-23,2025-04-22,918.32,LATAM
INV-10182,Brightpath Group,2025-05-23,2025-06-22,684.41,LATAM
INV-10165,Summit Group,2025-12-05,2025-12-20,3522.9,EMEA
INV-11524,Cedar Group,2025-10-20,2025-12-04,624.22,EMEA
INV-10452,Redwood Logistics,2025-09-15,2025-11-14,3496.89,EMEA
INV-10491,Ironwood Logistics,2025-12-29,2026-02-12,1469.72,LATAM
INV-12508,Cascade Group,2025-01-27,2025-02-11,4537.86,APAC
INV-11144,Granite Industries,2025-08-25,2025-09-24,1657.42,APAC
INV-11312,Pinnacle Consulting,2025-07-31,2025-08-30,3090.2,EMEA
INV-12258,Redwood Supply Co.,2025-03-25,2025-04-09,1013.65,North America
INV-11112,Atlas Industries,2025-12-18,2026-01-17,1800.27,LATAM
INV-12872,Vantage Logistics,2025-07-23,2025-08-07,2236.23,EMEA
INV-12013,Silverline Supply Co.,2025-03-20,2025-04-04,740.83,LATAM
INV-11442,Harbor Manufacturing,2025-10-25,2025-12-09,4256.18,EMEA
INV-12871,Silverline Retail,2025-05-31,2025-07-15,834.16,APAC
INV-11007,Crescent Solutions,2025-02-28,2025-03-15,3313.21,EMEA
INV-11628,Silverline Retail,2025-12-14,2026-01-13,4688.72,North America
INV-11633,Brightpath Solutions,2025-12-12,2026-02-10,829.49,EMEA
 INV-11075 ,Pinnacle Manufacturing,2025-03-24,2025-04-23,3628.74,EMEA
INV-10579,Redwood Partners,2025-07-31,2025-08-30,391.22,North America
INV-12117,Meridian Manufacturing,2025-01-15,2025-03-01,1205.03,EMEA
INV-12361,Crescent Logistics,2025-04-21,2025-06-20,586.14,EMEA
INV-12868,Crescent Industries,2025-04-13,2025-05-28,666.46,APAC
INV-12940,Pinnacle Consulting,2025-06-11,2025-08-10,1039.79,EMEA
INV-10328,Meridian Consulting,2025-02-15,2025-03-17,3018.44,EMEA
INV-11791,Cascade Holdings,2025-10-03,2025-11-02,273.79,LATAM
INV-10443,Brightpath Consulting,2025-03-06,2025-04-05,230.28,LATAM
INV-11859,Falcon Industries,2025-05-29,2025-06-28,1919.51,North America
INV-12186,Crescent Partners,2025-12-01,2025-12-31,5884.58,North America
INV-12017,Cascade Industries,2025-10-19,2025-11-18,1166.7,North America
INV-10833,Sterling Retail,2025-03-04,2025-03-19,599.61,EMEA
INV-12390,Ironwood Industries,2025-03-19,2025-04-18,3758.31,North America
INV-12119,Meridian Manufacturing,2025-01-31,2025-03-02,150.0,APAC
INV-11415,Granite Logistics,2025-11-14,2025-12-14,829.51,North America
INV-11202,Brightpath Group,2025-08-07,2025-10-06,1005.8,APAC
INV-12330,Pinnacle Consulting,2025-09-02,2025-11-01,3178.59,LATAM
INV-11500,Silverline Retail,2025-10-20,2025-12-19,2523.18,North America
INV-11922,Granite Logistics,2025-07-31,2025-08-30,2901.89,EMEA
INV-10087,Union Retail,2025-05-05,2025-06-04,3374.03,North America
INV-11404,Sterling Logistics,2025-10-14,2025-11-13,2827.24,LATAM
INV-12944,Ironwood Group,2025-02-09,2025-03-11,1247.06,APAC
INV-12339,Northgate Industries,2025-11-27,2025-12-27,1489.74,APAC
INV-11482,Crescent Solutions,2025-01-07,2025-02-06,1058.33,LATAM
INV-10778,Vantage Partners,2025-05-23,2025-06-07,1184.69,North America
INV-10800,Falcon Partners,2025-03-03,2025-04-17,1520.48,EMEA
INV-11667,Cedar Group,2025-06-03,2025-08-02,602.22,North America
INV-11895,Vantage Partners,2025-05-01,2025-06-30,1367.14,North America
INV-10055,Harbor Solutions,2025-03-25,2025-04-24,3743.96,North America
INV-12378,Anchor Consulting,2025-01-23,2025-02-07,448.79,LATAM
INV-11288,Cedar Solutions,2025-02-02,2025-03-04,2338.33,North America
INV-11921,Cascade Manufacturing,2025-07-30,2025-08-29,249.29,EMEA
INV-11668,Granite Industries,2025-11-19,2026-01-18,939.83,LATAM
INV-12603,Cedar Industries,2025-06-16,2025-07-16,835.62,LATAM
INV-11247,Granite Holdings,2025-10-05,2025-10-20,1577.24,APAC
INV-11702,Redwood Manufacturing,2025-11-17,2026-01-16,2299.09,APAC
INV-11246,Granite Supply Co.,2025-03-03,2025-03-18,491.99,North America
INV-10114,Redwood Retail,2025-01-10,2025-03-11,13587.67,North America
INV-12824,Vantage Industries,2025-08-01,2025-08-16,417.94,North America
INV-10988,Summit Partners,2025-12-13,2025-12-28,3260.47,EMEA
INV-10502,Anchor Supply Co.,2025-10-15,2025-11-14,8254.18,LATAM
INV-12168,Cascade Holdings,2025-04-04,2025-05-04,477.32,EMEA
INV-11010,Cedar Solutions,2025-03-24,2025-04-08,914.42,LATAM
INV-11199,Brightpath Retail,2025-10-23,2025-12-07,1810.8,North America
INV-11395,Harbor Holdings,2025-06-13,2025-07-28,1065.51,EMEA
INV-10590,Union Consulting,2025-07-09,2025-07-24,685.07,EMEA
INV-10769,Brightpath Consulting,2025-09-13,2025-11-12,841.96,North America
INV-10018,Northgate Solutions,2025-10-09,2025-10-24,1964.17,North America
INV-11043,Granite Manufacturing,2025-09-13,2025-10-13,3908.12,North America
INV-11448,Redwood Partners,2025-08-15,2025-10-14,2509.22,EMEA
INV-12479,Falcon Industries,2025-06-24,2025-08-23,443.75,North America
INV-10286,Atlas Partners,2025-08-09,2025-09-08,255.47,LATAM
INV-12656,Silverline Manufacturing,2025-11-29,2025-12-29,3194.14,APAC
INV-10429 ,Cascade Supply Co.,2025-09-23,2025-10-23,3837.52,North America
 INV-11329 ,Pinnacle Partners,2025-03-23,2025-05-22,498.34,North America
INV-11984,Atlas Retail,2025-02-07,2025-02-22,3216.84,North America
INV-10670,Crescent Supply Co.,2025-12-11,2026-01-10,3953.5,APAC
INV-10032,Granite Manufacturing,2025-05-14,2025-06-13,7840.44,EMEA
INV-11342,Pinnacle Partners,2025-03-10,2025-04-09,1484.36,LATAM
INV-10723,Summit Manufacturing,2025-04-18,2025-06-17,439.94,LATAM
INV-10952,Cedar Logistics,2025-05-10,2025-06-24,2032.15,APAC
INV-11915,Harbor Industries,2025-01-10,2025-03-11,292.67,EMEA
INV-12309,Atlas Manufacturing,2025-08-25,2025-09-24,2394.8,APAC
INV-10215,Anchor Logistics,2025-05-16,2025-06-15,1114.61,North America
INV-10990,Cedar Industries,2025-02-22,2025-03-24,1516.56,APAC
INV-11165,Anchor Industries,2025-10-28,2025-12-27,3715.67,APAC
INV-12810,Silverline Holdings,2025-07-11,2025-08-10,902.72,EMEA
INV-12041,Vantage Logistics,2025-09-15,2025-09-30,792.16,LATAM
INV-10327,Pinnacle Holdings,2025-03-29,2025-05-13,4197.73,APAC
INV-10561,Northgate Logistics,2025-03-11,2025-05-10,1921.38,APAC
INV-11384,Pinnacle Holdings,2025-02-18,2025-03-05,858.22,APAC
INV-11725,Meridian Supply Co.,2025-07-30,2025-09-13,637.85,EMEA
INV-11087,Bluepeak Retail,2025-09-21,2025-10-06,3741.55,North America
INV-12347,Harbor Consulting,2025-02-09,2025-02-24,962.03,APAC
INV-10342,Silverline Solutions,2025-08-20,2025-09-04,1843.31,APAC
INV-11654,Pinnacle Manufacturing,2025-02-06,2025-03-23,1077.23,LATAM
INV-10148,Granite Holdings,2025-04-09,2025-05-09,451.05,
INV-12355,Atlas Manufacturing,2025-08-25,2025-09-09,4406.12,EMEA
INV-12541,Crescent Consulting,2025-05-14,2025-06-13,781.63,LATAM
INV-11108,Bluepeak Manufacturing,2025-03-27,2025-05-11,573.6,North America
INV-10849,Falcon Logistics,2025-07-03,2025-08-02,833.83,LATAM
INV-10967,Atlas Retail,2025-03-29,2025-05-28,805.33,EMEA
INV-11073,Vantage Manufacturing,2025-01-13,2025-02-12,1586.27,North America
INV-12565,Cedar Industries,2025-07-01,2025-07-31,661.29,APAC
INV-11906,Northgate Solutions,2025-05-28,2025-06-27,2214.86,APAC
INV-10156,Anchor Supply Co.,2025-01-27,2025-02-26,778.28,North America
INV-10666,Harbor Holdings,2025-07-06,2025-07-21,1629.11,EMEA
INV-10662,Harbor Manufacturing,2025-06-14,2025-07-29,904.9,LATAM
INV-11003,,2025-12-22,2026-02-20,1561.91,APAC
INV-12357,Meridian Group,2025-03-24,2025-04-23,1061.73,North America
INV-12869,Pinnacle Solutions,2025-11-20,2025-12-05,2395.47,EMEA
INV-10177,Pinnacle Partners,2025-08-13,2025-08-28,1497.72,LATAM
INV-12672,Union Industries,2025-05-06,2025-06-05,2499.44,North America
INV-11880,Meridian Group,2025-10-04,2025-11-18,716.74,North America
INV-11525,Cedar Logistics,2025-11-01,2025-11-16,1058.93,APAC
INV-12835,Ironwood Group,2025-01-14,2025-02-13,1189.1,EMEA
INV-11204,Anchor Logistics,2025-11-10,2025-12-10,2413.83,EMEA
INV-10025,Redwood Retail,2025-01-30,2025-03-16,906.92,North America
INV-12828,Summit Logistics,2025-11-12,2026-01-11,1399.96,North America
INV-12034,Northgate Consulting,2025-05-29,2025-06-28,2333.03,North America
INV-12093,Harbor Consulting,2025-12-29,2026-01-28,2591.49,LATAM
INV-12315,Union Industries,2025-08-03,2025-09-02,2695.48,APAC
INV-10876,Harbor Holdings,2025-11-10,2025-12-10,7443.54,North America
INV-12713,Vantage Holdings,2025-05-05,2025-06-04,2321.29,North America
INV-10939,Northgate Solutions,2025-01-17,2025-02-16,1843.5,APAC
INV-12715,Vantage Solutions,2025-01-14,2025-03-15,2060.87,APAC
INV-11553,Union Partners,2025-12-24,2026-01-23,671.7,LATAM
INV-10347,Cascade Retail,2025-02-01,2025-03-03,402.11,
INV-12524,Brightpath Group,2025-02-02,2025-03-19,1116.35,North America
INV-12990,Northgate Retail,2025-08-04,2025-09-03,12971.49,North America
INV-11234,Pinnacle Holdings,2025-06-23,2025-07-23,15089.26,North America
INV-11927,Harbor Manufacturing,2025-11-28,2025-12-13,151.83,EMEA
INV-10386,Brightpath Holdings,2025-05-12,2025-06-11,1694.86,LATAM
INV-11830,Anchor Supply Co.,2025-03-09,2025-03-24,1505.63,APAC
INV-12177,Cascade Manufacturing,2025-10-11,2025-11-10,348.31,LATAM
INV-12690,Anchor Industries,2025-05-25,2025-06-24,2568.87,APAC
INV-12212,Atlas Holdings,2025-02-03,2025-03-20,2550.55,North America
INV-10244,Silverline Retail,2025-10-04,2025-11-03,3226.59,APAC
INV-12745,Granite Industries,2025-06-11,2025-07-11,151.93,EMEA
INV-11827,Anchor Consulting,2025-03-25,2025-04-09,554.82,EMEA
INV-10937,Anchor Holdings,2025-09-26,2025-11-10,590.45,EMEA
INV-11690,Silverline Industries,2025-10-25,2025-11-09,1172.61,North America
INV-12597,Ironwood Manufacturing,2025-07-03,2025-09-01,857.46,North America
INV-10313,Anchor Consulting,2025-08-01,2025-08-31,3111.55,North America
INV-11460,Pinnacle Partners,2025-08-07,2025-09-06,2713.14,LATAM
INV-12943,Cedar Holdings,2025-06-21,2025-07-06,2634.46,APAC
INV-12310,Pinnacle Group,2025-04-07,2025-05-07,3290.81,EMEA
INV-11333,Redwood Partners,2025-01-08,2025-02-07,1221.58,North America
INV-10969,Cascade Supply Co.,2025-05-13,2025-07-12,1427.75,EMEA
INV-11455,Meridian Industries,2025-03-12,2025-04-11,2462.56,EMEA
INV-10661,Silverline Industries,2025-11-30,2026-01-14,883.33,APAC
INV-11935,Harbor Partners,2025-09-25,2025-11-24,15993.04,APAC
INV-10936,Union Industries,2025-12-30,2026-02-13,942.14,EMEA
INV-10371,Redwood Group,2025-04-10,2025-05-10,1513.32,LATAM
INV-10567,Falcon Logistics,2025-08-26,2025-10-25,236.44,LATAM
INV-11974,Ironwood Industries,2025-04-25,2025-06-24,1763.86,EMEA
INV-11855,Granite Logistics,2025-09-11,2025-10-11,3642.86,North America
INV-11025,Anchor Manufacturing,2025-11-29,2025-12-29,7007.87,EMEA
INV-10825,Atlas Supply Co.,2025-06-07,2025-07-07,991.33,North America
INV-10983,Brightpath Partners,2025-09-08,2025-09-23,620.0,LATAM
INV-12443,Brightpath Logistics,2025-05-13,2025-06-12,462.65,North America
INV-12084,Cascade Manufacturing,2025-09-15,2025-09-30,187.44,APAC
INV-11646,Redwood Partners,2025-03-24,2025-04-08,2176.51,North America
INV-12772,Sterling Manufacturing,2025-03-21,2025-04-05,756.03,LATAM
INV-12261,Redwood Holdings,2025-05-03,2025-06-02,2193.09,LATAM
INV-12214,Redwood Partners,2025-09-25,2025-11-24,985.47,EMEA
INV-10814,Harbor Solutions,2025-04-29,2025-06-13,1766.75,APAC
INV-11793,Anchor Logistics,2025-12-08,2026-01-07,1281.62,EMEA
 INV-11431 ,Cedar Logistics,2025-05-07,2025-06-21,1952.11,APAC
INV-10779,Summit Holdings,2025-09-19,2025-10-19,1384.38,APAC
INV-11750,Redwood Retail,2025-06-21,2025-07-21,3644.38,North America
INV-11321,Northgate Retail,2025-09-13,2025-10-13,1557.73,North America
INV-12121,Union Retail,2025-06-02,2025-07-17,12982.45,LATAM
INV-12974,Summit Manufacturing,2025-05-09,2025-06-08,8853.33,APAC
INV-11053,Granite Supply Co.,2025-01-24,2025-02-23,2309.13,EMEA
INV-12909,Cascade Partners,2025-02-17,2025-03-19,987.31,North America
INV-11014,Anchor Industries,2025-02-16,2025-04-02,796.1,North America
INV-11929,Cedar Solutions,2025-05-23,2025-07-22,3987.28,EMEA
INV-12263,Brightpath Consulting,2025-07-05,2025-07-20,4501.67,APAC
INV-10127,Meridian Consulting,2025-08-04,2025-09-03,606.99,LATAM
INV-12107,Meridian Partners,2025-11-20,2026-01-19,658.16,APAC
INV-11348,Pinnacle Solutions,2025-09-29,2025-10-29,3431.96,APAC
INV-10356,Summit Logistics,2025-06-08,2025-08-07,600.48,EMEA
INV-10828,Granite Industries,2025-12-31,2026-01-30,924.66,LATAM
INV-11640,Anchor Consulting,2025-11-01,2025-12-31,566.35,North America
INV-10985,Union Retail,2025-09-02,2025-10-02,1475.51,North America
INV-10363,Summit Holdings,2025-04-26,2025-05-26,1342.27,North America
INV-10346,Cedar Industries,2025-11-06,2025-12-06,1824.11,EMEA
INV-12074,Atlas Solutions,2025-10-28,2025-12-27,1767.96,LATAM
INV-10712,Granite Supply Co.,2025-10-15,2025-11-29,1356.9,LATAM
INV-12458,Falcon Retail,2025-11-13,2026-01-12,1836.22,LATAM
INV-10011,Summit Solutions,2025-02-18,2025-03-05,975.47,APAC
INV-12432,Harbor Solutions,2025-10-28,2025-11-27,591.29,North America
INV-11835,Cedar Logistics,2025-12-19,2026-01-18,853.04,EMEA
INV-10794,Harbor Logistics,2025-04-27,2025-06-26,469.15,North America
INV-12783,Sterling Retail,2025-11-04,2025-12-04,501.26,APAC
INV-10095,Granite Logistics,2025-08-14,2025-08-29,1040.13,EMEA
INV-10130,,2025-11-12,2025-12-27,940.93,LATAM
INV-12923,Brightpath Retail,2025-06-30,2025-07-30,1242.37,North America
INV-11901,Sterling Holdings,2025-06-15,2025-07-30,2771.82,LATAM
INV-12411,Sterling Consulting,2025-10-11,2025-12-10,3093.01,APAC
INV-11933,Crescent Supply Co.,2025-07-23,2025-09-21,973.81,EMEA
INV-12162,Ironwood Supply Co.,2025-10-01,2025-11-15,1847.99,LATAM
INV-11866,Union Industries,2025-04-13,2025-05-28,331.54,North America
INV-11659,Union Industries,2025-09-02,2025-10-02,598.31,North America
INV-10517,Falcon Partners,2025-11-23,2025-12-23,2323.49,North America
INV-11858,Vantage Holdings,2025-12-18,2026-01-17,1181.99,LATAM
INV-11278,Vantage Manufacturing,2025-08-26,2025-10-25,2109.04,EMEA
INV-10951,Ironwood Group,2025-11-28,2025-12-28,1191.4,EMEA
INV-11121,Union Logistics,2025-05-25,2025-06-24,4003.7,LATAM
INV-10420,Summit Group,2025-09-20,2025-11-19,1573.04,North America
INV-10923,Harbor Solutions,2025-10-02,2025-11-01,1668.49,APAC
INV-12442,Northgate Manufacturing,2025-04-13,2025-04-28,5132.3,EMEA
INV-10478,Meridian Industries,2025-10-19,2025-12-03,1958.87,APAC
INV-12036,Summit Partners,2025-12-17,2026-01-16,17742.07,LATAM
INV-12211,Meridian Industries,2025-03-29,2025-05-13,480.41,EMEA
INV-11693,Cascade Holdings,2025-01-04,2025-02-03,3242.72,APAC
INV-12228,Meridian Consulting,2025-05-09,2025-06-08,862.31,LATAM
INV-11472,Pinnacle Manufacturing,2025-08-21,2025-09-05,855.08,APAC
INV-11203,Vantage Solutions,2025-05-14,2025-06-28,1652.54,APAC
INV-11670,Meridian Industries,2025-03-13,2025-03-28,2421.3,North America
INV-12792,Falcon Retail,2025-08-03,2025-09-02,896.34,EMEA
INV-11971,Redwood Logistics,2025-02-15,2025-03-17,2525.52,North America
INV-10821,Silverline Industries,2025-02-08,2025-03-10,929.31,North America
INV-11998,Brightpath Logistics,2025-03-19,2025-05-03,669.35,North America
INV-12886,Northgate Group,2025-05-02,2025-06-16,944.11,APAC
INV-11249,Harbor Logistics,2025-09-09,2025-10-09,1826.96,APAC
INV-12678,Atlas Solutions,2025-02-24,2025-04-10,362.01,North America
INV-12631,Cascade Holdings,2025-10-27,2025-11-26,1933.17,North America
INV-11047,Redwood Supply Co.,2025-12-02,2026-01-31,2662.69,APAC
INV-11889,Crescent Industries,2025-11-12,2026-01-11,966.37,APAC
INV-10616,Silverline Retail,2025-01-07,2025-01-22,1662.87,APAC
INV-11319,Vantage Industries,2025-02-16,2025-03-18,855.29,LATAM
INV-12902,Redwood Holdings,2025-02-08,2025-03-10,1010.49,LATAM
INV-12476,Union Logistics,2025-07-13,2025-09-11,2833.89,LATAM
INV-11773,Crescent Consulting,2025-03-27,2025-05-11,845.24,APAC
INV-12970,Pinnacle Partners,2025-01-08,2025-02-07,1887.58,EMEA
INV-10132,Summit Supply Co.,2025-05-06,2025-05-21,1574.52,LATAM
INV-10078,Harbor Partners,2025-04-18,2025-05-18,1131.04,APAC
INV-12053,Anchor Manufacturing,2025-01-08,2025-02-07,818.68,North America
INV-10725,Falcon Manufacturing,2025-04-16,2025-05-01,1726.37,APAC
INV-11315 ,Meridian Group,2025-04-07,2025-05-07,1494.16,
INV-11852,Cascade Industries,2025-07-14,2025-08-13,7315.71,EMEA
INV-12620,Falcon Partners,2025-09-19,2025-10-19,5487.57,APAC
 INV-12502 ,Cascade Solutions,2025-10-23,2025-11-22,3538.17,LATAM
INV-11373,Cedar Solutions,2025-03-27,2025-04-26,430.65,LATAM
INV-11856,Granite Supply Co.,2025-02-12,2025-03-14,809.52,North America
INV-11320,Northgate Logistics,2025-04-22,2025-05-22,1251.03,APAC
INV-12892,Northgate Industries,2025-05-21,2025-06-20,217.56,LATAM
INV-12187,Pinnacle Manufacturing,2025-09-04,2025-10-04,410.94,LATAM
INV-10376,Crescent Consulting,2025-05-26,2025-06-10,742.03,APAC
INV-11909,Silverline Retail,2025-02-04,2025-03-21,505.46,LATAM
INV-10334,Falcon Solutions,2025-02-22,2025-03-24,804.77,EMEA
INV-12267,Sterling Group,2025-05-26,2025-06-25,298.65,APAC
INV-12317,Redwood Holdings,2025-03-13,2025-04-12,3149.65,LATAM
INV-11605,Cascade Group,2025-08-29,2025-09-28,958.65,LATAM
INV-11119,Granite Industries,2025-12-25,2026-01-09,1773.99,North America
INV-12846,Sterling Holdings,2025-04-17,2025-05-17,551.38,LATAM
INV-11944,Silverline Manufacturing,2025-07-05,2025-08-04,1086.95,APAC
INV-12277,Summit Consulting,2025-11-22,2025-12-22,2728.31,EMEA
INV-12660,Summit Supply Co.,2025-04-23,2025-06-22,2435.55,EMEA
INV-11343,Cascade Supply Co.,2025-12-28,2026-01-27,2193.48,APAC
INV-10321,Crescent Industries,2025-09-14,2025-10-29,1615.33,North America
INV-11620,Atlas Consulting,2025-12-05,2026-01-04,4161.38,EMEA
INV-12463,Falcon Retail,2025-06-28,2025-07-28,2284.78,North America
INV-12061,Falcon Manufacturing,2025-04-14,2025-05-14,3183.73,LATAM
INV-11674,Atlas Solutions,2025-06-23,2025-07-08,645.37,North America
INV-11943,Summit Supply Co.,2025-12-16,2026-01-15,1886.0,EMEA
INV-10261,Silverline Manufacturing,2025-05-24,2025-06-08,642.75,EMEA
INV-12370,Cascade Group,2025-01-23,2025-02-22,4501.79,North America
INV-12040,Brightpath Group,2025-07-01,2025-07-31,301.22,North America
INV-10690,Pinnacle Logistics,2025-06-19,2025-08-03,2207.99,LATAM
INV-10902,Atlas Supply Co.,2025-08-30,2025-09-29,1038.98,North America
INV-12027,Cedar Group,2025-09-08,2025-10-08,7483.53,LATAM
INV-10139,Falcon Retail,2025-10-12,2025-11-11,3078.4,LATAM
INV-11918,Sterling Retail,2025-10-17,2025-12-16,846.61,EMEA
INV-11829,Anchor Industries,2025-08-02,2025-09-01,1354.61,North America
INV-11574,Harbor Partners,2025-04-22,2025-05-22,436.63,North America
INV-10320,Union Logistics,2025-03-31,2025-04-30,1316.68,EMEA
INV-10654,Vantage Manufacturing,2025-05-18,2025-06-17,546.82,North America
INV-12138,Summit Group,2025-01-17,2025-03-18,5967.71,APAC
INV-12338,Northgate Partners,2025-10-22,2025-11-06,1548.12,APAC
INV-10559,Pinnacle Consulting,2025-10-05,2025-10-20,2111.19,LATAM
INV-10113,Silverline Supply Co.,2025-08-04,2025-09-03,1562.76,LATAM
INV-10532,Meridian Industries,2025-10-18,2025-12-17,331.83,EMEA
INV-10225,Silverline Supply Co.,2025-03-29,2025-04-28,968.03,LATAM
INV-10724,Crescent Supply Co.,2025-03-26,2025-05-10,2889.79,EMEA
INV-12444,Silverline Supply Co.,2025-11-22,2025-12-22,2753.8,APAC
INV-12587,Meridian Consulting,2025-06-02,2025-07-02,451.55,North America
INV-11434,Ironwood Holdings,2025-11-17,2025-12-17,875.88,APAC
INV-12345,Anchor Consulting,2025-12-08,2025-12-23,213.15,LATAM
INV-11459,Pinnacle Holdings,2025-12-19,2026-01-18,4725.73,EMEA
INV-12719,Vantage Industries,2025-05-06,2025-05-21,868.6,LATAM
INV-10847,Vantage Supply Co.,2025-04-13,2025-06-12,1920.33,EMEA
INV-10194,Sterling Logistics,2025-05-28,2025-06-27,482.43,North America
INV-11465,Brightpath Logistics,2025-04-08,2025-05-08,877.9,LATAM
INV-10947,Cascade Industries,2025-03-25,2025-05-09,375.04,EMEA
INV-12022,Union Industries,2025-03-25,2025-04-24,1900.06,APAC
INV-11630,Summit Retail,2025-11-09,2026-01-08,3189.11,APAC
INV-10118,Vantage Logistics,2025-08-31,2025-10-30,517.08,EMEA
INV-10646,Brightpath Partners,2025-05-19,2025-06-03,1158.11,North America
INV-11871,Pinnacle Manufacturing,2025-02-25,2025-03-12,547.23,LATAM
INV-10004,Atlas Solutions,2025-04-26,2025-05-11,5829.74,North America
INV-10075,Union Logistics,2025-04-09,2025-05-09,150.0,EMEA
INV-11756,Bluepeak Manufacturing,2025-08-29,2025-10-28,5096.42,APAC
INV-10468,Granite Manufacturing,2025-06-17,2025-08-01,2927.07,EMEA
INV-10006,Sterling Retail,2025-01-04,2025-01-19,1199.04,EMEA
INV-11247,Granite Holdings,2025-10-05,2025-10-20,1526.41,APAC
INV-10920,Brightpath Holdings,2025-02-27,2025-03-29,1762.84,EMEA
INV-10229,Bluepeak Group,2025-12-08,2025-12-23,777.61,APAC
INV-11064,Redwood Consulting,2025-05-21,2025-06-20,309.28,APAC
INV-10243,Harbor Manufacturing,2025-08-01,2025-08-31,2332.02,EMEA
INV-12579,Falcon Partners,2025-09-21,2025-10-21,1905.64,LATAM
INV-11161,Pinnacle Partners,2025-08-21,2025-09-05,156.11,APAC
INV-12530,Northgate Holdings,2025-01-18,2025-02-02,534.96,APAC
INV-11527,Ironwood Holdings,2025-02-14,2025-03-16,8071.77,APAC
INV-11606,Redwood Holdings,2025-10-21,2025-12-20,627.66,LATAM
INV-12802,Atlas Consulting,2025-12-23,2026-02-06,16709.46,LATAM
INV-12343,Summit Consulting,2025-07-21,2025-09-19,2304.96,EMEA
INV-12561,Crescent Group,2025-12-03,2026-01-02,594.37,LATAM
INV-11990,Cedar Industries,2025-05-14,2025-06-13,2183.6,LATAM
INV-12368,Cascade Manufacturing,2025-04-09,2025-06-08,318.42,EMEA
INV-11976,Ironwood Industries,2025-03-08,2025-04-07,1043.5,EMEA
INV-11762,Northgate Group,2025-04-15,2025-05-30,2886.83,APAC
INV-11306,Falcon Holdings,2025-01-04,2025-02-18,659.43,EMEA
INV-11542,Summit Group,2025-05-20,2025-06-19,7295.6,APAC
INV-10623,Crescent Logistics,2025-12-01,2026-01-30,8053.18,North America
INV-12329,Brightpath Partners,2025-03-22,2025-04-06,2768.29,LATAM
INV-11494,Ironwood Logistics,2025-01-19,2025-02-03,1747.77,APAC
INV-10111,Cascade Industries,2025-07-14,2025-08-13,263.25,LATAM
INV-12280,Meridian Supply Co.,2025-09-18,2025-11-02,2244.71,EMEA
INV-11170,Summit Supply Co.,2025-09-21,2025-11-20,3190.95,EMEA
INV-12477,Meridian Manufacturing,2025-04-30,2025-05-30,1202.57,North America
INV-10233,Granite Holdings,2025-04-12,2025-05-12,1542.28,North America
INV-10067,Harbor Logistics,2025-06-10,2025-07-10,1387.41,North America
INV-12725,,2025-11-06,2025-12-06,8658.77,EMEA
INV-12073,Granite Consulting,2025-06-26,2025-07-26,1603.26,EMEA
INV-12193,Meridian Manufacturing,2025-12-16,2026-01-15,9153.38,LATAM
INV-10537,Ironwood Holdings,2025-05-14,2025-06-13,682.41,LATAM
INV-10126,Redwood Consulting,2025-02-05,2025-03-22,10629.73,North America
INV-12134,Harbor Consulting,2025-03-25,2025-04-24,2521.56,EMEA
INV-11255,Ironwood Group,2025-06-11,2025-08-10,4468.92,North America
INV-12500,Ironwood Supply Co.,2025-02-19,2025-03-21,2010.31,North America
INV-11977,Falcon Industries,2025-05-25,2025-07-24,4071.23,LATAM
INV-12478,Anchor Manufacturing,2025-05-29,2025-06-13,5474.93,North America
INV-12342,Northgate Manufacturing,2025-07-16,2025-09-14,2162.19,North America
INV-12076,Redwood Solutions,2025-12-11,2026-02-09,1113.8,LATAM
INV-10485,Crescent Supply Co.,2025-01-24,2025-02-08,749.41,APAC
INV-11655,Brightpath Holdings,2025-01-10,2025-02-09,2007.48,North America
INV-12855,Summit Holdings,2025-09-23,2025-11-07,4430.04,EMEA
INV-12281,Cascade Manufacturing,2025-02-11,2025-03-13,313.18,EMEA
INV-12421,Summit Manufacturing,2025-05-11,2025-07-10,3799.35,LATAM
INV-11775,Pinnacle Partners,2025-05-02,2025-05-17,758.83,APAC
INV-10919,Meridian Partners,2025-01-07,2025-03-08,990.5,LATAM
INV-11647,Brightpath Industries,2025-07-15,2025-08-14,1250.84,North America
INV-11027,Granite Holdings,2025-02-23,2025-03-25,1531.81,LATAM
INV-11031,Meridian Manufacturing,2025-01-24,2025-02-08,1174.22,APAC
INV-10883,Northgate Logistics,2025-07-17,2025-08-16,952.89,EMEA
INV-11336,Summit Partners,2025-07-10,2025-07-25,1092.94,EMEA
INV-12844,Atlas Supply Co.,2025-03-14,2025-04-13,517.49,EMEA
INV-10365,Brightpath Partners,2025-12-05,2026-01-04,2754.88,LATAM
INV-12126,Sterling Holdings,2025-07-04,2025-08-03,2422.14,EMEA
INV-10028,Ironwood Partners,2025-09-18,2025-10-03,2075.85,North America
INV-10474,Granite Group,2025-11-02,2026-01-01,5065.39,APAC
INV-10526,Ironwood Logistics,2025-01-20,2025-02-04,291.67,North America
INV-10726,Union Consulting,2025-09-30,2025-10-30,1254.4,EMEA
INV-10056,Brightpath Industries,2025-04-02,2025-06-01,3422.59,LATAM
INV-10639,Granite Industries,2025-09-09,2025-10-09,463.61,LATAM
INV-10303,Vantage Partners,2025-04-03,2025-05-03,2900.28,APAC
INV-12625,Summit Supply Co.,2025-05-27,2025-06-26,2140.48,North America
INV-11277,Union Logistics,2025-08-17,2025-09-01,11936.98,APAC
INV-12653,Vantage Manufacturing,2025-01-21,2025-03-22,2344.23,APAC
INV-10625,Ironwood Group,2025-01-29,2025-03-30,6209.7,
INV-12056,Union Consulting,2025-08-12,2025-10-11,708.16,EMEA
INV-11281,Meridian Solutions,2025-04-27,2025-05-27,1669.35,APAC
INV-11050,Union Partners,2025-08-20,2025-09-04,5126.01,EMEA
INV-10337,Sterling Supply Co.,2025-10-16,2025-11-30,704.19,APAC
INV-10048,Pinnacle Logistics,2025-08-15,2025-09-29,3833.03,North America
INV-10107,Bluepeak Manufacturing,2025-08-28,2025-09-27,8083.4,North America
INV-11080,Granite Logistics,2025-09-19,2025-11-18,3181.79,North America
INV-11145,Meridian Consulting,2025-09-07,2025-10-22,1266.78,EMEA
INV-12402,Pinnacle Logistics,2025-09-17,2025-10-02,1735.65,
INV-11837,,2025-12-20,2026-01-04,528.82,North America
INV-11754,Falcon Holdings,2025-01-28,2025-02-12,284.98,APAC
INV-11102,Silverline Partners,2025-11-25,2026-01-09,150.0,North America
INV-11969,Northgate Solutions,2025-12-26,2026-01-25,1242.13,LATAM
INV-10524,Cedar Holdings,2025-03-31,2025-04-30,2473.87,North America
INV-11429,Cedar Industries,2025-04-06,2025-05-06,1213.02,LATAM
INV-12624,Ironwood Supply Co.,2025-01-01,2025-01-16,5268.04,EMEA
INV-10604,Falcon Manufacturing,2025-04-28,2025-05-28,5014.43,EMEA
INV-11490,Northgate Solutions,2025-06-19,2025-07-04,4611.58,North America
INV-12367,,2025-08-04,2025-08-19,913.95,APAC
INV-10061,Meridian Industries,2025-04-25,2025-05-10,961.74,LATAM
INV-12767,Brightpath Partners,2025-07-29,2025-09-12,1436.19,LATAM
INV-10672,,2025-07-13,2025-07-28,229.05,LATAM
INV-10093,Summit Partners,2025-08-19,2025-09-18,786.94,APAC
INV-10667,Northgate Manufacturing,2025-10-31,2025-12-15,1176.76,North America
INV-11888,Granite Supply Co.,2025-07-20,2025-08-19,2168.21,LATAM
INV-10281,Vantage Manufacturing,2025-02-11,2025-03-13,1639.53,North America
INV-11720,Sterling Retail,2025-12-21,2026-02-04,1000.31,APAC
INV-10360,Vantage Solutions,2025-11-27,2026-01-26,703.1,APAC
INV-10900,Sterling Manufacturing,2025-03-29,2025-05-28,709.64,North America
INV-11936,Ironwood Holdings,2025-09-12,2025-09-27,382.73,North America
INV-11995,Crescent Manufacturing,2025-07-04,2025-08-03,2031.04,APAC
INV-12684,Pinnacle Group,2025-02-22,2025-04-08,2860.31,EMEA
INV-10761,Crescent Supply Co.,2025-02-14,2025-03-01,881.77,North America
INV-12159,Brightpath Retail,2025-09-15,2025-09-30,4691.37,EMEA
INV-12640,Northgate Logistics,2025-02-04,2025-03-06,2117.8,North America
INV-10043,Redwood Consulting,2025-11-06,2025-12-06,1333.97,EMEA
INV-12174,Ironwood Holdings,2025-04-14,2025-05-14,1696.94,LATAM
INV-10205,Union Consulting,2025-03-18,2025-04-17,428.42,LATAM
INV-11474,Pinnacle Solutions,2025-02-16,2025-03-03,1500.0,APAC
INV-12101,Harbor Supply Co.,2025-08-08,2025-09-07,2077.18,LATAM
INV-10069,Northgate Consulting,2025-01-23,2025-03-24,2049.75,North America
INV-11876,Union Partners,2025-06-05,2025-07-20,5198.45,North America
INV-12395,Redwood Retail,2025-05-05,2025-06-04,1373.21,North America
INV-12232,Crescent Logistics,2025-02-13,2025-02-28,3015.63,LATAM
INV-10138,Harbor Supply Co.,2025-02-13,2025-03-15,1107.81,LATAM
INV-10797,Silverline Holdings,2025-04-02,2025-04-17,1428.53,LATAM
INV-12181,Sterling Supply Co.,2025-10-18,2025-11-17,1247.58,North America
INV-12129,Sterling Supply Co.,2025-09-01,2025-10-01,2818.17,North America
INV-10759,Cascade Industries,2025-08-14,2025-09-13,683.67,EMEA
INV-10542,Cascade Partners,2025-12-20,2026-01-04,535.53,APAC
INV-11020,Redwood Logistics,2025-03-12,2025-05-11,2168.41,APAC
INV-12304,Crescent Manufacturing,2025-01-05,2025-02-04,1854.15,APAC
INV-10166,Anchor Industries,2025-03-30,2025-05-14,2146.3,EMEA
INV-10249,Redwood Supply Co.,2025-10-02,2025-10-17,7251.1,APAC
INV-11332,Northgate Consulting,2025-05-01,2025-06-30,4433.24,APAC
INV-12018,Ironwood Supply Co.,2025-11-26,2025-12-26,243.84,North America
INV-10447,Falcon Supply Co.,2025-09-23,2025-10-23,2058.92,EMEA
INV-11359,Cedar Group,2025-01-17,2025-03-03,391.11,LATAM
INV-12146,Northgate Holdings,2025-09-08,2025-09-23,5658.29,APAC
INV-11330,Ironwood Logistics,2025-05-10,2025-06-09,2540.04,EMEA
INV-12928,Falcon Industries,2025-04-10,2025-05-10,1795.86,LATAM
INV-12151,Brightpath Holdings,2025-12-08,2026-01-07,1263.61,APAC
INV-10435,Sterling Manufacturing,2025-10-09,2025-11-23,5722.27,APAC
INV-12123,Crescent Manufacturing,2025-06-29,2025-07-29,1454.86,EMEA
INV-10578,Meridian Partners,2025-06-04,2025-07-04,2962.47,EMEA
INV-12407,Atlas Consulting,2025-07-23,2025-08-22,459.61,LATAM
INV-12759,Vantage Partners,2025-01-08,2025-02-07,535.1,North America
INV-11849,Harbor Consulting,2025-02-20,2025-03-22,3542.23,LATAM
INV-10763,Crescent Supply Co.,2025-08-08,2025-09-07,14825.09,EMEA
INV-10389,Pinnacle Holdings,2025-11-24,2026-01-08,3482.07,North America
INV-10236,Redwood Partners,2025-12-04,2026-01-03,2618.95,North America
 INV-12622 ,Northgate Logistics,2025-06-29,2025-08-28,3011.37,EMEA
INV-11985,Ironwood Holdings,2025-01-27,2025-02-26,3490.54,LATAM
INV-10268,Redwood Manufacturing,2025-02-05,2025-03-22,408.66,EMEA
INV-10771,Ironwood Consulting,2025-10-19,2025-11-18,2798.89,EMEA
INV-12166,Vantage Logistics,2025-05-12,2025-05-27,593.72,North America
INV-10438,Granite Supply Co.,2025-03-13,2025-04-12,427.48,North America
INV-10674,Redwood Solutions,2025-10-06,2025-10-21,1059.66,North America
INV-10250,Atlas Supply Co.,2025-12-11,2026-02-09,2131.29,LATAM
INV-12202,Ironwood Group,2025-04-01,2025-05-31,1246.61,North America
INV-11575,Brightpath Holdings,2025-03-17,2025-05-16,2252.48,LATAM
INV-12143,Anchor Holdings,2025-05-31,2025-06-30,1730.23,EMEA
INV-12082 ,Meridian Group,2025-10-13,2025-10-28,2542.97,APAC
INV-12635,Redwood Consulting,2025-10-07,2025-11-21,6836.02,APAC
INV-12585,Sterling Logistics,2025-08-26,2025-10-10,3971.19,North America
INV-12757,Anchor Industries,2025-04-17,2025-06-01,1764.32,EMEA
INV-10449,Silverline Supply Co.,2025-09-23,2025-10-23,932.17,APAC
INV-11470,,2025-07-21,2025-08-20,2208.66,LATAM
INV-10717,Granite Supply Co.,2025-08-23,2025-10-07,1640.58,North America
INV-12414,Silverline Industries,2025-02-06,2025-03-08,648.23,LATAM
INV-12632,Brightpath Retail,2025-03-08,2025-05-07,2245.91,North America
INV-12049,Anchor Supply Co.,2025-03-29,2025-05-28,1102.01,LATAM
INV-11902,Ironwood Industries,2025-02-21,2025-04-22,1096.15,APAC
INV-11169,Atlas Partners,2025-08-14,2025-09-13,2528.24,North America
INV-10083,Atlas Industries,2025-04-12,2025-05-12,5597.66,North America
INV-12440,Northgate Manufacturing,2025-04-12,2025-05-12,348.65,North America
INV-11461,Redwood Group,2025-06-10,2025-07-10,1306.87,North America
INV-11894,Silverline Partners,2025-06-29,2025-07-14,1341.24,EMEA
INV-11669,Brightpath Logistics,2025-02-13,2025-04-14,3154.41,EMEA
INV-12001,Bluepeak Group,2025-03-25,2025-05-24,806.21,LATAM
INV-10476,Ironwood Consulting,2025-03-10,2025-04-09,1183.07,LATAM
INV-10518,Granite Group,2025-07-31,2025-08-30,614.13,North America
INV-10405,Anchor Logistics,2025-06-08,2025-07-23,987.27,LATAM
INV-10385,Silverline Supply Co.,2025-11-12,2025-11-27,747.53,North America
INV-12449,Meridian Partners,2025-02-19,2025-03-21,731.14,North America
INV-12153,Atlas Solutions,2025-04-30,2025-05-30,1508.39,North America
INV-11634,Northgate Manufacturing,2025-09-24,2025-10-24,3740.46,APAC
INV-12877,Falcon Manufacturing,2025-04-20,2025-05-20,637.24,APAC
INV-10689,Sterling Consulting,2025-05-05,2025-06-19,2806.98,EMEA
INV-11241 ,Redwood Group,2025-07-01,2025-07-31,1052.35,APAC
INV-10063,Harbor Logistics,2025-06-29,2025-08-28,546.92,LATAM
INV-10853,Granite Group,2025-05-24,2025-06-08,834.1,APAC
INV-12769,Harbor Solutions,2025-02-12,2025-04-13,930.03,LATAM
INV-12621,Ironwood Consulting,2025-02-26,2025-03-28,2790.72,APAC
INV-11263,Bluepeak Consulting,2025-10-20,2025-11-19,2403.98,EMEA
INV-10224,Harbor Solutions,2025-05-06,2025-06-20,346.73,EMEA
INV-12194,Ironwood Supply Co.,2025-05-20,2025-06-19,434.04,APAC
INV-10374,Granite Holdings,2025-01-27,2025-03-28,3509.9,APAC
INV-11825,Harbor Industries,2025-01-07,2025-02-06,1722.94,APAC
INV-12553,Cascade Retail,2025-04-24,2025-05-24,7973.42,North America
INV-12887,Bluepeak Consulting,2025-01-10,2025-03-11,921.84,North America
INV-12667,Ironwood Partners,2025-04-03,2025-05-03,3175.93,EMEA
INV-12702,Vantage Solutions,2025-06-13,2025-07-13,3951.63,LATAM
INV-10010,Harbor Supply Co.,2025-05-05,2025-06-04,2412.22,EMEA
INV-11945,Crescent Logistics,2025-01-11,2025-03-12,2590.0,North America
INV-11839,Cascade Group,2025-02-25,2025-03-12,1436.68,North America
INV-10709,Granite Manufacturing,2025-03-13,2025-04-12,227.3,LATAM
INV-10256,Union Partners,2025-09-10,2025-09-25,957.37,EMEA
INV-11618,Vantage Manufacturing,2025-06-25,2025-07-10,752.49,EMEA
INV-10390,Union Consulting,2025-02-26,2025-03-28,880.76,North America
INV-11582,Cascade Supply Co.,2025-01-01,2025-03-02,4162.09,APAC
INV-10925,Redwood Partners,2025-01-20,2025-02-19,4339.62,LATAM
INV-12037,Northgate Solutions,2025-06-01,2025-07-16,2107.32,North America
INV-12419,Northgate Holdings,2025-07-29,2025-08-13,2104.06,LATAM
INV-11225,Pinnacle Consulting,2025-09-23,2025-10-08,1252.93,North America
INV-11947,Vantage Partners,2025-10-10,2025-11-09,2078.48,APAC
INV-10740,Atlas Solutions,2025-06-15,2025-07-15,3688.34,EMEA
INV-10041,Vantage Logistics,2025-03-10,2025-04-09,2877.34,North America
INV-10869,Ironwood Supply Co.,2025-06-22,2025-07-22,2677.64,EMEA
INV-10540,Brightpath Retail,2025-02-01,2025-04-02,880.77,LATAM
INV-12527,Granite Manufacturing,2025-10-12,2025-11-11,2160.48,North America
INV-11372,Pinnacle Logistics,2025-12-12,2026-01-11,6908.71,North America
INV-11146,Silverline Supply Co.,2025-11-27,2026-01-11,1501.2,APAC
INV-11032,Vantage Supply Co.,2025-01-07,2025-03-08,329.73,EMEA
INV-10373,Crescent Supply Co.,2025-03-24,2025-04-23,5464.51,APAC
INV-10668,Redwood Manufacturing,2025-08-25,2025-10-24,5730.7,LATAM
INV-10358,Redwood Holdings,2025-10-14,2025-11-13,1141.62,EMEA
INV-10968,Granite Group,2025-05-31,2025-06-15,7486.42,EMEA
INV-11354,Ironwood Supply Co.,2025-11-10,2025-12-10,2931.41,LATAM
INV-11036,Falcon Partners,2025-10-13,2025-11-27,6103.32,North America
INV-10471,Harbor Consulting,2025-02-16,2025-03-18,1155.69,LATAM
INV-11397,Summit Logistics,2025-01-26,2025-03-27,440.36,LATAM
INV-12638,Pinnacle Manufacturing,2025-10-09,2025-12-08,3453.62,APAC
INV-11550,Sterling Supply Co.,2025-07-20,2025-08-19,4465.96,APAC
INV-11257,Meridian Manufacturing,2025-06-16,2025-07-16,6669.6,EMEA
INV-12095,Harbor Manufacturing,2025-03-12,2025-03-27,3771.4,LATAM
INV-11556,Northgate Manufacturing,2025-07-06,2025-08-05,2060.35,APAC
INV-12606,Falcon Partners,2025-12-17,2026-01-16,1253.79,
INV-11251,Vantage Solutions,2025-01-28,2025-03-14,1993.79,LATAM
INV-11700,Union Partners,2025-03-02,2025-04-16,1739.97,APAC
INV-11253,Sterling Consulting,2025-07-21,2025-09-19,246.08,LATAM
INV-12798,Harbor Supply Co.,2025-06-12,2025-06-27,296.7,APAC
INV-10080,Redwood Logistics,2025-09-19,2025-10-19,247.44,North America
INV-11173,Vantage Logistics,2025-08-01,2025-08-31,1625.84,LATAM
INV-10815,Atlas Manufacturing,2025-08-23,2025-10-22,3746.81,North America
INV-11853,Granite Manufacturing,2025-07-28,2025-08-12,505.59,North America
INV-12221,Northgate Logistics,2025-01-25,2025-02-24,1072.23,LATAM
INV-12646,Bluepeak Supply Co.,2025-10-15,2025-11-14,730.49,APAC
INV-12106,Brightpath Holdings,2025-01-19,2025-03-20,6492.52,North America
INV-10134,Granite Supply Co.,2025-06-22,2025-07-07,2267.05,APAC
INV-11141,Union Retail,2025-08-08,2025-09-07,1132.51,APAC
INV-10934,Falcon Holdings,2025-09-06,2025-10-21,204.6,North America
INV-10929,Vantage Partners,2025-06-22,2025-07-22,6057.01,APAC
INV-10824,Redwood Manufacturing,2025-10-02,2025-11-01,1067.9,LATAM
INV-11532,Vantage Supply Co.,2025-06-24,2025-07-24,301.39,APAC
INV-11215,Cascade Logistics,2025-02-10,2025-03-27,1135.18,LATAM
INV-10505,Summit Supply Co.,2025-04-09,2025-05-09,824.21,APAC
INV-12983,Pinnacle Manufacturing,2025-12-16,2026-01-15,2861.91,EMEA
INV-12396,Sterling Group,2025-12-07,2026-01-06,401.54,LATAM
INV-11997,Granite Manufacturing,2025-08-12,2025-09-11,1445.38,LATAM
INV-11959,Crescent Partners,2025-11-25,2025-12-25,3829.35,LATAM
INV-11385,Atlas Supply Co.,2025-03-21,2025-04-20,2886.75,APAC
INV-10895,Ironwood Logistics,2025-12-05,2026-01-04,5135.55,EMEA
INV-10829,Ironwood Logistics,2025-09-20,2025-10-05,1014.18,APAC
INV-12938,Ironwood Partners,2025-01-02,2025-01-17,1204.0,LATAM
INV-11684,Pinnacle Industries,2025-12-14,2026-01-13,1982.12,North America
INV-12591,Sterling Logistics,2025-07-30,2025-08-14,4508.39,North America
INV-12575,Bluepeak Manufacturing,2025-08-06,2025-10-05,15657.63,APAC
INV-12529,Cascade Holdings,2025-12-01,2025-12-31,9422.82,APAC
INV-10653,Atlas Logistics,2025-03-28,2025-04-27,1162.12,APAC
INV-10173,Atlas Consulting,2025-02-06,2025-02-21,1381.06,APAC
INV-10039,Falcon Supply Co.,2025-10-06,2025-12-05,447.93,North America
INV-12878,Cascade Manufacturing,2025-04-30,2025-06-14,811.59,LATAM
INV-10714,Atlas Manufacturing,2025-09-08,2025-10-08,2120.11,North America
INV-10091,Harbor Consulting,2025-08-15,2025-09-29,1615.45,LATAM
INV-12973,Crescent Partners,2025-06-30,2025-08-29,432.04,North America
INV-11206,Cascade Supply Co.,2025-04-02,2025-05-02,1535.38,LATAM
INV-12602,Granite Supply Co.,2025-09-08,2025-10-23,2585.67,EMEA
INV-11828,Falcon Industries,2025-09-15,2025-10-15,5270.28,North America
INV-11156,Cedar Holdings,2025-08-17,2025-09-16,3673.26,EMEA
INV-11325,Summit Partners,2025-01-07,2025-01-22,1568.74,LATAM
INV-10217,Sterling Logistics,2025-06-12,2025-08-11,738.38,North America
INV-10511,Silverline Supply Co.,2025-01-22,2025-02-21,1888.26,APAC
INV-11681,Redwood Logistics,2025-02-19,2025-03-21,2128.89,North America
INV-10500,Granite Group,2025-07-30,2025-09-13,426.44,North America
INV-12495,Summit Logistics,2025-09-07,2025-11-06,477.78,APAC
INV-11857,Redwood Supply Co.,2025-07-17,2025-08-16,5183.41,APAC
INV-11389,Sterling Logistics,2025-09-05,2025-10-05,1523.56,North America
INV-11520,Granite Manufacturing,2025-10-17,2025-12-16,7853.25,North America
INV-12387,Pinnacle Logistics,2025-05-02,2025-07-01,1203.08,EMEA
INV-12739,Ironwood Group,2025-02-03,2025-03-05,5995.38,APAC
INV-12077,Redwood Manufacturing,2025-03-24,2025-05-08,2576.52,APAC
INV-11541,Brightpath Logistics,2025-09-30,2025-10-30,1444.09,North America
 INV-11218 ,Brightpath Logistics,2025-11-24,2025-12-24,1902.82,North America
INV-11417,Northgate Group,2025-08-19,2025-09-18,1558.24,APAC
INV-12218,Redwood Partners,2025-08-10,2025-09-09,1394.76,North America
INV-12535,Union Consulting,2025-09-25,2025-10-25,1016.75,EMEA
INV-11677,Crescent Group,2025-02-06,2025-02-21,4426.85,LATAM
INV-11198,Union Retail,2025-05-12,2025-06-11,2433.88,North America
INV-11543,Cascade Supply Co.,2025-02-28,2025-03-15,6602.04,North America
INV-10954,Bluepeak Group,2025-05-10,2025-06-09,5428.34,APAC
INV-10751,Vantage Holdings,2025-03-09,2025-04-23,644.9,LATAM
INV-10235,Cascade Partners,2025-10-22,2025-11-21,10193.95,North America
INV-10733,Atlas Logistics,2025-10-23,2025-12-22,2137.58,LATAM
INV-12386,Northgate Holdings,2025-04-30,2025-05-15,722.7,APAC
INV-11157,Pinnacle Partners,2025-09-05,2025-10-05,796.85,EMEA
INV-12590,Atlas Manufacturing,2025-09-09,2025-10-09,1398.04,EMEA
INV-12446,Anchor Holdings,2025-02-02,2025-03-04,1876.45,EMEA
INV-11210,Bluepeak Supply Co.,2025-04-20,2025-06-04,7148.22,APAC
INV-11066,Cascade Group,2025-11-05,2026-01-04,540.39,APAC
INV-12157,Redwood Retail,2025-04-09,2025-05-24,1056.08,North America
INV-11063,Northgate Logistics,2025-09-16,2025-10-16,4162.57,EMEA
INV-11168,Cedar Industries,2025-11-06,2025-11-21,2459.02,EMEA
INV-11493,Harbor Partners,2025-08-22,2025-10-21,890.85,APAC
INV-12555,Summit Manufacturing,2025-02-18,2025-04-04,677.59,APAC
INV-10885,Sterling Holdings,2025-10-07,2025-11-06,2734.5,LATAM
INV-10144,Crescent Industries,2025-10-09,2025-11-08,1747.9,LATAM
INV-12960,Falcon Logistics,2025-11-17,2026-01-16,546.94,LATAM
INV-10851,Northgate Manufacturing,2025-07-18,2025-08-17,844.86,North America
INV-10718,Atlas Logistics,2025-10-21,2025-11-05,1694.72,APAC
INV-12860,Cascade Partners,2025-12-29,2026-02-12,1762.87,LATAM
INV-10265,Northgate Partners,2025-03-04,2025-04-03,1179.31,EMEA
INV-10076,Falcon Supply Co.,2025-11-12,2025-12-27,3101.72,LATAM
INV-10396,Summit Consulting,2025-07-19,2025-08-18,970.43,LATAM
INV-12562,Atlas Logistics,2025-10-18,2025-12-17,1598.98,North America
INV-12225,Atlas Consulting,2025-05-08,2025-06-07,825.15,APAC
INV-12817,Northgate Logistics,2025-12-08,2026-01-07,2284.4,EMEA
INV-10397,Meridian Group,2025-07-11,2025-08-10,316.77,APAC
INV-11366,Anchor Industries,2025-02-06,2025-03-08,1283.47,EMEA
INV-12517,Redwood Group,2025-01-12,2025-02-26,1599.27,LATAM
INV-11904,Ironwood Consulting,2025-11-11,2025-12-11,2064.57,LATAM
INV-10596,Ironwood Supply Co.,2025-05-03,2025-06-17,935.41,APAC
INV-12110,Vantage Manufacturing,2025-09-28,2025-11-12,2547.5,LATAM
INV-11297,Redwood Supply Co.,2025-10-30,2025-12-14,3385.2,LATAM
INV-11822,Falcon Supply Co.,2025-06-11,2025-08-10,1586.31,APAC
INV-10873,Cascade Partners,2025-06-07,2025-08-06,427.78,EMEA
INV-12929,Redwood Partners,2025-04-01,2025-05-16,6126.05,LATAM
INV-12327,Harbor Industries,2025-01-30,2025-03-01,554.17,North America
INV-11549,Cascade Holdings,2025-07-16,2025-07-31,2949.74,LATAM
INV-10037,Pinnacle Consulting,2025-03-09,2025-04-08,1786.43,EMEA
INV-12543,Union Consulting,2025-12-22,2026-01-21,1217.66,EMEA
INV-12144,Northgate Logistics,2025-03-14,2025-04-28,1843.75,North America
INV-12863,Summit Supply Co.,2025-12-18,2026-02-16,548.91,LATAM
INV-10978,Harbor Supply Co.,2025-04-13,2025-05-13,167.09,LATAM
INV-11572,Union Logistics,2025-12-17,2026-01-31,478.73,APAC
INV-11123,Silverline Industries,2025-10-01,2025-10-31,2630.31,LATAM
INV-12240,Sterling Holdings,2025-11-14,2025-12-29,2745.41,APAC
INV-12505,Vantage Manufacturing,2025-10-22,2025-11-06,557.45,LATAM
INV-11893,Granite Industries,2025-08-08,2025-09-07,999.5,LATAM
INV-10676,Summit Consulting,2025-11-28,2026-01-12,735.07,LATAM
INV-10729,Sterling Retail,2025-03-11,2025-04-10,910.7,APAC
INV-10413,Silverline Supply Co.,2025-06-14,2025-06-29,372.15,APAC
INV-11517,Granite Holdings,2025-11-27,2025-12-27,5779.69,EMEA
INV-11650,Meridian Supply Co.,2025-04-02,2025-06-01,15223.68,North America
 INV-10826 ,Falcon Supply Co.,2025-02-16,2025-03-18,5475.54,North America
INV-10617,Meridian Group,2025-10-02,2025-11-01,1633.46,LATAM
INV-10115,Pinnacle Consulting,2025-06-29,2025-07-29,1244.98,North America
INV-10418,Silverline Solutions,2025-05-21,2025-07-20,1642.72,North America
INV-11626,Silverline Retail,2025-05-15,2025-06-14,3912.94,LATAM
INV-12957,Summit Solutions,2025-10-23,2025-12-22,3425.4,APAC
INV-10090,Northgate Retail,2025-08-22,2025-09-21,2349.46,APAC
INV-12083,Summit Group,2025-05-14,2025-06-13,403.64,EMEA
INV-10754,Meridian Holdings,2025-02-06,2025-03-08,3821.04,North America
INV-11631,Sterling Holdings,2025-05-19,2025-06-18,2289.89,APAC
INV-10012,Bluepeak Group,2025-08-05,2025-09-04,973.45,North America
INV-12445,Northgate Holdings,2025-02-13,2025-03-15,941.36,APAC
INV-10285,Silverline Holdings,2025-12-26,2026-01-10,10094.34,EMEA
INV-11067,Granite Manufacturing,2025-12-26,2026-02-09,461.64,EMEA
INV-11192,Summit Solutions,2025-12-14,2026-02-12,445.58,LATAM
INV-11441,Ironwood Industries,2025-10-05,2025-11-04,2688.11,EMEA
INV-12819,Granite Group,2025-02-28,2025-03-30,2109.95,North America
INV-12818,Silverline Holdings,2025-04-25,2025-05-25,2062.88,LATAM
INV-12728,Vantage Solutions,2025-12-30,2026-01-29,4950.92,EMEA
INV-11569,Northgate Retail,2025-02-28,2025-04-14,362.75,APAC
INV-12428,Northgate Partners,2025-01-07,2025-01-22,1399.72,LATAM
INV-12594,Northgate Manufacturing,2025-07-06,2025-08-05,1559.66,APAC
INV-11688,Redwood Logistics,2025-03-14,2025-04-13,1774.09,APAC
INV-10852,Sterling Group,2025-06-13,2025-07-28,897.91,North America
INV-12208,Redwood Manufacturing,2025-05-24,2025-06-23,2038.67,North America
INV-10896,Summit Logistics,2025-02-19,2025-03-06,2654.04,LATAM
INV-10497,Crescent Logistics,2025-12-15,2026-01-14,582.0,North America
INV-12306,Cascade Group,2025-08-30,2025-10-29,18000.0,EMEA
INV-11783,Cascade Partners,2025-11-28,2026-01-27,382.13,LATAM
INV-10336,Granite Supply Co.,2025-04-01,2025-05-31,1296.79,LATAM
INV-10516,Silverline Retail,2025-01-26,2025-03-27,2921.5,EMEA
INV-11349,Ironwood Consulting,2025-05-15,2025-06-29,432.6,LATAM
INV-11016,Northgate Retail,2025-06-01,2025-07-01,1768.91,North America
INV-12826,Redwood Group,2025-06-21,2025-07-21,6861.59,LATAM
INV-12821,Vantage Holdings,2025-01-04,2025-02-03,1151.71,APAC
INV-11782,Union Retail,2025-06-13,2025-07-13,1373.62,APAC
INV-11786,Silverline Holdings,2025-01-21,2025-02-20,398.7,North America
INV-12071,Northgate Group,2025-12-24,2026-01-23,3529.31,EMEA
INV-10357,Atlas Manufacturing,2025-11-01,2025-12-31,1455.84,APAC
INV-12870,Pinnacle Manufacturing,2025-01-18,2025-03-04,4474.2,LATAM
INV-11313,Anchor Manufacturing,2025-03-11,2025-04-10,5172.89,LATAM
INV-11636,Sterling Holdings,2025-01-07,2025-02-06,1029.38,North America
INV-10551,Cascade Solutions,2025-06-17,2025-08-01,1600.28,North America
INV-12389,Cascade Partners,2025-07-11,2025-08-10,3298.35,EMEA
INV-12480,Atlas Holdings,2025-10-21,2025-11-20,2761.77,APAC
INV-12522,Northgate Group,2025-07-27,2025-09-25,18000.0,LATAM
INV-12266,Ironwood Manufacturing,2025-01-23,2025-02-07,4329.71,
INV-11228,Bluepeak Consulting,2025-08-21,2025-09-20,1296.86,North America
INV-12698,Sterling Supply Co.,2025-03-17,2025-04-16,454.41,LATAM
INV-10958,Redwood Partners,2025-02-02,2025-03-04,2232.95,APAC
INV-11774,Summit Holdings,2025-04-04,2025-05-04,1763.66,EMEA
INV-12142 ,Falcon Holdings,2025-07-10,2025-08-09,1549.67,APAC
INV-11009,Harbor Supply Co.,2025-07-03,2025-09-01,3807.0,APAC
INV-11093,Granite Industries,2025-10-21,2025-12-05,2849.41,North America
INV-12692,Cedar Holdings,2025-11-06,2025-12-06,1188.36,LATAM
INV-10997,Cascade Logistics,2025-03-05,2025-04-04,7464.53,LATAM
INV-11680,Northgate Solutions,2025-03-30,2025-05-29,1003.79,APAC
INV-10154,Crescent Manufacturing,2025-01-07,2025-02-21,1824.44,LATAM
INV-12800,Pinnacle Solutions,2025-03-06,2025-05-05,1941.07,North America
INV-10581,Northgate Solutions,2025-10-12,2025-11-11,2007.5,APAC
INV-11471,Redwood Supply Co.,2025-01-13,2025-02-12,4345.81,EMEA
INV-10704,Vantage Logistics,2025-05-03,2025-06-02,416.71,EMEA
INV-11213,Northgate Consulting,2025-03-16,2025-04-15,775.44,North America
INV-10897,Redwood Solutions,2025-03-20,2025-04-04,1273.59,North America
INV-10488,Crescent Consulting,2025-11-10,2025-12-10,559.26,LATAM
INV-10560,Harbor Supply Co.,2025-01-17,2025-02-16,1013.45,EMEA
INV-11142,Northgate Consulting,2025-05-07,2025-06-06,5105.82,APAC
INV-11120,Falcon Supply Co.,2025-05-29,2025-07-28,3810.78,North America
INV-10513,Union Consulting,2025-04-20,2025-05-20,1193.86,APAC
INV-10634,Redwood Holdings,2025-12-13,2026-01-27,1008.08,LATAM
INV-12601,Brightpath Retail,2025-12-07,2026-01-06,273.45,LATAM
INV-11665,Harbor Manufacturing,2025-05-29,2025-07-28,4756.63,EMEA
INV-11013,Granite Supply Co.,2025-02-26,2025-04-12,9582.89,EMEA
INV-11932,Ironwood Consulting,2025-02-02,2025-03-04,2314.69,North America
INV-11151,Granite Group,2025-10-06,2025-11-20,606.53,EMEA
INV-12823,Brightpath Solutions,2025-08-01,2025-09-30,1416.57,North America
INV-10117,Brightpath Solutions,2025-11-15,2025-12-15,1434.77,EMEA
INV-10741,Redwood Consulting,2025-10-17,2025-11-16,282.37,North America
INV-12781,Granite Group,2025-10-07,2025-11-06,3252.13,EMEA
INV-11975,Granite Supply Co.,2025-05-17,2025-06-16,1455.58,LATAM
INV-11082,Vantage Industries,2025-10-10,2025-10-25,1081.03,APAC
INV-11811,Granite Supply Co.,2025-03-03,2025-04-02,958.38,North America
INV-10831,Cedar Solutions,2025-10-12,2025-12-11,441.42,EMEA
INV-10120,Vantage Logistics,2025-03-27,2025-05-11,2912.42,EMEA
INV-10657,Granite Supply Co.,2025-05-09,2025-06-08,1498.97,EMEA
INV-12750,Northgate Retail,2025-03-24,2025-04-23,1231.48,North America
INV-12710,Silverline Industries,2025-10-13,2025-11-12,6045.52,North America
INV-12950,Summit Manufacturing,2025-08-20,2025-09-19,341.24,APAC
INV-10636,Northgate Consulting,2025-01-28,2025-02-12,333.83,EMEA
INV-10370,Vantage Partners,2025-10-01,2025-10-31,738.26,LATAM
INV-10269,Vantage Manufacturing,2025-04-30,2025-05-30,996.21,North America
INV-10047,Atlas Supply Co.,2025-03-08,2025-05-07,977.92,EMEA
INV-10992,Meridian Partners,2025-05-29,2025-06-28,235.67,APAC
INV-10877,Redwood Holdings,2025-09-12,2025-10-12,929.04,North America
INV-10774,Harbor Consulting,2025-01-31,2025-03-02,3552.12,APAC
INV-11220,Harbor Logistics,2025-04-10,2025-04-25,10205.01,EMEA
INV-11127,Redwood Group,2025-01-22,2025-02-06,1943.75,LATAM
INV-10005,Atlas Partners,2025-10-29,2025-12-13,1199.02,EMEA
INV-11596,Union Retail,2025-08-06,2025-09-20,596.6,LATAM
INV-12312,Bluepeak Consulting,2025-07-11,2025-08-10,7447.92,EMEA
INV-12492,Sterling Retail,2025-12-27,2026-01-26,795.72,APAC
INV-11078,Cascade Supply Co.,2025-02-22,2025-04-08,1006.97,EMEA
INV-10838,Pinnacle Partners,2025-06-19,2025-07-04,602.74,LATAM
INV-10682,Atlas Manufacturing,2025-06-01,2025-07-01,535.85,North America
INV-11716,Redwood Supply Co.,2025-03-16,2025-04-15,1364.47,EMEA
INV-12353,Silverline Industries,2025-02-28,2025-04-29,2738.63,
INV-12618,Granite Consulting,2025-12-25,2026-02-23,1593.67,EMEA
INV-12362,Northgate Solutions,2025-08-15,2025-10-14,438.17,North America
INV-12198,Meridian Supply Co.,2025-10-12,2025-12-11,1506.03,LATAM
INV-11149,Anchor Holdings,2025-09-17,2025-11-16,6217.07,LATAM
INV-10575,Silverline Solutions,2025-10-04,2025-11-03,3122.74,EMEA
INV-10051,Pinnacle Partners,2025-08-09,2025-09-08,1981.63,APAC
INV-10854,Summit Group,2025-10-27,2025-11-26,4316.13,North America
INV-11983,Vantage Solutions,2025-07-16,2025-09-14,842.15,APAC
INV-11824,Crescent Industries,2025-10-01,2025-11-15,824.68,EMEA
INV-10834,Bluepeak Supply Co.,2025-03-08,2025-04-07,741.73,APAC
INV-11116,Union Industries,2025-07-18,2025-08-17,2055.89,LATAM
INV-11167,Sterling Logistics,2025-06-30,2025-07-30,5145.33,LATAM
INV-12519,Northgate Consulting,2025-07-16,2025-08-15,1203.73,APAC
INV-11907,Vantage Holdings,2025-10-21,2025-11-20,360.04,North America
INV-10972,Meridian Manufacturing,2025-06-19,2025-07-19,801.96,APAC
INV-10400,Falcon Logistics,2025-01-23,2025-02-22,4509.92,APAC
INV-12560,Cascade Group,2025-01-05,2025-03-06,3401.06,EMEA
INV-12369,Atlas Consulting,2025-02-19,2025-04-20,541.93,EMEA
INV-10020,Cascade Industries,2025-09-06,2025-10-06,415.27,LATAM
INV-10685,Union Partners,2025-06-28,2025-07-28,492.79,LATAM
INV-10036,Cascade Industries,2025-02-07,2025-03-24,493.36,APAC
INV-12847,Brightpath Consulting,2025-01-12,2025-02-11,871.33,LATAM
INV-10525,Ironwood Partners,2025-07-23,2025-08-22,744.76,APAC
INV-12456,Northgate Holdings,2025-03-13,2025-03-28,5644.98,APAC
INV-10921,Brightpath Group,2025-10-18,2025-12-02,3890.41,North America
INV-11842,Ironwood Industries,2025-03-05,2025-04-19,272.15,EMEA
INV-11891,Summit Manufacturing,2025-03-07,2025-04-06,2420.32,North America
INV-10538,Falcon Supply Co.,2025-05-17,2025-06-16,1047.23,North America
INV-11706,Crescent Manufacturing,2025-11-27,2025-12-27,1191.38,EMEA
INV-12949,Falcon Supply Co.,2025-02-18,2025-03-05,1251.12,APAC
INV-10246,Bluepeak Group,2025-06-23,2025-07-08,1095.48,North America
INV-10785,Crescent Supply Co.,2025-01-07,2025-03-08,2449.92,North America
INV-11410,,2025-06-26,2025-08-10,1181.16,APAC
INV-12538,Silverline Holdings,2025-04-21,2025-05-21,3383.31,EMEA
INV-10155,Redwood Consulting,2025-09-03,2025-10-03,1927.09,EMEA
INV-11687,Brightpath Retail,2025-06-21,2025-07-06,974.42,APAC
INV-10626,Northgate Consulting,2025-02-12,2025-03-14,934.4,APAC
INV-12894,Summit Logistics,2025-11-10,2025-11-25,1796.97,APAC
INV-11347,Crescent Consulting,2025-11-03,2025-12-18,150.0,North America
INV-10570,Anchor Manufacturing,2025-04-07,2025-06-06,1078.84,North America
INV-12951,Pinnacle Manufacturing,2025-12-06,2026-01-05,4382.59,APAC
INV-11759,Granite Logistics,2025-07-20,2025-08-19,6317.32,North America
INV-11817,Falcon Partners,2025-07-02,2025-08-01,213.44,APAC
INV-12066,Sterling Logistics,2025-09-20,2025-11-04,876.13,EMEA
INV-10128,Pinnacle Holdings,2025-07-05,2025-09-03,889.21,EMEA
INV-12996,Northgate Retail,2025-12-10,2025-12-25,1587.21,LATAM
INV-12007,Brightpath Group,2025-10-16,2025-12-15,1481.91,EMEA
INV-10981,Union Retail,2025-11-21,2025-12-06,3002.56,LATAM
INV-12993,Falcon Holdings,2025-10-25,2025-12-09,1579.45,EMEA
INV-10191,Harbor Industries,2025-01-28,2025-02-27,990.43,APAC
INV-11140,Ironwood Consulting,2025-10-17,2025-12-01,2782.36,APAC
INV-10993,Silverline Industries,2025-08-11,2025-10-10,1185.05,APAC
INV-10700,Summit Logistics,2025-11-02,2025-12-02,1253.37,North America
INV-10607,Crescent Industries,2025-03-28,2025-05-27,737.74,EMEA
INV-10181,Harbor Industries,2025-03-31,2025-04-30,2599.57,LATAM
INV-10302,Atlas Logistics,2025-11-08,2026-01-07,894.12,North America
INV-12545,Harbor Logistics,2025-07-10,2025-08-24,13148.26,EMEA
INV-12793,Crescent Industries,2025-12-23,2026-01-22,1020.76,LATAM
INV-11061,Harbor Partners,2025-09-18,2025-10-18,2964.69,
INV-12837,Atlas Industries,2025-10-20,2025-11-19,8215.05,EMEA
INV-12896,Cascade Retail,2025-07-11,2025-08-25,18000.0,North America
INV-12566,Meridian Partners,2025-05-22,2025-06-21,1025.27,EMEA
INV-11070,Crescent Industries,2025-12-30,2026-01-14,2022.02,LATAM
INV-12525,Brightpath Retail,2025-04-17,2025-06-16,3393.51,EMEA
INV-12206,Falcon Supply Co.,2025-02-16,2025-04-02,2264.63,EMEA
INV-11244,Harbor Manufacturing,2025-04-16,2025-05-16,593.9,EMEA
INV-10017,Anchor Industries,2025-08-25,2025-09-24,594.93,LATAM
INV-12999,Granite Holdings,2025-05-29,2025-07-13,1999.71,APAC
INV-10547,Silverline Supply Co.,2025-12-15,2026-01-29,2488.32,LATAM
INV-10659,Brightpath Industries,2025-01-04,2025-02-03,1769.19,LATAM
INV-12722,Atlas Solutions,2025-07-30,2025-09-28,939.01,LATAM
INV-12753,Meridian Partners,2025-09-14,2025-10-29,973.38,APAC
INV-11505,Granite Consulting,2025-04-03,2025-05-18,1270.08,APAC
INV-10960,Brightpath Solutions,2025-03-18,2025-05-02,2214.85,North America
INV-12332,Falcon Retail,2025-08-10,2025-10-09,1387.92,EMEA
INV-10798,Summit Partners,2025-04-25,2025-05-25,2733.53,LATAM
INV-10226,Brightpath Solutions,2025-11-14,2026-01-13,3944.41,LATAM
INV-12075,Cedar Group,2025-03-09,2025-04-08,849.05,LATAM
INV-11800,Falcon Retail,2025-04-17,2025-05-17,1508.97,APAC
INV-12486,Cascade Partners,2025-06-11,2025-07-11,3208.73,EMEA
INV-12981,Sterling Consulting,2025-11-02,2025-12-02,1877.35,LATAM
INV-12278,Brightpath Holdings,2025-10-02,2025-11-01,526.41,
INV-12086,Sterling Logistics,2025-10-15,2025-11-14,493.42,APAC
INV-11694,Falcon Retail,2025-08-02,2025-10-01,440.81,EMEA
INV-11046,Falcon Supply Co.,2025-02-16,2025-04-02,3279.0,EMEA
INV-10470 ,Crescent Solutions,2025-09-13,2025-10-13,881.62,North America
INV-10955,Anchor Logistics,2025-12-13,2026-01-27,1374.8,North America
INV-12995,Atlas Holdings,2025-01-28,2025-02-27,628.46,LATAM
INV-10640,Brightpath Group,2025-08-10,2025-09-09,461.48,LATAM
INV-12796,Meridian Solutions,2025-12-07,2026-02-05,689.81,North America
INV-11219,Harbor Industries,2025-04-14,2025-06-13,697.98,APAC
INV-11159,Pinnacle Partners,2025-07-09,2025-08-08,3581.69,EMEA
INV-11416,Anchor Manufacturing,2025-06-25,2025-08-24,3412.01,APAC
INV-12731,Sterling Group,2025-11-13,2025-11-28,4481.83,LATAM
INV-11528,Anchor Consulting,2025-08-20,2025-09-19,5936.76,APAC
INV-12939,Brightpath Solutions,2025-06-06,2025-08-05,338.48,EMEA
INV-11301,Summit Holdings,2025-07-31,2025-08-30,811.37,APAC
INV-12884,Brightpath Retail,2025-05-21,2025-06-20,2234.82,North America
INV-11604,Redwood Consulting,2025-11-10,2025-11-25,721.06,North America
INV-10161,Vantage Holdings,2025-11-07,2025-12-22,615.72,LATAM
INV-11705,Summit Consulting,2025-03-23,2025-05-22,2140.59,
INV-10957,Meridian Consulting,2025-06-02,2025-08-01,2015.16,LATAM
INV-12933,Bluepeak Manufacturing,2025-05-03,2025-05-18,664.93,North America
INV-10878,Meridian Solutions,2025-05-02,2025-06-01,1810.59,EMEA
INV-11920,Ironwood Logistics,2025-03-19,2025-05-18,967.89,LATAM
INV-11885,Cedar Group,2025-03-10,2025-04-09,1445.54,LATAM
INV-12201,Granite Industries,2025-07-12,2025-08-26,7509.42,LATAM
INV-10099,Redwood Holdings,2025-08-01,2025-08-31,1487.13,LATAM
INV-12845,Granite Supply Co.,2025-02-17,2025-03-04,1799.2,APAC
INV-12558,Bluepeak Manufacturing,2025-06-26,2025-08-25,1484.8,LATAM
INV-10254,Harbor Supply Co.,2025-12-25,2026-01-24,3748.9,North America
INV-10104,Summit Retail,2025-09-07,2025-10-07,719.06,LATAM
INV-11446,Vantage Manufacturing,2025-04-05,2025-05-05,823.68,North America
INV-11444,Harbor Holdings,2025-08-09,2025-09-08,460.75,EMEA
INV-11649,Harbor Manufacturing,2025-02-05,2025-03-07,4309.8,LATAM
INV-10587,Silverline Retail,2025-08-02,2025-09-16,979.04,EMEA
INV-10628,Falcon Manufacturing,2025-04-28,2025-05-28,1321.86,LATAM
INV-11697,Crescent Solutions,2025-11-02,2025-12-02,601.67,North America
INV-12102,Redwood Solutions,2025-09-22,2025-11-21,657.31,North America
INV-12200,Northgate Holdings,2025-12-10,2026-01-09,2296.37,APAC
INV-10404,Pinnacle Partners,2025-01-23,2025-02-22,1544.23,APAC
INV-11155,Atlas Consulting,2025-12-06,2026-01-05,6488.68,EMEA
INV-12256,Redwood Holdings,2025-11-04,2026-01-03,2053.43,APAC
INV-11683,Pinnacle Logistics,2025-02-02,2025-03-04,656.33,APAC
INV-12057,Northgate Retail,2025-02-14,2025-03-16,964.3,EMEA
INV-12862,Sterling Consulting,2025-04-09,2025-05-09,2288.13,EMEA
INV-10453,Atlas Solutions,2025-03-29,2025-05-28,609.63,North America
INV-12302,Redwood Partners,2025-06-04,2025-08-03,602.9,EMEA
INV-11328,Vantage Partners,2025-08-31,2025-09-30,1300.26,APAC
INV-12050,Sterling Logistics,2025-12-21,2026-01-20,1702.19,APAC
INV-10881,Summit Manufacturing,2025-12-21,2026-01-05,14389.29,APAC
INV-12936,Redwood Logistics,2025-09-11,2025-10-11,5571.41,EMEA
INV-10624,Bluepeak Retail,2025-07-27,2025-08-26,4968.52,LATAM
INV-12394,Redwood Holdings,2025-04-28,2025-06-27,824.67,APAC
INV-12790,Pinnacle Logistics,2025-01-28,2025-02-12,1742.86,APAC
INV-11788,Northgate Partners,2025-08-17,2025-09-16,752.24,APAC
INV-10263,Silverline Manufacturing,2025-02-20,2025-04-21,150.0,APAC
INV-11635,Ironwood Group,2025-10-08,2025-10-23,1095.21,North America
INV-11439,Redwood Group,2025-08-02,2025-09-01,2302.79,EMEA
INV-12199,Anchor Industries,2025-10-03,2025-10-18,831.03,North America
INV-11970,Meridian Manufacturing,2025-11-13,2025-12-13,4106.77,EMEA
INV-12521,Union Consulting,2025-02-02,2025-04-03,1733.14,EMEA
INV-11803,Northgate Retail,2025-03-31,2025-05-15,782.45,EMEA
INV-10641,Cascade Partners,2025-02-13,2025-03-30,1094.22,EMEA
INV-12386,Northgate Holdings,2025-04-30,2025-05-15,747.96,APAC
INV-12599,Redwood Holdings,2025-07-22,2025-08-21,4359.32,North America
INV-12848,Redwood Manufacturing,2025-11-17,2025-12-02,696.78,LATAM
INV-11960,,2025-04-13,2025-06-12,1809.7,APAC
INV-10489,Ironwood Logistics,2025-11-12,2026-01-11,6757.63,APAC
INV-11844,Summit Supply Co.,2025-02-16,2025-03-18,1609.31,APAC
INV-11735,Cascade Partners,2025-03-09,2025-04-08,3041.02,EMEA
INV-10147,Union Consulting,2025-03-03,2025-05-02,486.26,EMEA
INV-11535,Meridian Partners,2025-07-18,2025-09-16,973.18,North America
INV-11987,Union Logistics,2025-05-10,2025-06-24,2842.92,APAC
INV-11370,Atlas Retail,2025-10-13,2025-12-12,667.59,LATAM
INV-12451,Atlas Solutions,2025-09-06,2025-10-06,649.0,LATAM
INV-12954,Harbor Industries,2025-02-27,2025-03-29,5819.13,North America
INV-10660,Brightpath Industries,2025-06-18,2025-07-18,1299.94,LATAM
INV-11795,Northgate Industries,2025-01-07,2025-02-06,1793.42,APAC
INV-12512,Bluepeak Retail,2025-12-01,2026-01-30,2422.46,North America
INV-10187,Cedar Solutions,2025-12-06,2026-01-05,2266.32,North America
INV-11148,Anchor Industries,2025-11-17,2025-12-02,405.03,North America
INV-10609,Sterling Retail,2025-04-05,2025-05-20,298.61,North America
INV-12192,Harbor Consulting,2025-08-10,2025-09-09,2243.87,APAC
INV-11931,Granite Manufacturing,2025-01-29,2025-02-13,489.51,APAC
INV-10198,Summit Holdings,2025-03-02,2025-05-01,1699.95,LATAM
INV-12328,Harbor Solutions,2025-03-29,2025-04-28,1044.83,LATAM
INV-10294,Harbor Solutions,2025-12-10,2025-12-25,3180.02,APAC
INV-10767,Falcon Partners,2025-07-20,2025-08-19,1434.41,EMEA
INV-10401,Northgate Retail,2025-11-26,2025-12-26,352.49,LATAM
INV-10123,Silverline Partners,2025-04-12,2025-04-27,5231.82,North America
INV-10203,Redwood Consulting,2025-05-22,2025-06-21,3923.53,APAC
INV-10836,Cascade Manufacturing,2025-02-08,2025-02-23,1827.66,EMEA
INV-12295,Meridian Solutions,2025-07-08,2025-08-07,701.06,APAC
INV-11440,Redwood Holdings,2025-08-07,2025-09-06,2868.06,LATAM
INV-11734,Harbor Supply Co.,2025-12-21,2026-02-19,1126.8,EMEA
INV-11696,Sterling Consulting,2025-07-30,2025-08-29,8476.36,North America
INV-12963,,2025-06-08,2025-07-08,919.58,APAC
INV-11708,Falcon Partners,2025-01-23,2025-02-07,8183.65,EMEA
INV-12931,Anchor Manufacturing,2025-11-27,2025-12-27,3236.47,EMEA
INV-11154,Cedar Industries,2025-07-23,2025-08-22,449.99,North America
INV-11662,Falcon Supply Co.,2025-06-20,2025-08-19,1331.07,LATAM
INV-12433,,2025-02-25,2025-04-26,1449.25,APAC
INV-11760,Redwood Partners,2025-02-25,2025-03-27,4833.97,North America
INV-10855,Brightpath Solutions,2025-05-07,2025-07-06,5315.88,APAC
INV-11590,Meridian Group,2025-02-06,2025-04-07,1599.63,EMEA
INV-12268,Silverline Holdings,2025-03-31,2025-04-30,1973.74,EMEA
INV-10642,Atlas Logistics,2025-02-07,2025-02-22,6648.32,EMEA
INV-10002,Falcon Holdings,2025-07-24,2025-09-22,1307.09,LATAM
INV-12161,Cascade Solutions,2025-12-28,2026-02-11,544.4,North America
INV-10699,Silverline Retail,2025-12-10,2026-01-09,3400.32,APAC
INV-11637,Summit Manufacturing,2025-12-17,2026-01-16,626.65,EMEA
INV-11292,Crescent Manufacturing,2025-05-07,2025-07-06,13956.49,LATAM
INV-12874,Anchor Consulting,2025-05-06,2025-05-21,874.67,APAC
INV-12490,Redwood Group,2025-05-21,2025-07-20,263.04,LATAM
INV-11521,Redwood Holdings,2025-04-17,2025-06-01,4442.31,APAC
INV-11854,Meridian Partners,2025-08-27,2025-09-11,3385.44,EMEA
INV-11137,Pinnacle Consulting,2025-02-21,2025-03-23,4317.9,EMEA
INV-12916,Brightpath Partners,2025-09-16,2025-10-01,7814.59,EMEA
INV-11632,Summit Logistics,2025-12-02,2026-01-16,691.1,
INV-11999,Falcon Partners,2025-04-07,2025-05-07,1278.24,EMEA
INV-10664,Meridian Supply Co.,2025-05-30,2025-07-29,907.7,EMEA
INV-10684,Meridian Partners,2025-08-22,2025-09-21,2299.48,LATAM
INV-11258,Ironwood Holdings,2025-10-08,2025-11-07,2158.39,APAC
INV-10318,Sterling Manufacturing,2025-03-12,2025-04-11,1119.64,APAC
INV-10649,Pinnacle Industries,2025-10-11,2025-10-26,1202.5,LATAM
INV-11435,,2025-02-01,2025-04-02,1273.58,LATAM
INV-11480,Northgate Manufacturing,2025-05-28,2025-07-27,998.53,North America
INV-10710,Granite Industries,2025-11-14,2025-11-29,6814.52,North America
INV-11283,Meridian Partners,2025-08-16,2025-09-15,2799.78,LATAM
INV-11769,Falcon Manufacturing,2025-08-23,2025-09-22,1653.89,EMEA
INV-10973,Granite Group,2025-08-26,2025-09-10,3154.48,North America
INV-12676,Atlas Logistics,2025-05-08,2025-05-23,253.06,EMEA
INV-12681,Silverline Solutions,2025-03-21,2025-04-20,2727.74,APAC
INV-11307,Northgate Consulting,2025-07-30,2025-09-13,1518.33,LATAM
INV-11401,Northgate Solutions,2025-09-01,2025-10-16,576.96,LATAM
INV-11409,Falcon Industries,2025-07-07,2025-08-06,1107.2,APAC
INV-12238,Granite Consulting,2025-11-13,2025-12-13,627.32,North America
 INV-11497 ,Redwood Partners,2025-03-10,2025-03-25,9464.97,APAC
INV-12039,Northgate Retail,2025-07-31,2025-08-15,1446.62,APAC
INV-11530,Cascade Solutions,2025-04-14,2025-04-29,540.42,North America
INV-11664,Silverline Supply Co.,2025-10-01,2025-10-31,856.59,LATAM
INV-11355,,2025-11-25,2025-12-25,881.07,North America
INV-12942,Falcon Retail,2025-01-07,2025-03-08,972.78,LATAM
INV-12962,Pinnacle Group,2025-06-19,2025-07-19,856.0,APAC
INV-11644,Anchor Industries,2025-05-31,2025-06-30,2224.16,LATAM
INV-11052,Falcon Holdings,2025-10-08,2025-11-22,2113.76,North America
INV-10796,Meridian Holdings,2025-08-30,2025-09-29,3819.36,EMEA
INV-12694,Falcon Supply Co.,2025-03-18,2025-05-17,1311.53,APAC
INV-11598,Bluepeak Consulting,2025-07-30,2025-09-13,9430.89,APAC
INV-12605,Northgate Industries,2025-03-06,2025-04-05,843.95,North America
INV-12730,Cascade Industries,2025-03-06,2025-05-05,956.45,LATAM
INV-12626,Pinnacle Manufacturing,2025-08-09,2025-09-08,681.99,LATAM
INV-11820,Northgate Manufacturing,2025-09-21,2025-10-21,608.83,North America
INV-11723,Summit Group,2025-06-01,2025-07-16,2878.23,EMEA
INV-11184,Harbor Logistics,2025-11-16,2026-01-15,360.16,APAC
INV-12573,Cascade Group,2025-09-03,2025-10-03,1130.36,North America
INV-11060,Brightpath Group,2025-10-11,2025-11-10,1060.45,LATAM
INV-10541,Union Industries,2025-06-07,2025-07-07,3140.45,APAC
INV-11679,Brightpath Partners,2025-05-05,2025-07-04,3635.42,North America
INV-12797,Vantage Manufacturing,2025-03-19,2025-04-18,2479.51,LATAM
INV-12906,Northgate Holdings,2025-11-23,2025-12-23,2908.87,EMEA
INV-12533,Cascade Partners,2025-01-24,2025-03-10,2440.51,LATAM
INV-11758,Cascade Holdings,2025-04-07,2025-05-07,3489.76,North America
INV-11924,Brightpath Holdings,2025-05-03,2025-05-18,1835.96,EMEA
INV-10096,Meridian Solutions,2025-05-20,2025-06-19,396.56,North America
INV-11021,Atlas Logistics,2025-07-03,2025-08-02,2369.78,North America
INV-10564,Brightpath Retail,2025-12-01,2025-12-31,1103.87,EMEA
INV-12791,Ironwood Manufacturing,2025-06-02,2025-07-02,2528.87,APAC
INV-10864,Brightpath Partners,2025-11-11,2025-12-11,7452.39,APAC
INV-11485,Silverline Supply Co.,2025-07-29,2025-08-28,1812.05,North America
INV-11882,Cascade Solutions,2025-06-11,2025-07-11,6336.14,LATAM
INV-11039,Redwood Holdings,2025-06-14,2025-07-14,1811.67,APAC
INV-10207,Falcon Industries,2025-08-22,2025-09-21,2353.2,EMEA
INV-10393,Brightpath Solutions,2025-11-11,2025-12-11,451.15,LATAM
INV-12843,Northgate Holdings,2025-02-26,2025-03-28,5592.83,North America
INV-10871,Sterling Consulting,2025-11-29,2025-12-29,1262.37,APAC
INV-10398,Brightpath Solutions,2025-02-04,2025-03-06,5006.46,North America
INV-12815,Falcon Logistics,2025-02-23,2025-03-25,7702.51,North America
INV-12900,Falcon Partners,2025-10-03,2025-10-18,1917.15,APAC
INV-11029,Brightpath Partners,2025-11-10,2025-11-25,2571.3,LATAM
INV-12691,Atlas Manufacturing,2025-03-02,2025-04-01,592.88,North America
INV-11486,Summit Supply Co.,2025-05-06,2025-06-20,3426.63,EMEA
INV-12661,Union Consulting,2025-05-12,2025-05-27,513.87,North America
INV-10961,Meridian Solutions,2025-11-04,2025-12-04,2639.78,EMEA
INV-11571,Pinnacle Consulting,2025-06-07,2025-07-07,3025.52,North America
INV-12774,Northgate Retail,2025-04-25,2025-05-25,367.32,North America
INV-11896,Cedar Logistics,2025-12-19,2026-01-03,1061.02,North America
INV-12732,Cascade Supply Co.,2025-04-05,2025-06-04,6744.7,North America
INV-12147,Pinnacle Group,2025-02-04,2025-02-19,350.44,LATAM
INV-10805,Silverline Partners,2025-10-16,2025-11-15,1001.2,LATAM
INV-11752,Crescent Industries,2025-04-26,2025-05-26,2724.63,APAC
INV-12455,Redwood Supply Co.,2025-02-21,2025-03-08,2734.89,LATAM
INV-10503,Pinnacle Holdings,2025-06-10,2025-07-10,420.43,APAC
 INV-10780 ,Cascade Manufacturing,2025-07-20,2025-09-03,2587.91,APAC
INV-11864,Cascade Retail,2025-12-22,2026-02-05,306.84,EMEA
INV-10201,Meridian Holdings,2025-10-10,2025-11-09,2042.66,EMEA
INV-12183,Redwood Logistics,2025-07-11,2025-08-25,1258.46,EMEA
INV-12089,Brightpath Logistics,2025-12-28,2026-01-12,984.44,LATAM
INV-12279,Summit Supply Co.,2025-05-07,2025-05-22,2696.42,EMEA
INV-11797,Cascade Solutions,2025-04-21,2025-06-20,1110.82,LATAM
INV-10379,Falcon Partners,2025-01-14,2025-02-13,10623.49,LATAM
INV-12337,Pinnacle Holdings,2025-10-19,2025-11-18,2322.96,LATAM
INV-10419,Union Industries,2025-12-10,2026-02-08,4278.54,APAC
INV-11699,Ironwood Holdings,2025-01-03,2025-02-17,2350.81,EMEA
INV-10392,Pinnacle Logistics,2025-03-15,2025-04-14,2304.75,North America
INV-12641,Redwood Partners,2025-03-27,2025-05-11,7543.0,EMEA
INV-11523,Bluepeak Manufacturing,2025-06-23,2025-07-23,1207.33,EMEA
INV-11163,Falcon Logistics,2025-05-15,2025-06-29,423.85,EMEA
INV-11496,Sterling Manufacturing,2025-10-09,2025-10-24,9004.53,LATAM
INV-12696,Atlas Supply Co.,2025-12-05,2026-01-04,5368.1,North America
INV-12028,Vantage Solutions,2025-05-18,2025-07-02,4514.51,North America
INV-11153,Cedar Industries,2025-03-10,2025-04-09,832.92,North America
INV-11368,Falcon Industries,2025-09-30,2025-10-30,639.1,EMEA
INV-12569,Brightpath Solutions,2025-02-09,2025-04-10,3205.44,North America
INV-10065,Cedar Holdings,2025-03-01,2025-03-31,3075.66,APAC
INV-12063 ,Summit Solutions,2025-11-19,2026-01-18,2103.63,LATAM
INV-11181,Sterling Supply Co.,2025-02-13,2025-03-15,1740.46,LATAM
INV-10493,Cedar Logistics,2025-08-02,2025-09-16,1587.05,North America
INV-10380,Ironwood Holdings,2025-09-15,2025-10-15,715.18,LATAM
INV-12236,Silverline Solutions,2025-02-22,2025-04-23,2857.46,North America
INV-10764,Atlas Manufacturing,2025-05-22,2025-07-21,1357.7,EMEA
INV-12265,Meridian Industries,2025-05-29,2025-06-28,2730.38,APAC
INV-10792,Atlas Consulting,2025-09-13,2025-10-28,1784.55,APAC
INV-11077,Granite Industries,2025-10-05,2025-10-20,364.7,LATAM
INV-10879,Brightpath Industries,2025-11-22,2025-12-07,1458.58,LATAM
INV-10338,Brightpath Holdings,2025-11-18,2025-12-18,1108.49,LATAM
INV-12768 ,Granite Manufacturing,2025-07-07,2025-08-21,2228.91,APAC
INV-12344,Union Consulting,2025-03-22,2025-04-21,922.02,APAC
INV-11017,Pinnacle Partners,2025-02-21,2025-03-23,823.63,APAC
INV-11276,Pinnacle Industries,2025-05-26,2025-06-25,1681.67,LATAM
INV-10456,Anchor Holdings,2025-11-13,2026-01-12,725.18,LATAM
INV-10816,Summit Logistics,2025-09-16,2025-10-16,388.77,North America
INV-12318,Summit Logistics,2025-07-15,2025-08-14,849.35,North America
INV-10996,Northgate Group,2025-03-09,2025-04-08,1149.42,EMEA
INV-11982,Anchor Logistics,2025-06-15,2025-08-14,427.67,EMEA
INV-10202,Silverline Industries,2025-11-03,2025-12-18,2452.11,North America
INV-10162,Ironwood Logistics,2025-08-19,2025-09-18,3006.03,LATAM
INV-11580,Union Industries,2025-11-10,2025-12-25,713.92,EMEA
INV-12778,Meridian Solutions,2025-06-18,2025-07-03,1191.12,
INV-12450,Meridian Partners,2025-07-12,2025-08-26,795.14,APAC
INV-10703,Granite Manufacturing,2025-12-11,2026-01-10,785.32,North America
INV-11501,Granite Logistics,2025-09-05,2025-11-04,2982.52,LATAM
INV-11130,Cascade Group,2025-07-31,2025-09-29,1989.99,EMEA
INV-12614,Bluepeak Supply Co.,2025-03-03,2025-04-02,1471.64,North America
INV-11022,Northgate Manufacturing,2025-07-10,2025-08-09,883.3,North America
INV-11586,Cascade Industries,2025-08-11,2025-09-25,2762.23,EMEA
INV-11956,Cedar Solutions,2025-06-30,2025-07-30,5099.99,APAC
INV-12254,Pinnacle Consulting,2025-11-24,2025-12-24,1464.28,APAC
INV-10035,Harbor Holdings,2025-08-23,2025-10-07,3103.51,North America
INV-10776,Bluepeak Supply Co.,2025-08-05,2025-10-04,360.25,North America
INV-12557,Cedar Group,2025-03-29,2025-04-28,150.0,EMEA
INV-11479,Vantage Partners,2025-08-03,2025-09-02,665.98,LATAM
INV-11391,Silverline Supply Co.,2025-10-23,2025-11-22,2239.43,North America
INV-12140,Redwood Group,2025-03-03,2025-04-02,395.13,APAC
INV-11364,Pinnacle Group,2025-10-13,2025-12-12,616.61,APAC
INV-12946,Anchor Manufacturing,2025-05-07,2025-06-06,526.94,North America
INV-12613,Brightpath Holdings,2025-04-07,2025-05-22,1234.79,EMEA
INV-12825,Harbor Industries,2025-03-20,2025-04-19,1412.1,APAC
INV-12042,Summit Logistics,2025-04-02,2025-05-02,1024.18,North America
INV-10242,Cascade Partners,2025-03-09,2025-03-24,1335.07,APAC
INV-12062,Ironwood Group,2025-01-27,2025-02-26,1308.15,North America
INV-12364,Union Retail,2025-01-27,2025-03-13,4029.59,North America
INV-10601,Sterling Group,2025-01-24,2025-03-10,2925.7,EMEA
INV-12436,Union Partners,2025-09-09,2025-09-24,1061.49,North America
INV-11298,Bluepeak Manufacturing,2025-09-26,2025-11-25,1139.97,APAC
INV-12215,Bluepeak Manufacturing,2025-12-14,2025-12-29,969.68,APAC
INV-12889,Silverline Retail,2025-01-19,2025-03-05,1046.79,North America
INV-12069,Pinnacle Group,2025-05-18,2025-07-17,5326.63,LATAM
INV-10647,Sterling Supply Co.,2025-04-06,2025-05-06,150.0,LATAM
INV-11529,Falcon Holdings,2025-03-31,2025-04-15,953.4,North America
INV-12880,Summit Supply Co.,2025-02-22,2025-04-08,1250.63,North America
INV-11268,Harbor Industries,2025-03-10,2025-05-09,656.21,APAC
INV-11900,Redwood Group,2025-06-12,2025-07-12,1134.64,LATAM
INV-10563,Redwood Retail,2025-02-11,2025-04-12,3242.22,EMEA
INV-12735,Falcon Holdings,2025-03-26,2025-04-10,8851.61,LATAM
INV-10190,Northgate Retail,2025-12-03,2026-01-17,378.66,LATAM
INV-11807,Crescent Partners,2025-04-25,2025-05-10,1882.61,EMEA
INV-10976,Silverline Retail,2025-12-15,2026-01-14,270.27,APAC
INV-12748,Atlas Industries,2025-09-15,2025-10-15,525.36,LATAM
INV-12048,Vantage Logistics,2025-01-03,2025-02-02,1467.96,North America
INV-12559,Atlas Holdings,2025-09-02,2025-10-17,1988.31,APAC
INV-11083,Cascade Solutions,2025-04-14,2025-05-29,1108.24,EMEA
 INV-10475 ,Meridian Consulting,2025-10-02,2025-10-17,6505.94,LATAM
INV-12905,Brightpath Group,2025-06-13,2025-07-13,377.87,LATAM
INV-10748,Cedar Logistics,2025-07-22,2025-09-20,750.06,EMEA
INV-12301,Redwood Holdings,2025-06-20,2025-07-20,3815.22,APAC
INV-10022,Redwood Supply Co.,2025-07-19,2025-08-18,1208.1,APAC
INV-10460,Granite Holdings,2025-08-14,2025-09-13,503.66,LATAM
INV-11185,Redwood Consulting,2025-03-27,2025-05-26,607.49,LATAM
INV-12325,Granite Consulting,2025-05-26,2025-06-25,1472.86,APAC
INV-10956,Falcon Holdings,2025-01-04,2025-02-18,4046.33,APAC
INV-11216,Meridian Partners,2025-07-25,2025-09-08,4550.39,APAC
INV-12434,Redwood Manufacturing,2025-03-15,2025-04-14,1265.32,LATAM
INV-12854,Anchor Holdings,2025-04-09,2025-05-24,1805.31,North America
INV-11516,,2025-12-11,2026-01-10,1326.67,North America
INV-12392,Meridian Solutions,2025-03-10,2025-04-09,641.26,North America
INV-10770,Brightpath Partners,2025-07-04,2025-08-03,7564.37,LATAM
INV-11686,Summit Consulting,2025-06-14,2025-07-14,4310.94,EMEA
INV-10131,Atlas Logistics,2025-08-12,2025-10-11,366.65,APAC
INV-12920,,2025-03-17,2025-04-16,4751.83,North America
INV-12136,Silverline Retail,2025-12-27,2026-02-10,883.38,North America
INV-11483,Granite Supply Co.,2025-10-06,2025-10-21,7004.22,EMEA
INV-10331,Anchor Industries,2025-06-20,2025-07-20,1464.07,North America
INV-11239,Redwood Consulting,2025-02-17,2025-03-19,2470.28,North America
 INV-10467 ,Summit Partners,2025-11-12,2025-12-12,2572.8,EMEA
INV-12170,Northgate Manufacturing,2025-11-11,2025-12-11,2252.33,North America
INV-11639,Northgate Partners,2025-01-13,2025-02-27,9473.68,North America
INV-11096,Union Consulting,2025-08-01,2025-09-15,1376.58,LATAM
INV-11131,Sterling Group,2025-03-24,2025-04-23,1976.77,APAC
INV-11295,Redwood Retail,2025-09-01,2025-10-01,1593.43,APAC
INV-10861,Cascade Logistics,2025-03-31,2025-04-30,1776.91,North America
