Payment ID,Invoice ID,Payment Date,Amount Paid,Payment Method
PAY-53205,INV-12896,2025-08-25,18000.0,ACH
PAY-50950,INV-10867,2025-12-03,531.22,Credit Card
PAY-52459,INV-12199,11/04/2025,295.1,ACH
PAY-50140,INV-10131,2025-08-19,93.94,Check
PAY-50300,INV-10282,2025-03-19,1365.93,Check
PAY-50315,INV-10297,2025-12-11,3326.38,Credit Card
PAY-50863,INV-10787,2025-04-09,872.86,Bank Transfer
PAY-50071,INV-10069,2025-02-13,2049.75,ACH
PAY-50803,INV-10738,02/10/2025,3584.67,Credit Card
PAY-51927,INV-11737,2025-12-24,573.46,ACH
PAY-52230,INV-11990,2025-07-05,714.19,Bank Transfer
PAY-51105,INV-11013,2025-05-06,3908.02,Credit Card
PAY-52878,INV-12586,2025-07-10,25.62,ACH
PAY-52589,INV-12320,03/03/2025,549.97,Credit Card
PAY-52109,INV-11891,2025-04-20,852.76,Bank Transfer
PAY-51961,INV-11766,02/15/2025,133.32,ACH
PAY-50555,INV-10501,2026-02-18,608.46,Bank Transfer
PAY-51438,INV-11307,2025-08-08,934.41,ACH
PAY-52635,INV-12365,2025-08-25,840.22,Credit Card
PAY-50316,INV-10298,2026-01-13,1951.92,Check
PAY-50810,INV-10746,2025-04-19,206.11,Credit Card
PAY-50145,INV-10136,2025-06-02,5972.62,Credit Card
PAY-50735,INV-10673,2026-01-03,88.26,Bank Transfer
PAY-52485,INV-12224,2025-07-06,1257.52,Credit Card
PAY-51004,INV-10913,2025-03-31,1852.79,Bank Transfer
PAY-50603,INV-10550,2025-12-12,859.55,Bank Transfer
PAY-51953,INV-11760,2025-04-02,4833.97,Bank Transfer
PAY-51221,INV-11120,2025-07-08,624.78,ACH
PAY-52972,INV-12673,2025-10-23,184.07,ACH
PAY-52994,INV-12692,2025-11-26,1188.36,Check
PAY-50928,INV-10844,2025-12-19,1692.01,Credit Card
PAY-51860,INV-11678,2026-01-01,5820.75,Bank Transfer
PAY-52684,INV-12410,2025-09-11,526.66,Credit Card
PAY-52813,INV-12530,2025-03-01,76.36,Credit Card
PAY-50185,INV-10175,2025-09-05,1898.88,ACH
PAY-50411,INV-10379,2025-02-15,10623.49,Credit Card
PAY-52922,INV-12628,2025-03-07,2774.19,Check
PAY-51589,INV-11435,2025-03-23,297.38,Check
PAY-50565,INV-10511,2025-02-04,1888.26,Credit Card
PAY-51851,INV-11673,2025-10-22,1040.46,Bank Transfer
PAY-53048,INV-12753,2025-11-27,240.98,ACH
PAY-52324,INV-12079,2025-04-17,1305.7,ACH
PAY-52988,INV-12687,2026-01-09,2258.24,Bank Transfer
PAY-51018,INV-10927,09/30/2025,432.31,Credit Card
PAY-50568,INV-10514,2025-12-10,654.06,Bank Transfer
PAY-52316,INV-12071,2026-01-24,953.56,Bank Transfer
PAY-53104,INV-12805,2025-08-02,1358.43,Bank Transfer
PAY-51682,INV-11522,2025-03-06,401.83,ACH
PAY-53077,INV-12776,2025-03-16,1145.52,ACH
PAY-50052,INV-10051,2025-08-14,1981.63,Bank Transfer
PAY-52860,INV-12569,2025-03-17,915.76,Check
PAY-51379,INV-11251,2025-03-03,1993.79,ACH
PAY-52127,INV-11907,2025-12-24,184.82,ACH
PAY-51743,INV-11582,2025-01-31,4162.09,Credit Card
PAY-52856,INV-12566,2025-07-04,1025.27,Check
PAY-50053,INV-10053,01/06/2026,199.57,Credit Card
PAY-53161,INV-12860,2026-01-19,1762.87,Bank Transfer
PAY-52438,INV-12182,2026-01-15,1073.09,Bank Transfer
PAY-53293,INV-12992,2025-03-25,2545.05,Check
PAY-50424,INV-10386,2025-05-22,1694.86,ACH
PAY-53364,INV-19607,2025-06-10,3466.33,Bank Transfer
PAY-51911,INV-11723,2025-07-31,2878.23,Check
PAY-52132,INV-11911,2025-12-02,7039.3,Check
PAY-51557,INV-11406,2025-05-26,749.11,ACH
PAY-50791,INV-10725,2025-06-07,291.08,Bank Transfer
PAY-50027,INV-10029,2025-11-27,862.15,ACH
PAY-51554,INV-11403,12/27/2025,4303.28,Credit Card
PAY-52943,INV-12648,2025-11-27,417.79,Check
PAY-52228,INV-11990,2025-05-27,492.16,Check
PAY-51068,INV-10971,2025-07-04,1661.2,Bank Transfer
PAY-50479,INV-10434,2026-01-31,2823.66,ACH
PAY-52171,INV-11944,2025-07-27,405.27,Credit Card
PAY-51324,INV-11207,2025-06-09,786.98,ACH
PAY-52770,INV-12490,06/27/2025,263.04,Check
PAY-51125,INV-11031,2025-02-20,413.59,Credit Card
PAY-50031,INV-10036,2025-02-11,493.36,Check
PAY-52712,INV-12441,2025-08-20,7148.27,Credit Card
PAY-50193,INV-10187,2026-01-07,2266.32,Credit Card
PAY-52668,INV-12394,2025-06-17,824.67,Credit Card
PAY-52595,INV-12327,2025-02-24,554.17,Bank Transfer
PAY-50239,INV-10228,2026-01-12,561.17,ACH
PAY-50322,INV-10302,2025-11-21,894.12,Credit Card
PAY-52556,INV-12292,2025-05-07,3572.33,ACH
PAY-52390,INV-12134,2025-05-12,188.07,Check
PAY-51500,INV-11356,2025-10-04,11.34,ACH
PAY-53232,INV-12927,2025-03-16,346.97,Bank Transfer
PAY-50606,INV-10552,2026-01-03,305.3,Bank Transfer
PAY-53261,INV-12957,2025-12-27,948.7,Bank Transfer
PAY-51361,INV-11237,2025-07-28,242.56,ACH
PAY-50018,INV-10018,2025-10-17,1964.17,ACH
PAY-50858,INV-10784,2026-01-09,2564.52,Check
PAY-52504,INV-12240,2025-11-28,2745.41,Check
PAY-50299,INV-10282,2025-03-11,592.52,ACH
PAY-51427,INV-11297,2025-11-09,3385.2,Credit Card
PAY-51951,INV-11758,2025-06-09,2185.92,ACH
PAY-50292,INV-10278,2025-10-18,862.47,ACH
PAY-52427,INV-12174,05/11/2025,495.76,ACH
PAY-51609,INV-11450,02/28/2025,187.2,Bank Transfer
PAY-51875,INV-11690,2025-11-05,81.54,Bank Transfer
PAY-50197,INV-10191,2025-04-03,377.18,ACH
PAY-50184,INV-10173,2025-03-08,1381.06,Bank Transfer
PAY-51721,INV-11559,2025-09-10,5672.7,Credit Card
PAY-51518,INV-11372,2025-12-31,6908.71,Bank Transfer
PAY-52836,INV-12548,2025-06-25,33.85,Credit Card
PAY-52771,INV-12491,12/09/2025,1461.98,ACH
PAY-53182,INV-12876,2025-01-14,652.81,Check
PAY-50694,INV-10631,2025-07-07,322.72,ACH
PAY-51511,INV-11366,2025-03-20,1283.47,Credit Card
PAY-50033,INV-10038,2025-08-17,3.58,Bank Transfer
PAY-51443,INV-11309,2025-05-06,643.85,Check
PAY-52209,INV-11972,2025-01-29,17.38,Bank Transfer
PAY-53040,INV-12746,2026-01-06,1133.49,ACH
PAY-52514,INV-12249,2025-12-24,1248.62,ACH
PAY-51850,INV-11672,2025-04-11,126.14,Check
PAY-52288,INV-12046,2025-05-16,554.48,Check
PAY-50840,INV-10772,2025-09-17,430.22,Credit Card
PAY-50818,INV-10754,2025-02-28,3821.04,ACH
PAY-50171,INV-10162,2025-09-18,3006.03,Credit Card
PAY-50839,INV-10771,2025-11-22,2798.89,ACH
PAY-52645,INV-12374,2025-03-26,2325.3,Bank Transfer
PAY-50135,INV-10127,2025-10-07,244.7,Check
PAY-53127,INV-12826,2025-08-02,612.13,Credit Card
PAY-51201,INV-11102,2025-12-20,150.0,Credit Card
PAY-52853,INV-12563,2025-12-28,643.63,ACH
PAY-51790,INV-11622,2025-12-08,405.67,Check
PAY-52044,INV-11839,2025-03-05,1436.68,Check
PAY-51780,INV-11613,2025-04-28,3277.38,Credit Card
PAY-51613,INV-11452,07/05/2025,6849.93,ACH
PAY-52299,INV-12056,2025-09-16,708.16,Check
PAY-53059,INV-12759,2025-01-19,535.1,ACH
PAY-51290,INV-11178,11/30/2025,1354.92,Credit Card
PAY-53053,INV-12755,2025-08-27,1384.99,ACH
PAY-51002,INV-10912,2025-03-26,211.23,Check
PAY-52408,INV-12147,2025-02-20,74.86,Credit Card
PAY-51978,INV-11778,2025-12-22,1431.77,Bank Transfer
PAY-51739,INV-11578,2025-12-30,4222.85,Check
PAY-52184,INV-11951,2025-06-20,300.15,Credit Card
PAY-53259,INV-12956,2025-08-06,7134.0,ACH
PAY-53361,INV-19761,2025-07-05,1291.58,ACH
PAY-50240,INV-10229,2026-01-28,217.69,Check
PAY-50496,INV-10447,2025-10-05,2058.92,ACH
PAY-52590,INV-12321,2025-11-25,2198.55,ACH
PAY-51668,INV-11510,2025-01-16,5595.83,Check
PAY-50296,INV-10280,2025-09-19,1046.51,Check
PAY-51601,INV-11443,2025-07-03,140.4,ACH
PAY-50081,INV-10080,2025-11-04,39.19,Credit Card
PAY-50195,INV-10190,12/22/2025,378.66,Bank Transfer
PAY-50507,INV-10455,2026-01-07,918.52,Bank Transfer
PAY-50094,INV-10091,2025-10-24,777.86,Bank Transfer
PAY-51090,INV-10997,2025-04-24,7464.53,Credit Card
PAY-52594,INV-12326,2026-02-06,2702.32,Check
PAY-51037,INV-10942,2026-01-06,370.4,Check
PAY-50868,INV-10790,2026-02-22,332.0,Credit Card
PAY-51653,INV-11492,2025-11-24,14799.95,Bank Transfer
PAY-51023,INV-10931,2025-04-05,554.29,Check
PAY-52534,INV-12273,2025-08-19,805.82,Bank Transfer
PAY-51898,INV-11712,04/02/2025,229.95,Bank Transfer
PAY-50280,INV-10269,2025-06-01,996.21,ACH
PAY-51748,INV-11586,2025-09-18,2762.23,Bank Transfer
PAY-52482,INV-12219,2026-02-11,9796.2,Credit Card
PAY-51075,INV-10980,2025-10-03,2934.74,ACH
PAY-51624,INV-11465,04/21/2025,877.9,Check
PAY-52697,INV-12424,2025-07-13,15.19,Check
PAY-52793,INV-12513,2025-10-10,2425.99,Bank Transfer
PAY-50963,INV-10877,2025-09-21,340.06,Bank Transfer
PAY-50439,INV-10397,07/20/2025,316.77,ACH
PAY-52740,INV-12465,2025-10-03,3236.48,Check
PAY-52150,INV-11927,2025-12-25,151.83,Bank Transfer
PAY-51400,INV-11270,2025-08-02,744.51,Credit Card
PAY-53202,INV-12894,2025-11-24,1014.56,Check
PAY-51269,INV-11162,2025-04-11,5568.06,ACH
PAY-51056,INV-10961,2026-01-07,575.61,ACH
PAY-51770,INV-11607,2025-08-01,1653.09,Bank Transfer
PAY-53156,INV-12855,2025-11-11,4430.04,Check
PAY-52883,INV-12590,2025-09-17,1398.04,ACH
PAY-52309,INV-12065,02/18/2025,917.38,Bank Transfer
PAY-52081,INV-11867,2025-06-11,3749.18,Bank Transfer
PAY-51118,INV-11026,2026-02-25,2192.27,Credit Card
PAY-51428,INV-11298,2025-10-20,1139.97,Check
PAY-51331,INV-11212,2025-09-24,248.56,ACH
PAY-52463,INV-12204,02/02/2025,462.23,Bank Transfer
PAY-51188,INV-11088,10/16/2025,582.37,Credit Card
PAY-50613,INV-10557,2025-06-15,954.47,Check
PAY-51426,INV-11296,2025-11-22,1354.24,Bank Transfer
PAY-53020,INV-12723,2026-02-09,570.77,Check
PAY-50870,INV-10792,2025-10-09,1784.55,Bank Transfer
PAY-50359,INV-10332,2025-11-05,139.65,Check
PAY-51111,INV-11021,2025-07-29,2369.78,Credit Card
PAY-51287,INV-11175,2025-11-03,751.02,Bank Transfer
PAY-50175,INV-10167,2025-02-21,3102.16,Check
PAY-50326,INV-10304,07/07/2025,90.55,Credit Card
PAY-50941,INV-10858,2025-04-04,149.82,Check
PAY-51469,INV-11333,2025-02-09,1221.58,Credit Card
PAY-52417,INV-12156,01/01/2026,850.03,Credit Card
PAY-52958,INV-12665,2025-10-05,2245.95,Bank Transfer
PAY-53060,INV-12760,2025-10-01,2592.66,Credit Card
PAY-50103,INV-10099,2025-08-24,1487.13,Bank Transfer
PAY-53068,INV-12767,2025-08-13,1436.19,Check
PAY-50409,INV-10377,2025-10-15,3245.71,Bank Transfer
PAY-53358,INV-19625,2025-04-02,4250.43,Bank Transfer
PAY-50204,INV-10198,2025-04-16,1699.95,Bank Transfer
PAY-50487,INV-10439,2025-07-17,153.35,Check
PAY-51952,INV-11759,2025-09-07,6317.32,Bank Transfer
PAY-51950,INV-11758,2025-04-23,468.22,ACH
PAY-52440,INV-12184,10/27/2025,5092.7,Check
PAY-52421,INV-12161,2026-02-08,544.4,Credit Card
PAY-51033,INV-10939,2025-03-09,617.09,Credit Card
PAY-51226,INV-11125,2026-01-22,6438.74,Credit Card
PAY-50415,INV-10381,2025-03-18,234.3,Check
PAY-52133,INV-11913,2025-04-14,669.75,Check
PAY-51579,INV-11428,06/25/2025,548.46,Credit Card
PAY-50045,INV-10046,2025-06-09,774.44,Check
PAY-51081,INV-10988,2026-01-12,3260.47,Check
PAY-51964,INV-11769,09/20/2025,1653.89,Check
PAY-50077,INV-10077,11/12/2025,1600.93,Bank Transfer
PAY-51212,INV-11113,2025-07-10,3239.13,ACH
PAY-50290,INV-10277,2025-10-23,1070.75,Bank Transfer
PAY-51622,INV-11463,2025-03-15,283.7,Check
PAY-51299,INV-11185,2025-05-16,291.44,ACH
PAY-52430,INV-12177,10/13/2025,348.31,Bank Transfer
PAY-52354,INV-12107,2025-12-02,658.16,Check
PAY-53251,INV-12947,2025-01-27,421.77,Check
PAY-51948,INV-11756,2025-10-13,1036.64,Check
PAY-50167,INV-10158,11/06/2025,2267.54,ACH
PAY-51757,INV-11595,2025-08-16,176.51,Bank Transfer
PAY-51607,INV-11449,2025-04-17,4511.81,Check
PAY-51352,INV-11230,2025-10-24,10823.45,Credit Card
PAY-52099,INV-11883,2025-01-28,487.4,Check
PAY-52190,INV-11957,2025-09-07,216.57,Credit Card
PAY-50323,INV-10303,2025-04-11,2900.28,Check
PAY-52963,INV-12669,2025-12-02,678.08,Bank Transfer
PAY-52986,INV-12685,2025-02-13,374.97,Credit Card
PAY-50788,INV-10724,2025-05-12,2889.79,Bank Transfer
PAY-51578,INV-11427,06/07/2025,9419.96,ACH
PAY-52343,INV-12097,2025-07-07,595.63,ACH
PAY-51420,INV-11288,03/21/2025,2338.33,Bank Transfer
PAY-51914,INV-11725,2025-08-04,164.59,Credit Card
PAY-52296,INV-12054,2026-01-12,52.75,ACH
PAY-51256,INV-11154,2025-09-24,111.87,Bank Transfer
PAY-50310,INV-10291,2025-02-14,1227.44,ACH
PAY-52674,INV-12399,2025-04-14,513.78,Bank Transfer
PAY-50258,INV-10244,2025-10-09,3226.59,Check
PAY-53039,INV-12745,06/21/2025,151.93,Bank Transfer
PAY-51043,INV-10949,2026-01-10,1420.8,Bank Transfer
PAY-52176,INV-11946,2026-02-25,1061.41,Check
PAY-50782,INV-10714,2025-09-18,2120.11,Check
PAY-51979,INV-11779,2025-08-07,1005.89,ACH
PAY-52667,INV-12393,2025-12-02,147.47,ACH
PAY-51430,INV-11300,2025-02-26,1977.38,ACH
PAY-50332,INV-10310,2025-02-15,1234.01,Check
PAY-52802,INV-12520,2025-11-10,687.96,Credit Card
PAY-51205,INV-11106,2025-09-12,580.61,Check
PAY-50369,INV-10338,2025-12-09,1108.49,ACH
PAY-53031,INV-12737,2025-03-16,1094.85,Credit Card
PAY-50230,INV-10221,2025-07-04,789.08,Check
PAY-52358,INV-12111,2025-10-09,343.79,Credit Card
PAY-51235,INV-11133,2025-10-24,6325.47,Check
PAY-52723,INV-12448,2025-02-14,1198.75,Bank Transfer
PAY-51134,INV-11039,2025-07-05,1811.67,Credit Card
PAY-50512,INV-10459,2025-09-10,899.39,Credit Card
PAY-50241,INV-10229,12/30/2025,305.25,Check
PAY-50480,INV-10435,2025-12-07,5722.27,ACH
PAY-50832,INV-10763,2025-08-29,14825.09,ACH
PAY-50766,INV-10701,07/08/2025,924.77,Check
PAY-50681,INV-10620,2025-07-07,1810.75,Check
PAY-52177,INV-11946,2026-03-12,228.56,Credit Card
PAY-51954,INV-11760,2025-04-14,1448.88,Credit Card
PAY-51362,INV-11237,2025-07-05,1386.59,ACH
PAY-50153,INV-10144,2025-10-15,1747.9,Bank Transfer
PAY-51252,INV-11152,2025-08-27,69.56,Bank Transfer
PAY-51104,INV-11012,2025-05-14,1768.42,Check
PAY-51593,INV-11436,2025-02-17,247.49,Bank Transfer
PAY-51399,INV-11270,2025-08-16,1207.45,Bank Transfer
PAY-50257,INV-10243,2025-09-17,2332.02,Bank Transfer
PAY-52863,INV-12574,2025-08-17,1414.9,Bank Transfer
PAY-51591,INV-11435,2025-04-20,57.73,Credit Card
PAY-50394,INV-10362,2025-05-07,5880.9,ACH
PAY-51466,INV-11330,2025-06-10,2540.04,Credit Card
PAY-51746,INV-11584,2025-10-15,1564.8,Bank Transfer
PAY-51012,INV-10921,2025-12-22,3890.41,Credit Card
PAY-52000,INV-11796,2025-07-05,41.41,ACH
PAY-50179,INV-10170,2026-01-29,751.17,Bank Transfer
PAY-53255,INV-12951,12/07/2025,4382.59,Check
PAY-52015,INV-11807,2025-04-28,1882.61,Bank Transfer
PAY-51038,INV-10943,2025-09-26,2657.61,ACH
PAY-50388,INV-10357,2025-11-23,1455.84,ACH
PAY-50906,INV-10827,2025-05-20,1539.55,Check
PAY-52203,INV-11970,2025-12-02,546.14,Credit Card
PAY-51351,INV-11229,2025-06-19,3524.49,Credit Card
PAY-50765,INV-10700,2025-11-12,1253.37,Credit Card
PAY-50015,INV-10013,2026-01-04,1840.45,Credit Card
PAY-50403,INV-10370,2025-10-30,149.78,Bank Transfer
PAY-50174,INV-10166,2025-04-10,2146.3,Credit Card
PAY-51507,INV-11363,2025-10-13,1648.5,ACH
PAY-50502,INV-10452,2025-10-01,3496.89,Check
PAY-52845,INV-12555,2025-03-07,677.59,Credit Card
PAY-50440,INV-10398,02/26/2025,5006.46,Check
PAY-52173,INV-11945,2025-04-12,342.37,Credit Card
PAY-51133,INV-11038,2025-09-16,396.26,Credit Card
PAY-51841,INV-11663,2025-03-10,219.28,ACH
PAY-51396,INV-11266,04/26/2025,414.74,Bank Transfer
PAY-50819,INV-10755,2025-03-14,187.7,Check
PAY-51117,INV-11025,2026-01-04,240.63,Bank Transfer
PAY-51671,INV-11513,05/09/2025,776.55,Bank Transfer
PAY-50064,INV-10065,2025-04-19,3075.66,Check
PAY-50267,INV-10258,2025-09-13,782.97,Check
PAY-51341,INV-11221,2026-01-05,119.58,Bank Transfer
PAY-53367,INV-19575,2025-12-31,1770.7,Check
PAY-51993,INV-11791,2025-10-07,273.79,ACH
PAY-52315,INV-12071,03/04/2026,1265.63,Bank Transfer
PAY-50756,INV-10691,2025-06-07,1069.7,Bank Transfer
PAY-50677,INV-10616,2025-02-01,1662.87,Check
PAY-50255,INV-10241,2025-08-22,725.41,Check
PAY-52289,INV-12046,2025-05-28,1284.86,ACH
PAY-52603,INV-12333,2025-11-12,377.63,Bank Transfer
PAY-50558,INV-10502,2025-11-21,8254.18,Credit Card
PAY-51612,INV-11451,2025-12-07,124.54,Check
PAY-50125,INV-10120,2025-04-02,2912.42,Bank Transfer
PAY-51254,INV-11152,2025-08-05,17.39,Bank Transfer
PAY-50264,INV-10252,2025-09-23,3381.5,ACH
PAY-51433,INV-11303,2025-07-10,1264.63,ACH
PAY-50462,INV-10417,2025-04-04,404.65,ACH
PAY-50597,INV-10540,2025-03-23,880.77,ACH
PAY-52165,INV-11937,2025-06-19,1860.06,Bank Transfer
PAY-51432,INV-11302,2025-02-02,3614.97,Check
PAY-51534,INV-11390,2025-12-22,247.82,Credit Card
PAY-52360,INV-12112,2026-01-14,1278.56,Check
PAY-52592,INV-12322,03/14/2025,440.43,Check
PAY-50089,INV-10088,2025-08-25,1989.97,Check
PAY-52987,INV-12686,2025-08-13,1967.54,Check
PAY-53204,INV-12895,2026-01-22,1270.07,ACH
PAY-51234,INV-11132,2025-05-10,2164.03,Credit Card
PAY-52935,INV-12641,2025-04-01,3978.53,Credit Card
PAY-51922,INV-11731,2025-10-14,195.32,Credit Card
PAY-52425,INV-12173,2025-07-01,1110.02,Check
PAY-53286,INV-12981,2025-12-02,1877.35,ACH
PAY-52747,INV-12469,2025-05-23,2738.04,Check
PAY-53092,INV-12793,2026-01-26,91.2,ACH
PAY-50121,INV-10115,2025-08-14,19.95,Credit Card
PAY-52046,INV-11842,2025-05-05,272.15,Bank Transfer
PAY-51262,INV-11157,2025-09-18,796.85,Bank Transfer
PAY-53216,INV-12909,2025-03-08,987.31,ACH
PAY-52384,INV-12129,2025-09-17,2818.17,ACH
PAY-51648,INV-11488,2026-01-14,183.82,Credit Card
PAY-50579,INV-10524,2025-04-21,2473.87,Check
PAY-52654,INV-12382,03/01/2026,126.02,Check
PAY-52012,INV-11802,2025-01-16,365.72,Bank Transfer
PAY-50843,INV-10773,2025-02-20,153.88,Check
PAY-51890,INV-11703,2025-02-02,2620.84,Bank Transfer
PAY-50110,INV-10108,2025-09-15,1732.15,ACH
PAY-51753,INV-11592,2025-03-16,150.0,ACH
PAY-51974,INV-11775,2025-06-12,364.25,Check
PAY-50215,INV-10207,2025-09-12,751.8,Check
PAY-50599,INV-10544,2025-09-29,5417.62,Credit Card
PAY-50458,INV-10415,2025-11-27,1996.36,Check
PAY-52931,INV-12639,2025-07-26,584.48,Bank Transfer
PAY-51810,INV-11635,2025-10-21,1095.21,Check
PAY-50786,INV-10720,2025-08-07,1406.34,Credit Card
PAY-51690,INV-11530,2025-05-16,540.42,Bank Transfer
PAY-51616,INV-11456,02/12/2025,303.48,ACH
PAY-51236,INV-11134,2025-06-08,2226.49,Credit Card
PAY-53241,INV-12940,2025-07-21,1039.79,Bank Transfer
PAY-52229,INV-11990,2025-07-20,180.04,Check
PAY-50444,INV-10402,12/04/2025,257.06,Bank Transfer
PAY-52419,INV-12157,2025-06-12,79.07,Credit Card
PAY-51478,INV-11341,2025-04-19,1710.46,Credit Card
PAY-53037,INV-12743,2025-06-27,1539.42,Check
PAY-50713,INV-10655,2025-05-08,3929.18,Credit Card
PAY-50046,INV-10047,2025-05-30,140.55,ACH
PAY-53201,INV-12894,2025-11-21,294.9,Bank Transfer
PAY-52718,INV-12444,2025-11-25,2753.8,Bank Transfer
PAY-50219,INV-10211,2025-03-26,1425.73,Check
PAY-51564,INV-11414,2025-02-28,10388.99,Check
PAY-50450,INV-10408,2025-04-02,1302.26,ACH
PAY-51906,INV-11718,2025-05-01,529.75,Bank Transfer
PAY-51843,INV-11668,2026-01-16,939.83,Credit Card
PAY-52620,INV-12353,2025-03-30,2738.63,Credit Card
PAY-53214,INV-12907,2025-12-17,154.82,Check
PAY-50333,INV-10311,2026-01-14,1216.93,Credit Card
PAY-50252,INV-10237,2025-12-11,111.47,Check
PAY-50355,INV-10331,2025-07-22,71.14,Bank Transfer
PAY-52695,INV-12423,2025-12-11,1204.17,Check
PAY-50595,INV-10538,2025-06-14,1047.23,Credit Card
PAY-51407,INV-11276,07/05/2025,1681.67,Bank Transfer
PAY-52382,INV-12126,2025-08-26,35.72,Check
PAY-51533,INV-11390,2026-01-23,265.38,Check
PAY-51019,INV-10928,2025-10-16,2078.68,Credit Card
PAY-52259,INV-12016,2025-02-06,1243.34,ACH
PAY-50762,INV-10697,2025-11-08,1985.29,Check
PAY-53109,INV-12810,2025-07-14,388.16,Credit Card
PAY-50611,INV-10556,2026-02-14,37.24,Check
PAY-50671,INV-10612,2025-12-31,107.77,Check
PAY-53347,INV-19281,2025-01-28,2404.92,Credit Card
PAY-52420,INV-12159,2025-09-24,4691.37,ACH
PAY-52981,INV-12681,2025-03-22,832.31,Check
PAY-53022,INV-12724,2025-03-18,1417.87,ACH
PAY-52401,INV-12141,2025-02-04,1716.92,Check
PAY-51570,INV-11418,2025-05-23,1885.09,Check
PAY-50001,INV-10002,08/20/2025,1307.09,Credit Card
PAY-50841,INV-10772,2025-09-16,208.77,ACH
PAY-50600,INV-10546,2025-10-24,722.56,ACH
PAY-53240,INV-12939,2025-07-19,338.48,Credit Card
PAY-51337,INV-11219,2025-06-13,254.49,Credit Card
PAY-50451,INV-10409,2025-09-04,1649.56,Check
PAY-50433,INV-10392,2025-05-02,780.49,ACH
PAY-50539,INV-10481,2025-12-07,1319.32,ACH
PAY-51988,INV-11788,2025-10-10,62.19,Check
PAY-51403,INV-11273,2025-07-05,553.86,Check
PAY-50212,INV-10206,2025-08-04,636.48,Check
PAY-53368,INV-19232,2025-11-27,876.08,ACH
PAY-50347,INV-10324,2025-12-10,5366.72,Bank Transfer
PAY-50271,INV-10261,2025-06-27,30.15,ACH
PAY-50680,INV-10619,2025-06-09,2282.23,Check
PAY-52403,INV-12143,2025-06-25,460.39,Check
PAY-51938,INV-11747,2025-12-06,3560.58,ACH
PAY-50799,INV-10734,2025-08-17,319.79,Check
PAY-52646,INV-12375,2025-02-13,4046.71,Check
PAY-50150,INV-10141,2025-05-26,1816.59,Bank Transfer
PAY-51335,INV-11216,2025-08-29,4550.39,Credit Card
PAY-51870,INV-11685,02/17/2026,512.28,Credit Card
PAY-50279,INV-10267,2025-07-27,2767.14,Check
PAY-53009,INV-12709,2025-02-13,1078.93,ACH
PAY-51573,INV-11421,2025-08-24,2402.98,Credit Card
PAY-50991,INV-10902,2025-09-20,1038.98,Bank Transfer
PAY-51030,INV-10938,2025-05-06,622.41,Bank Transfer
PAY-52819,INV-12534,2025-06-06,6.93,Bank Transfer
PAY-50034,INV-10038,2025-09-04,61.71,Bank Transfer
PAY-50180,INV-10171,2025-08-14,664.77,Check
PAY-50622,INV-10564,01/17/2026,299.63,Bank Transfer
PAY-50655,INV-10598,2025-07-22,613.46,Bank Transfer
PAY-53209,INV-12900,2025-10-23,564.67,Credit Card
PAY-51923,INV-11731,2025-10-15,46.08,Credit Card
PAY-50248,INV-10234,2025-05-06,151.3,ACH
PAY-52020,INV-11810,2025-06-09,1253.6,Bank Transfer
PAY-50552,INV-10497,2025-12-18,582.0,Credit Card
PAY-51840,INV-11662,2025-06-21,1331.07,Credit Card
PAY-50830,INV-10760,2025-08-29,2780.2,Credit Card
PAY-50464,INV-10419,2025-12-14,4278.54,Check
PAY-50848,INV-10776,2025-09-26,360.25,Bank Transfer
PAY-51834,INV-11657,2025-04-23,1722.64,ACH
PAY-50545,INV-10489,2025-11-15,6757.63,ACH
PAY-50443,INV-10402,2025-11-21,863.13,Credit Card
PAY-51715,INV-11553,2026-02-12,671.7,ACH
PAY-50431,INV-10391,2025-12-15,659.46,Check
PAY-53036,INV-12742,10/23/2025,2246.12,Bank Transfer
PAY-53072,INV-12771,06/12/2025,1229.95,Credit Card
PAY-52003,INV-11797,2025-05-12,13.28,Check
PAY-50692,INV-10629,2025-06-25,47.13,Check
PAY-51412,INV-11282,2026-01-27,1290.49,Credit Card
PAY-51345,INV-11225,2025-10-03,1252.93,Credit Card
PAY-50434,INV-10392,2025-04-17,175.97,Credit Card
PAY-50372,INV-10341,10/17/2025,706.27,Credit Card
PAY-52772,INV-12491,2025-12-23,259.01,ACH
PAY-50189,INV-10181,05/10/2025,2599.57,Check
PAY-51806,INV-11633,2025-12-28,829.49,ACH
PAY-53164,INV-12862,2025-05-23,544.36,Bank Transfer
PAY-50872,INV-10794,2025-08-03,18.73,Check
PAY-53119,INV-12818,2025-05-04,27.09,Credit Card
PAY-50966,INV-10878,2025-05-20,210.39,Bank Transfer
PAY-51510,INV-11365,2026-01-19,4345.58,Credit Card
PAY-53252,INV-12948,2025-10-05,150.0,ACH
PAY-51314,INV-11192,2026-02-06,6.18,ACH
PAY-52789,INV-12511,2025-08-04,673.62,Credit Card
PAY-53180,INV-12875,2025-09-10,232.96,ACH
PAY-52091,INV-11875,2025-07-22,4813.97,ACH
PAY-50325,INV-10304,2025-08-11,1886.9,ACH
PAY-53332,INV-19616,2025-04-05,3963.48,Bank Transfer
PAY-52224,INV-11987,2025-05-19,2842.92,Credit Card
PAY-50247,INV-10234,2025-05-03,823.5,Bank Transfer
PAY-50059,INV-10060,2025-10-12,3561.69,ACH
PAY-50880,INV-10799,2025-06-28,1518.51,ACH
PAY-51310,INV-11189,04/28/2025,312.79,ACH
PAY-50412,INV-10380,11/08/2025,68.17,ACH
PAY-53268,INV-12965,2025-11-11,477.48,Bank Transfer
PAY-51989,INV-11788,2025-09-25,453.6,Bank Transfer
PAY-53102,INV-12803,2025-04-28,2028.03,Credit Card
PAY-50158,INV-10147,2025-03-30,486.26,ACH
PAY-51007,INV-10916,2025-12-18,1902.87,Bank Transfer
PAY-52593,INV-12325,06/04/2025,1472.86,ACH
PAY-51437,INV-11307,2025-08-08,102.09,Bank Transfer
PAY-52249,INV-12007,2025-12-16,400.91,Credit Card
PAY-52345,INV-12099,2025-10-10,86.21,Check
PAY-52017,INV-11809,2025-12-26,356.71,Credit Card
PAY-52023,INV-11816,2025-04-15,663.76,Check
PAY-50643,INV-10586,2025-08-29,1850.85,Bank Transfer
PAY-51424,INV-11293,2025-11-30,1472.23,Check
PAY-50737,INV-10675,2025-04-13,417.06,Bank Transfer
PAY-50658,INV-10601,2025-03-01,2925.7,Credit Card
PAY-51658,INV-11498,2025-10-29,4391.95,Bank Transfer
PAY-50275,INV-10265,2025-03-14,1179.31,Bank Transfer
PAY-53173,INV-12867,2025-12-11,695.95,Check
PAY-50904,INV-10825,2025-06-09,991.33,Bank Transfer
PAY-50706,INV-10645,02/21/2025,1186.58,ACH
PAY-51476,INV-11339,2025-03-11,1043.82,Check
PAY-52755,INV-12476,2025-08-21,2833.89,Bank Transfer
PAY-53362,INV-19054,2025-10-19,853.59,Bank Transfer
PAY-52515,INV-12250,2025-08-31,3393.05,ACH
PAY-50176,INV-10168,2025-06-21,8160.93,ACH
PAY-53267,INV-12965,2025-11-04,4450.51,Credit Card
PAY-53181,INV-12875,2025-08-19,274.45,ACH
PAY-53078,INV-12777,2025-08-17,1175.49,Credit Card
PAY-51651,INV-11490,2025-07-03,4611.58,ACH
PAY-51109,INV-11019,2025-03-18,1109.53,Credit Card
PAY-53084,INV-12783,2025-11-23,233.41,Credit Card
PAY-50417,INV-10381,2025-03-02,28.59,Check
PAY-50486,INV-10439,2025-07-12,38.23,Check
PAY-51838,INV-11660,2025-10-16,4129.41,Credit Card
PAY-51802,INV-11631,06/23/2025,653.48,ACH
PAY-51114,INV-11024,2025-10-04,10178.61,Bank Transfer
PAY-52710,INV-12436,2025-10-29,89.23,Check
PAY-51919,INV-11729,2025-11-19,2060.2,Check
PAY-51778,INV-11611,2025-07-06,29.67,ACH
PAY-51660,INV-11501,2025-10-26,251.24,Credit Card
PAY-52887,INV-12592,2025-05-28,171.04,ACH
PAY-50528,INV-10472,05/18/2025,186.47,Check
PAY-52187,INV-11955,2025-03-25,223.71,Bank Transfer
PAY-52437,INV-12181,11/24/2025,330.12,Bank Transfer
PAY-51744,INV-11583,2025-04-18,140.68,Bank Transfer
PAY-50757,INV-10693,02/21/2025,199.27,Bank Transfer
PAY-50813,INV-10747,2025-02-27,761.04,ACH
PAY-52756,INV-12478,2025-06-04,5474.93,ACH
PAY-51405,INV-11274,2025-07-06,1113.47,ACH
PAY-51371,INV-11243,06/06/2025,195.64,Credit Card
PAY-50297,INV-10281,2025-03-19,646.74,ACH
PAY-51058,INV-10963,2025-06-23,1766.7,Bank Transfer
PAY-50508,INV-10455,2026-01-18,232.7,Bank Transfer
PAY-50922,INV-10840,2025-08-16,1220.98,Bank Transfer
PAY-52591,INV-12322,2025-03-10,2984.07,ACH
PAY-51462,INV-11325,2025-01-19,1568.74,Credit Card
PAY-53352,INV-19164,2025-12-19,1456.72,ACH
PAY-51796,INV-11627,2025-02-23,189.76,Check
PAY-51452,INV-11315,2025-05-07,1494.16,ACH
PAY-53247,INV-12945,10/03/2025,5.67,Check
PAY-50977,INV-10889,2025-03-27,2518.93,Bank Transfer
PAY-52769,INV-12489,2025-12-17,1514.51,Bank Transfer
PAY-50946,INV-10861,2025-04-09,1776.91,ACH
PAY-51265,INV-11158,2025-09-21,2808.32,Bank Transfer
PAY-51726,INV-11562,2025-09-06,105.1,Bank Transfer
PAY-52743,INV-12467,2026-02-03,744.75,Bank Transfer
PAY-51728,INV-11564,2025-05-06,3280.14,ACH
PAY-50026,INV-10028,2025-10-12,2075.85,Check
PAY-51158,INV-11061,11/03/2025,2964.69,Check
PAY-52019,INV-11810,2025-05-07,617.76,Check
PAY-50933,INV-10849,08/03/2025,833.83,Check
PAY-52380,INV-12126,2025-08-11,264.15,Credit Card
PAY-51972,INV-11774,2025-05-14,1763.66,Check
PAY-51614,INV-11454,2025-04-10,15390.64,Credit Card
PAY-50068,INV-10067,2025-07-13,25.05,ACH
PAY-51672,INV-11514,2025-08-16,275.92,Bank Transfer
PAY-52606,INV-12337,2025-11-21,747.81,Bank Transfer
PAY-51504,INV-11360,2025-10-05,1745.9,ACH
PAY-51729,INV-11564,2025-05-11,693.61,ACH
PAY-50898,INV-10822,2025-05-08,2474.18,Credit Card
PAY-50032,INV-10038,2025-08-28,49.92,Bank Transfer
PAY-52443,INV-12187,2025-11-11,37.06,Check
PAY-53124,INV-12822,05/31/2025,3167.32,Check
PAY-50344,INV-10321,2025-12-04,406.89,Bank Transfer
PAY-53190,INV-12883,02/09/2025,0.38,ACH
PAY-52216,INV-11979,2025-08-05,106.54,Bank Transfer
PAY-52766,INV-12487,2025-10-27,1044.8,Bank Transfer
PAY-52111,INV-11892,2025-12-20,1488.88,Bank Transfer
PAY-50747,INV-10684,2025-09-23,261.52,ACH
PAY-51536,INV-11391,2025-12-04,156.97,Bank Transfer
PAY-51375,INV-11246,2025-04-04,491.99,Check
PAY-51555,INV-11403,2025-12-31,1247.92,Credit Card
PAY-52178,INV-11947,2025-11-11,2078.48,Credit Card
PAY-51973,INV-11775,2025-05-19,232.43,Check
PAY-52539,INV-12278,2025-11-21,526.41,Credit Card
PAY-51484,INV-11345,2025-12-01,1779.94,Check
PAY-50529,INV-10473,2025-02-27,378.54,Check
PAY-50177,INV-10169,2025-12-31,1186.96,Check
PAY-52657,INV-12387,2025-05-13,1203.08,Check
PAY-53206,INV-12898,2025-04-13,6989.94,Bank Transfer
PAY-51455,INV-11317,2025-03-14,355.5,Credit Card
PAY-51152,INV-11053,2025-02-21,851.68,ACH
PAY-52479,INV-12216,2026-01-22,1880.5,Bank Transfer
PAY-52713,INV-12442,2025-04-21,1590.1,Bank Transfer
PAY-50289,INV-10276,2025-11-14,2243.73,ACH
PAY-52235,INV-11996,2025-12-12,3878.23,Bank Transfer
PAY-51707,INV-11548,2025-02-07,733.87,ACH
PAY-50178,INV-10169,01/10/2026,204.56,Check
PAY-52776,INV-12497,2025-07-12,62.48,Bank Transfer
PAY-52096,INV-11879,2025-09-22,325.35,Check
PAY-51243,INV-11145,2025-10-29,394.47,Bank Transfer
PAY-51378,INV-11249,2025-10-24,1826.96,Check
PAY-50371,INV-10340,2025-06-29,891.27,Check
PAY-51836,INV-11658,2025-11-05,4845.66,Credit Card
PAY-52333,INV-12088,2025-06-02,1295.95,Bank Transfer
PAY-52741,INV-12465,2025-10-07,583.99,Credit Card
PAY-51917,INV-11727,03/27/2025,913.82,ACH
PAY-53225,INV-12920,2025-04-02,4751.83,Check
PAY-53160,INV-12859,2025-10-02,4280.19,Check
PAY-51423,INV-11292,2025-05-18,13956.49,Credit Card
PAY-50632,INV-10574,2025-03-05,1215.38,Bank Transfer
PAY-50142,INV-10133,2025-05-23,569.03,Bank Transfer
PAY-52527,INV-12265,2025-07-04,2730.38,Credit Card
PAY-51386,INV-11256,12/25/2025,498.36,ACH
PAY-51661,INV-11501,2025-11-18,1216.85,Check
PAY-50472,INV-10427,2025-12-21,621.15,Bank Transfer
PAY-50908,INV-10827,2025-05-17,187.0,Check
PAY-50808,INV-10743,2025-03-26,843.59,Bank Transfer
PAY-50811,INV-10746,2025-03-02,255.22,Credit Card
PAY-50728,INV-10666,2025-07-28,1629.11,Credit Card
PAY-51024,INV-10933,2025-04-11,402.13,ACH
PAY-50196,INV-10191,2025-02-02,70.0,Credit Card
PAY-50533,INV-10477,2025-07-10,2487.17,Bank Transfer
PAY-51831,INV-11654,2025-02-28,1077.23,ACH
PAY-52060,INV-11850,2025-07-13,195.34,Credit Card
PAY-53163,INV-12862,2025-06-11,462.4,ACH
PAY-53349,INV-19181,2025-09-15,982.18,Check
PAY-50556,INV-10501,2026-01-18,216.16,Credit Card
PAY-52910,INV-12617,2025-04-01,170.79,Bank Transfer
PAY-52553,INV-12288,2025-07-27,1180.41,Bank Transfer
PAY-50812,INV-10747,02/14/2025,6.65,ACH
PAY-51736,INV-11573,2025-09-23,1927.93,Credit Card
PAY-52826,INV-12540,2026-01-08,371.37,Bank Transfer
PAY-51767,INV-11605,2025-09-07,958.65,ACH
PAY-50163,INV-10152,2025-06-07,2021.92,Credit Card
PAY-50882,INV-10803,2025-08-02,496.15,Check
PAY-51819,INV-11645,06/27/2025,568.98,Check
PAY-51106,INV-11013,2025-04-18,1397.75,Bank Transfer
PAY-51745,INV-11583,2025-04-15,176.85,Bank Transfer
PAY-51492,INV-11352,2025-07-01,5.89,Check
PAY-50548,INV-10493,2025-09-03,1587.05,Check
PAY-52783,INV-12504,2025-04-29,853.19,Credit Card
PAY-53197,INV-12891,2025-10-14,408.69,ACH
PAY-50569,INV-10515,2025-05-08,376.58,Check
PAY-52630,INV-12360,2025-04-05,2138.35,ACH
PAY-51129,INV-11034,2025-09-26,2650.43,Check
PAY-52349,INV-12102,2025-11-26,657.31,ACH
PAY-50612,INV-10556,2026-02-10,288.31,Check
PAY-52284,INV-12041,2025-09-28,792.16,Credit Card
PAY-51491,INV-11350,2025-02-06,1209.2,Check
PAY-50666,INV-10608,2025-03-26,482.9,Credit Card
PAY-51787,INV-11620,12/26/2025,4161.38,Check
PAY-50582,INV-10526,2025-02-07,291.67,Check
PAY-52356,INV-12109,2025-07-14,1101.3,Credit Card
PAY-50760,INV-10695,2026-02-11,2524.48,Check
PAY-50074,INV-10073,2025-12-22,1433.33,Bank Transfer
PAY-50049,INV-10048,2025-10-19,3833.03,Check
PAY-52321,INV-12076,2026-01-07,619.39,Credit Card
PAY-50927,INV-10844,2026-02-01,54.25,Bank Transfer
PAY-51537,INV-11391,12/28/2025,139.12,Bank Transfer
PAY-53008,INV-12708,2026-02-16,931.85,Check
PAY-52004,INV-11797,2025-07-06,335.79,ACH
PAY-51553,INV-11402,2025-06-15,561.63,Bank Transfer
PAY-50777,INV-10711,2025-10-18,1789.9,Credit Card
PAY-51053,INV-10960,2025-05-03,2214.85,ACH
PAY-51994,INV-11792,2025-05-06,1641.76,ACH
PAY-53107,INV-12810,2025-09-15,11.33,Bank Transfer
PAY-51879,INV-11693,2025-02-02,3242.72,Credit Card
PAY-52530,INV-12268,2025-04-28,1973.74,Check
PAY-50573,INV-10518,2025-09-05,614.13,ACH
PAY-53134,INV-12831,2025-09-15,13.14,Check
PAY-52352,INV-12104,2025-03-17,1242.26,ACH
PAY-52999,INV-12696,2025-12-22,5368.1,Bank Transfer
PAY-52658,INV-12388,2025-12-07,644.32,ACH
PAY-52510,INV-12244,2025-10-29,34.22,ACH
PAY-52575,INV-12312,08/27/2025,7447.92,ACH
PAY-51458,INV-11319,03/09/2025,855.29,ACH
PAY-52933,INV-12641,2025-04-17,1355.46,Bank Transfer
PAY-51237,INV-11136,2025-07-21,3525.15,Credit Card
PAY-51558,INV-11408,2025-04-19,5717.0,Bank Transfer
PAY-52251,INV-12008,2025-11-27,709.54,Credit Card
PAY-53111,INV-12812,2026-01-12,835.47,ACH
PAY-50260,INV-10246,07/22/2025,1095.48,ACH
PAY-53012,INV-12716,2025-03-26,97.17,Bank Transfer
PAY-51611,INV-11451,2025-12-03,120.03,ACH
PAY-53043,INV-12749,09/12/2025,2095.8,ACH
PAY-52431,INV-12178,2025-02-22,1748.07,Bank Transfer
PAY-51357,INV-11235,2025-09-12,718.16,Credit Card
PAY-52619,INV-12352,2025-08-07,2579.38,ACH
PAY-51095,INV-11000,2025-03-18,2478.29,Check
PAY-53062,INV-12762,2025-07-28,717.75,Credit Card
PAY-52882,INV-12589,2025-07-07,720.51,Bank Transfer
PAY-51115,INV-11025,01/25/2026,4863.94,Bank Transfer
PAY-50679,INV-10618,2025-04-08,2844.63,ACH
PAY-52750,INV-12473,2026-01-09,729.68,Check
PAY-52624,INV-12355,2025-10-12,787.46,Bank Transfer
PAY-50890,INV-10811,2025-02-26,1251.15,Check
PAY-51966,INV-11770,2025-06-07,2431.68,Bank Transfer
PAY-52643,INV-12371,2025-06-22,1286.51,Credit Card
PAY-51638,INV-11481,2025-03-30,2835.98,Check
PAY-52010,INV-11802,2025-01-22,114.87,Check
PAY-52565,INV-12300,2025-03-13,36.12,Bank Transfer
PAY-52773,INV-12492,2026-01-06,795.72,ACH
PAY-50109,INV-10107,2025-10-09,8083.4,Check
PAY-51481,INV-11342,2025-03-31,124.64,Check
PAY-51103,INV-11011,2025-04-20,4844.77,Bank Transfer
PAY-53067,INV-12766,2025-01-27,3097.37,ACH
PAY-50319,INV-10299,2025-08-31,178.81,ACH
PAY-50060,INV-10061,04/30/2025,961.74,Bank Transfer
PAY-53075,INV-12774,2025-05-19,58.29,Check
PAY-51764,INV-11601,2026-01-21,173.93,Check
PAY-50970,INV-10882,2025-05-06,918.02,Check
PAY-51233,INV-11131,2025-05-02,557.71,Bank Transfer
PAY-53285,INV-12980,2025-08-27,1771.94,ACH
PAY-50719,INV-10659,2025-01-28,1769.19,Credit Card
PAY-50743,INV-10681,2025-07-03,2834.17,Credit Card
PAY-52990,INV-12688,2025-12-21,199.95,Bank Transfer
PAY-52942,INV-12647,2025-05-10,1060.55,ACH
PAY-51076,INV-10981,2025-11-23,3002.56,Credit Card
PAY-50938,INV-10854,2025-11-16,4316.13,Bank Transfer
PAY-53001,INV-12699,2025-02-20,2591.17,Bank Transfer
PAY-50221,INV-10211,2025-01-24,49.84,Credit Card
PAY-51508,INV-11364,11/01/2025,616.61,Check
PAY-50583,INV-10526,2025-02-09,57.65,Bank Transfer
PAY-50865,INV-10788,2025-03-21,472.48,Bank Transfer
PAY-53087,INV-12786,2025-07-19,1078.44,Credit Card
PAY-51223,INV-11121,2025-07-14,4003.7,Bank Transfer
PAY-50057,INV-10056,2025-05-03,3422.59,Bank Transfer
PAY-52383,INV-12127,2026-01-11,511.46,Bank Transfer
PAY-51863,INV-11682,2025-02-26,504.33,ACH
PAY-52274,INV-12029,2025-09-17,509.43,Check
PAY-51645,INV-11486,2025-06-18,3426.63,Check
PAY-50469,INV-10425,2025-08-27,2646.09,Bank Transfer
PAY-52100,INV-11884,01/30/2026,27.84,ACH
PAY-53355,INV-19006,2025-09-04,516.37,Check
PAY-50536,INV-10480,2025-11-04,461.52,Bank Transfer
PAY-50730,INV-10670,01/04/2026,400.79,Bank Transfer
PAY-52416,INV-12155,2025-04-11,476.21,Bank Transfer
PAY-51222,INV-11120,2025-09-05,880.2,Check
PAY-52965,INV-12671,2025-04-12,146.9,Bank Transfer
PAY-52361,INV-12113,2025-06-08,1535.83,Check
PAY-52961,INV-12668,2025-06-13,245.4,Bank Transfer
PAY-52330,INV-12083,2025-07-03,403.64,Bank Transfer
PAY-51072,INV-10977,2025-08-26,985.28,Bank Transfer
PAY-50070,INV-10068,2025-08-15,3652.55,Credit Card
PAY-53187,INV-12880,2025-04-28,1250.63,Check
PAY-52952,INV-12658,2025-04-29,3298.5,Bank Transfer
PAY-51984,INV-11783,2026-02-08,382.13,Credit Card
PAY-50437,INV-10395,2025-03-12,4279.09,Credit Card
PAY-52788,INV-12510,2025-05-12,450.24,Bank Transfer
PAY-51392,INV-11263,2025-11-23,1097.57,Credit Card
PAY-51463,INV-11326,2025-09-22,250.15,Credit Card
PAY-50209,INV-10203,2025-07-03,3923.53,ACH
PAY-51098,INV-11005,2025-12-11,2774.99,Check
PAY-50566,INV-10513,2025-05-10,1193.86,Bank Transfer
PAY-50314,INV-10296,2025-12-19,793.44,Check
PAY-50602,INV-10548,2025-12-25,593.24,Bank Transfer
PAY-50234,INV-10223,2025-08-19,183.14,Bank Transfer
PAY-50806,INV-10741,2025-11-16,282.37,Bank Transfer
PAY-52729,INV-12454,12/08/2025,777.29,Check
PAY-50953,INV-10868,01/23/2026,502.13,Check
PAY-50998,INV-10909,2025-12-10,2646.35,Check
PAY-50112,INV-10110,2025-08-27,1384.37,Bank Transfer
PAY-51719,INV-11556,2025-08-11,300.29,ACH
PAY-51069,INV-10973,2025-09-02,3154.48,Bank Transfer
PAY-51801,INV-11630,2025-12-27,3189.11,Credit Card
PAY-52300,INV-12057,2025-03-15,964.3,Credit Card
PAY-51566,INV-11416,2025-07-17,880.14,ACH
PAY-50945,INV-10860,2025-10-25,2616.62,Credit Card
PAY-50473,INV-10428,03/03/2025,2744.75,Check
PAY-52013,INV-11803,2025-04-22,782.45,Check
PAY-52124,INV-11902,2025-03-21,1096.15,Credit Card
PAY-51139,INV-11042,2025-09-30,979.46,Credit Card
PAY-53057,INV-12758,2025-11-26,748.11,ACH
PAY-51065,INV-10968,2025-06-18,7486.42,Bank Transfer
PAY-51615,INV-11455,2025-03-26,2462.56,Bank Transfer
PAY-51374,INV-11245,2025-12-17,825.22,Bank Transfer
PAY-52326,INV-12080,2025-12-19,219.82,ACH
PAY-52655,INV-12383,2025-04-17,2017.09,Check
PAY-50656,INV-10599,2025-09-20,992.41,ACH
PAY-51488,INV-11347,2025-11-30,24.84,Check
PAY-50362,INV-10334,2025-03-12,804.77,Bank Transfer
PAY-50136,INV-10128,2025-08-03,889.21,ACH
PAY-51881,INV-11695,2025-05-14,1658.62,Check
PAY-52441,INV-12185,2025-01-31,202.21,Bank Transfer
PAY-51062,INV-10967,04/11/2025,85.01,ACH
PAY-52541,INV-12280,2025-10-25,2244.71,Bank Transfer
PAY-50367,INV-10337,2025-12-31,60.16,ACH
PAY-52087,INV-11872,2025-09-13,1219.96,ACH
PAY-50030,INV-10034,2025-09-20,571.38,Credit Card
PAY-52805,INV-12523,2025-11-30,2060.56,Credit Card
PAY-50023,INV-10024,2025-04-21,410.64,ACH
PAY-51346,INV-11226,2025-10-29,1317.07,Bank Transfer
PAY-52909,INV-12617,2025-03-13,381.24,Credit Card
PAY-51042,INV-10947,2025-05-06,375.04,Bank Transfer
PAY-51135,INV-11039,2025-07-19,469.42,Credit Card
PAY-50696,INV-10634,2026-02-05,1008.08,Check
PAY-53310,INV-19306,2025-02-14,3603.0,Credit Card
PAY-50701,INV-10641,2025-04-18,1094.22,ACH
PAY-50421,INV-10384,2026-01-14,406.65,ACH
PAY-50683,INV-10621,2025-08-09,726.74,ACH
PAY-51761,INV-11600,01/23/2026,768.77,ACH
PAY-50461,INV-10417,2025-04-20,1577.43,Bank Transfer
PAY-50044,INV-10045,2025-06-01,75.08,Credit Card
PAY-50088,INV-10087,2025-05-08,1240.9,Credit Card
PAY-51279,INV-11168,2025-11-25,2459.02,Bank Transfer
PAY-50795,INV-10730,01/16/2026,734.75,Credit Card
PAY-51625,INV-11466,2025-06-07,2514.23,Check
PAY-50562,INV-10506,2025-06-24,149.3,ACH
PAY-50283,INV-10271,2025-04-18,5416.18,Credit Card
PAY-51000,INV-10911,2025-11-07,1122.15,Check
PAY-50875,INV-10795,2025-01-28,228.59,Check
PAY-51211,INV-11112,2026-01-21,1800.27,Bank Transfer
PAY-53198,INV-12891,2025-10-19,205.06,Check
PAY-50930,INV-10845,2025-12-02,75.17,Credit Card
PAY-50466,INV-10423,2025-08-21,1183.15,ACH
PAY-52938,INV-12644,2026-02-07,823.13,ACH
PAY-52552,INV-12287,2025-06-12,634.12,Credit Card
PAY-50534,INV-10478,2025-11-12,1958.87,ACH
PAY-52351,INV-12104,2025-02-14,1487.27,Check
PAY-52751,INV-12474,2025-04-01,185.33,ACH
PAY-51150,INV-11052,2025-10-12,2113.76,ACH
PAY-51147,INV-11049,08/04/2025,5590.85,Bank Transfer
PAY-52647,INV-12376,2025-08-04,5451.52,ACH
PAY-52683,INV-12409,2025-04-01,3072.53,Check
PAY-52195,INV-11964,2025-06-19,1590.18,Bank Transfer
PAY-52379,INV-12124,2025-07-22,343.65,Credit Card
PAY-53184,INV-12878,2025-06-19,811.59,Bank Transfer
PAY-53320,INV-19800,2025-11-11,548.71,Bank Transfer
PAY-51074,INV-10979,2025-04-14,355.84,Bank Transfer
PAY-53233,INV-12929,2025-05-21,6126.05,Credit Card
PAY-52744,INV-12468,2025-09-24,228.45,ACH
PAY-50638,INV-10581,2025-10-21,2007.5,Credit Card
PAY-51179,INV-11079,2025-12-01,5714.05,Bank Transfer
PAY-51296,INV-11181,2025-02-18,39.62,Bank Transfer
PAY-50860,INV-10785,2025-01-13,2449.92,ACH
PAY-52141,INV-11919,2025-07-26,1272.41,ACH
PAY-52469,INV-12207,2025-06-28,2863.44,Bank Transfer
PAY-53238,INV-12936,2025-10-02,5571.41,Credit Card
PAY-53282,INV-12977,2025-04-20,475.38,Credit Card
PAY-52897,INV-12599,2025-08-04,3030.41,Bank Transfer
PAY-52255,INV-12012,2025-08-10,745.12,ACH
PAY-50222,INV-10212,03/18/2025,4113.42,Bank Transfer
PAY-50544,INV-10487,01/06/2026,827.23,Credit Card
PAY-51539,INV-11395,2025-06-22,30.07,Credit Card
PAY-52413,INV-12153,2025-05-26,1508.39,Credit Card
PAY-50686,INV-10623,2025-12-04,8053.18,Check
PAY-52956,INV-12662,2025-12-26,661.45,ACH
PAY-53250,INV-12947,2025-01-13,1598.29,Credit Card
PAY-53023,INV-12725,2025-11-18,8658.77,Credit Card
PAY-51321,INV-11200,2025-08-13,5052.94,Credit Card
PAY-52038,INV-11832,2025-10-12,1826.02,Credit Card
PAY-50790,INV-10725,2025-05-04,328.38,Bank Transfer
PAY-52974,INV-12676,2025-05-21,253.06,Bank Transfer
PAY-51028,INV-10937,2025-11-07,590.45,Credit Card
PAY-52054,INV-11847,2025-12-16,200.58,Check
PAY-51214,INV-11116,2025-08-06,2055.89,Check
PAY-53112,INV-12813,2026-01-14,7079.55,Check
PAY-50979,INV-10891,2025-07-07,3097.76,Credit Card
PAY-52410,INV-12149,2025-08-10,1348.94,Check
PAY-50273,INV-10262,09/10/2025,1403.08,Check
PAY-51289,INV-11177,05/16/2025,322.58,Bank Transfer
PAY-50522,INV-10469,05/07/2025,252.33,ACH
PAY-50523,INV-10469,2025-04-14,40.63,Bank Transfer
PAY-51925,INV-11734,02/10/2026,1126.8,Credit Card
PAY-52210,INV-11973,08/29/2025,2671.27,ACH
PAY-53264,INV-12960,01/18/2026,546.94,Bank Transfer
PAY-50351,INV-10327,2025-05-15,4197.73,Credit Card
PAY-51957,INV-11764,2025-09-10,350.1,Credit Card
PAY-52917,INV-12623,2025-06-22,1596.3,Credit Card
PAY-52495,INV-12233,07/02/2025,40.95,ACH
PAY-53333,INV-19554,2025-12-11,4026.73,Credit Card
PAY-52471,INV-12211,2025-04-05,480.41,Credit Card
PAY-52602,INV-12332,09/30/2025,1387.92,Check
PAY-50652,INV-10595,2025-10-01,3766.06,Bank Transfer
PAY-52803,INV-12521,04/23/2025,1733.14,Bank Transfer
PAY-52064,INV-11853,2025-08-24,505.59,Bank Transfer
PAY-51048,INV-10955,2026-01-02,1374.8,Bank Transfer
PAY-52911,INV-12618,2026-01-07,1593.67,Credit Card
PAY-53125,INV-12824,2025-08-07,417.94,ACH
PAY-53213,INV-12906,2026-01-11,2908.87,Check
PAY-51408,INV-11277,2025-08-21,11936.98,Credit Card
PAY-51227,INV-11126,2025-11-21,527.57,Bank Transfer
PAY-51627,INV-11469,10/13/2025,504.57,Bank Transfer
PAY-50169,INV-10160,2025-06-05,2672.84,Check
PAY-52809,INV-12526,2026-01-03,2285.68,Credit Card
PAY-52034,INV-11829,2025-08-22,421.16,Credit Card
PAY-53129,INV-12827,2025-06-07,4546.91,ACH
PAY-51045,INV-10951,2026-01-28,170.51,Credit Card
PAY-50804,INV-10739,2025-08-23,6627.13,Credit Card
PAY-51576,INV-11424,2025-10-03,695.56,ACH
PAY-50463,INV-10418,2025-07-05,1642.72,Credit Card
PAY-52163,INV-11935,2025-10-07,1335.62,Check
PAY-51784,INV-11617,2025-09-23,1936.97,Check
PAY-51136,INV-11040,2025-02-02,3798.6,ACH
PAY-51174,INV-11074,2025-12-22,36.69,Check
PAY-52406,INV-12146,2025-09-30,5658.29,Bank Transfer
PAY-52513,INV-12246,2025-05-17,1626.07,Bank Transfer
PAY-50220,INV-10211,2025-02-16,83.03,ACH
PAY-50368,INV-10337,2025-11-10,251.8,Check
PAY-52461,INV-12202,2025-04-07,1246.61,Bank Transfer
PAY-50550,INV-10495,2025-03-12,5830.23,ACH
PAY-52950,INV-12656,2025-12-07,3194.14,Bank Transfer
PAY-52407,INV-12147,2025-02-08,32.06,Check
PAY-52097,INV-11880,2025-11-05,716.74,ACH
PAY-50352,INV-10328,2025-02-26,3018.44,ACH
PAY-51867,INV-11683,2025-02-14,253.35,ACH
PAY-50773,INV-10706,2025-09-17,2553.98,Credit Card
PAY-51451,INV-11314,2025-12-29,643.47,ACH
PAY-52149,INV-11926,2025-10-16,647.13,Check
PAY-50491,INV-10441,2025-03-27,579.4,ACH
PAY-53021,INV-12724,2025-03-14,5616.69,Credit Card
PAY-52925,INV-12632,2025-05-24,2245.91,Bank Transfer
PAY-50499,INV-10449,2025-10-05,932.17,Bank Transfer
PAY-52116,INV-11895,2025-07-10,1367.14,Check
PAY-50211,INV-10205,2025-03-20,428.42,Check
PAY-51633,INV-11476,07/25/2025,2653.02,Check
PAY-50965,INV-10878,2025-07-10,55.16,ACH
PAY-50651,INV-10592,2025-03-26,963.05,Bank Transfer
PAY-50228,INV-10219,2025-06-07,956.4,Check
PAY-50366,INV-10336,2025-04-04,1296.79,Bank Transfer
PAY-50943,INV-10858,2025-04-20,1365.74,Credit Card
PAY-51916,INV-11726,2025-11-19,3933.89,Bank Transfer
PAY-50277,INV-10266,2025-12-29,103.54,Check
PAY-53118,INV-12818,2025-06-25,339.17,ACH
PAY-52638,INV-12367,2025-08-10,913.95,ACH
PAY-51868,INV-11684,2025-12-31,1982.12,Credit Card
PAY-52833,INV-12546,2025-09-09,2185.64,ACH
PAY-52488,INV-12227,2025-09-10,2577.9,Bank Transfer
PAY-50408,INV-10375,2025-10-22,10279.06,Credit Card
PAY-52579,INV-12315,2025-08-28,408.56,Credit Card
PAY-51259,INV-11156,2025-09-23,938.6,Check
PAY-52622,INV-12355,2025-09-16,1019.33,Credit Card
PAY-51054,INV-10960,2025-05-15,557.46,Credit Card
PAY-53253,INV-12949,2025-03-04,1251.12,ACH
PAY-52698,INV-12425,2026-01-21,373.16,Credit Card
PAY-51967,INV-11772,2025-04-20,701.63,ACH
PAY-50845,INV-10773,2025-02-17,854.01,ACH
PAY-50008,INV-10007,2025-02-09,6132.09,Bank Transfer
PAY-52663,INV-12390,2025-05-28,528.9,Credit Card
PAY-52873,INV-12583,2025-05-17,1411.19,ACH
PAY-51107,INV-11013,2025-03-24,1790.81,Bank Transfer
PAY-50416,INV-10381,2025-03-31,240.45,Credit Card
PAY-52542,INV-12280,2025-10-31,337.57,Credit Card
PAY-51663,INV-11503,2025-03-22,708.83,Credit Card
PAY-52051,INV-11846,2025-10-10,105.57,ACH
PAY-51779,INV-11612,2025-10-19,362.54,ACH
PAY-53141,INV-12837,2025-10-25,8215.05,ACH
PAY-50913,INV-10834,2025-03-10,741.73,Bank Transfer
PAY-52237,INV-11997,2025-09-02,1445.38,ACH
PAY-50200,INV-10194,2025-06-01,482.43,Check
PAY-51232,INV-11131,2025-04-26,1976.77,Bank Transfer
PAY-51162,INV-11064,2025-06-13,0.22,Credit Card
PAY-50802,INV-10737,2025-03-06,1863.9,Check
PAY-52005,INV-11798,2025-08-26,255.88,Bank Transfer
PAY-51271,INV-11163,2025-07-11,423.85,Bank Transfer
PAY-50284,INV-10272,2025-01-15,406.56,Credit Card
PAY-53324,INV-19022,02/14/2025,836.97,Check
PAY-50232,INV-10223,07/18/2025,172.73,Credit Card
PAY-52248,INV-12007,2025-11-29,199.9,Check
PAY-52130,INV-11910,2025-08-10,1683.53,ACH
PAY-51229,INV-11127,2025-02-04,695.47,Check
PAY-50097,INV-10092,2025-10-11,3539.64,Check
PAY-51730,INV-11565,2025-09-09,2873.14,Bank Transfer
PAY-52885,INV-12591,2025-08-07,1476.33,Bank Transfer
PAY-51766,INV-11603,2025-06-14,827.68,Credit Card
PAY-51085,INV-10991,04/17/2025,1785.66,ACH
PAY-52900,INV-12605,2025-04-16,843.95,Credit Card
PAY-51172,INV-11074,2026-01-07,99.78,Check
PAY-53215,INV-12907,2025-12-02,266.71,Check
PAY-53338,INV-19054,2025-12-29,4431.88,Check
PAY-51785,INV-11618,2025-07-13,752.49,Check
PAY-52708,INV-12435,02/12/2026,55.66,Check
PAY-50105,INV-10102,2025-10-03,1013.76,Credit Card
PAY-52652,INV-12381,2025-05-12,621.8,Credit Card
PAY-53328,INV-19956,2025-03-13,4715.58,ACH
PAY-52160,INV-11934,2025-05-09,77.94,Check
PAY-52167,INV-11940,2025-08-21,1616.77,ACH
PAY-51182,INV-11083,2025-05-06,1108.24,Bank Transfer
PAY-52578,INV-12314,2025-12-07,87.66,ACH
PAY-52651,INV-12380,01/05/2026,1871.05,Check
PAY-50436,INV-10394,2025-04-20,7694.9,Credit Card
PAY-52752,INV-12474,04/04/2025,62.32,Check
PAY-50745,INV-10683,2025-04-30,923.28,Credit Card
PAY-50227,INV-10218,2025-12-17,1196.15,ACH
PAY-52964,INV-12669,2026-01-11,457.51,Bank Transfer
PAY-52685,INV-12411,2025-11-24,3093.01,Check
PAY-51035,INV-10941,2025-10-16,467.65,Credit Card
PAY-52583,INV-12316,07/10/2025,371.18,Credit Card
PAY-51939,INV-11748,2025-04-06,2323.86,ACH
PAY-52597,INV-12329,2025-04-20,2768.29,Bank Transfer
PAY-52467,INV-12207,2025-05-12,1362.42,Bank Transfer
PAY-52507,INV-12243,03/01/2025,4934.43,Credit Card
PAY-51986,INV-11785,2025-08-22,1594.31,Credit Card
PAY-52529,INV-12267,2025-06-30,298.65,Credit Card
PAY-51160,INV-11063,2025-10-26,4162.57,Bank Transfer
PAY-51026,INV-10935,2025-10-25,2199.56,ACH
PAY-51377,INV-11248,2025-12-26,740.28,Credit Card
PAY-52824,INV-12539,2025-12-14,482.44,Credit Card
PAY-53289,INV-12983,2026-02-04,893.88,Bank Transfer
PAY-52746,INV-12468,2025-09-21,508.51,ACH
PAY-51339,INV-11220,2025-05-12,10205.01,Check
PAY-52025,INV-11818,2025-08-05,774.92,Credit Card
PAY-50465,INV-10420,2025-11-19,1573.04,Check
PAY-51079,INV-10984,2025-11-28,1418.08,Check
PAY-53331,INV-19687,2025-03-12,2543.73,ACH
PAY-52714,INV-12442,2025-06-06,878.17,Bank Transfer
PAY-51695,INV-11535,2025-09-15,973.18,ACH
PAY-51489,INV-11348,2025-11-13,3431.96,Credit Card
PAY-52874,INV-12584,2025-06-25,541.57,Bank Transfer
PAY-52016,INV-11808,2025-05-18,2339.87,Bank Transfer
PAY-52757,INV-12480,2025-11-12,2761.77,Bank Transfer
PAY-52032,INV-11827,2025-04-21,554.82,Credit Card
PAY-50213,INV-10207,2025-10-09,314.62,ACH
PAY-50013,INV-10011,2025-02-26,975.47,Check
PAY-53262,INV-12958,2025-05-26,1196.43,Check
PAY-50901,INV-10824,11/27/2025,25.05,Bank Transfer
PAY-50423,INV-10385,2025-12-09,747.53,Credit Card
PAY-50888,INV-10809,2026-01-27,4583.33,Check
PAY-51809,INV-11634,10/30/2025,629.25,ACH
PAY-52172,INV-11944,2025-07-19,69.62,Bank Transfer
PAY-51197,INV-11097,2025-02-24,1588.86,Check
PAY-52260,INV-12018,2026-01-11,243.84,Credit Card
PAY-53096,INV-12795,2025-12-11,1439.0,Bank Transfer
PAY-50742,INV-10680,2026-02-07,4648.96,Bank Transfer
PAY-52967,INV-12671,2025-02-19,191.62,Credit Card
PAY-52621,INV-12354,2025-12-25,432.96,Credit Card
PAY-51755,INV-11593,2026-01-11,372.57,Credit Card
PAY-50574,INV-10519,2026-01-29,1618.73,Credit Card
PAY-52847,INV-12558,2025-08-16,321.73,Bank Transfer
PAY-52031,INV-11826,2025-07-29,2203.38,ACH
PAY-50510,INV-10457,2026-01-16,1344.36,Bank Transfer
PAY-50645,INV-10588,2025-07-21,688.93,Credit Card
PAY-50598,INV-10543,2025-11-14,2384.69,Check
PAY-52899,INV-12603,2025-07-22,835.62,ACH
PAY-51475,INV-11337,2025-10-06,402.93,Bank Transfer
PAY-51473,INV-11336,2025-08-07,1092.94,ACH
PAY-52429,INV-12176,2025-05-30,9706.83,Credit Card
PAY-52998,INV-12695,2025-07-28,1999.14,Bank Transfer
PAY-52971,INV-12673,2025-11-29,601.04,Check
PAY-50519,INV-10465,2025-06-24,546.5,Check
PAY-53097,INV-12796,2025-12-19,689.81,Check
PAY-50768,INV-10703,01/21/2026,785.32,Credit Card
PAY-51815,INV-11642,2025-07-28,5276.4,Credit Card
PAY-50124,INV-10117,2025-12-15,571.03,ACH
PAY-51499,INV-11356,11/24/2025,84.38,Check
PAY-51092,INV-10998,2026-02-01,575.19,Credit Card
PAY-50820,INV-10755,2025-03-29,94.39,Credit Card
PAY-50101,INV-10095,2025-08-30,1040.13,ACH
PAY-52968,INV-12672,2025-05-10,2499.44,Credit Card
PAY-53116,INV-12816,2025-12-09,3080.16,Bank Transfer
PAY-52577,INV-12314,2025-12-13,1428.58,Check
PAY-52949,INV-12655,2025-06-13,818.89,Bank Transfer
PAY-51189,INV-11089,2025-03-31,1172.46,Bank Transfer
PAY-52494,INV-12232,2025-02-15,3015.63,ACH
PAY-52699,INV-12426,2025-06-05,2351.55,Credit Card
PAY-51666,INV-11506,2025-05-13,984.46,Bank Transfer
PAY-53308,INV-19432,2025-05-18,641.73,Bank Transfer
PAY-52030,INV-11825,2025-02-09,1722.94,Check
PAY-50457,INV-10413,2025-07-23,14.58,Credit Card
PAY-51903,INV-11717,2025-08-24,1995.76,Check
PAY-50382,INV-10351,2025-08-09,869.63,ACH
PAY-53144,INV-12839,05/30/2025,1945.27,ACH
PAY-51353,INV-11231,2025-07-21,896.28,Bank Transfer
PAY-52065,INV-11854,2025-08-28,3385.44,Check
PAY-51011,INV-10920,2025-03-27,1762.84,Bank Transfer
PAY-51498,INV-11355,2026-01-04,881.07,Check
PAY-52868,INV-12577,2025-12-17,1287.16,Bank Transfer
PAY-50663,INV-10604,2025-05-15,1058.29,Check
PAY-53056,INV-12757,2025-06-05,862.29,Bank Transfer
PAY-52831,INV-12544,2025-04-21,1121.44,Check
PAY-52631,INV-12361,2025-06-27,586.14,Credit Card
PAY-52649,INV-12378,2025-02-27,448.79,Bank Transfer
PAY-52572,INV-12309,2025-09-03,2394.8,Credit Card
PAY-53356,INV-19965,2025-10-15,3279.11,Bank Transfer
PAY-50846,INV-10774,2025-03-09,3552.12,ACH
PAY-50543,INV-10486,2025-10-10,411.57,Credit Card
PAY-51603,INV-11443,2025-06-18,444.58,Check
PAY-52468,INV-12207,2025-06-19,266.4,Credit Card
PAY-52585,INV-12318,2025-09-23,18.98,Bank Transfer
PAY-52270,INV-12026,2026-01-08,1746.67,Credit Card
PAY-51264,INV-11158,11/07/2025,2043.07,ACH
PAY-51585,INV-11431,2025-06-04,802.66,Bank Transfer
PAY-51316,INV-11193,2025-08-07,861.58,ACH
PAY-52555,INV-12291,2025-02-15,7079.86,Bank Transfer
PAY-51049,INV-10957,07/16/2025,2015.16,Check
PAY-52400,INV-12140,2025-04-22,395.13,Credit Card
PAY-51207,INV-11107,2025-07-09,487.98,ACH
PAY-51654,INV-11494,2025-02-22,1747.77,Bank Transfer
PAY-53034,INV-12741,2025-05-15,2150.34,Bank Transfer
PAY-50238,INV-10227,2025-11-12,761.44,Credit Card
PAY-52517,INV-12251,2025-07-28,1319.76,Credit Card
PAY-53278,INV-12975,2025-10-08,258.35,Bank Transfer
PAY-52997,INV-12694,2025-05-15,1311.53,ACH
PAY-52310,INV-12065,03/22/2025,596.42,ACH
PAY-50164,INV-10153,2026-02-11,802.7,Bank Transfer
PAY-51323,INV-11204,12/27/2025,2413.83,Check
PAY-50253,INV-10238,06/05/2025,1750.77,ACH
PAY-51272,INV-11164,2025-09-15,336.68,Credit Card
PAY-52939,INV-12645,2025-05-02,555.2,ACH
PAY-50931,INV-10846,2025-06-07,2305.85,Bank Transfer
PAY-52085,INV-11871,2025-04-19,2.55,ACH
PAY-52233,INV-11993,03/31/2025,4315.73,Credit Card
PAY-51495,INV-11353,2025-06-08,365.59,Bank Transfer
PAY-51273,INV-11165,2025-11-24,3715.67,Check
PAY-51175,INV-11075,2025-04-19,3628.74,Credit Card
PAY-53288,INV-12983,2026-02-20,1422.89,ACH
PAY-51731,INV-11566,2025-04-29,1149.18,Check
PAY-51091,INV-10998,2026-01-06,162.57,Check
PAY-53222,INV-12916,2025-09-22,7814.59,ACH
PAY-50594,INV-10537,2025-06-25,682.41,Credit Card
PAY-50678,INV-10617,2025-10-28,1633.46,Bank Transfer
PAY-50042,INV-10044,2026-01-10,182.29,Credit Card
PAY-51358,INV-11236,2025-09-10,6471.77,Bank Transfer
PAY-51293,INV-11180,2025-12-03,548.27,Bank Transfer
PAY-52673,INV-12399,2025-02-10,54.32,Check
PAY-50244,INV-10232,2026-01-22,1798.69,ACH
PAY-53191,INV-12884,2025-06-28,2234.82,ACH
PAY-51413,INV-11283,2025-08-30,2799.78,Bank Transfer
PAY-51124,INV-11031,2025-02-20,36.56,Credit Card
PAY-50262,INV-10250,03/14/2026,932.03,Bank Transfer
PAY-52664,INV-12390,2025-03-23,134.17,ACH
PAY-50835,INV-10767,2025-08-26,1434.41,Credit Card
PAY-52604,INV-12334,2025-11-10,1073.49,Check
PAY-51238,INV-11137,2025-04-11,1692.8,Credit Card
PAY-51808,INV-11634,2025-11-27,400.25,ACH
PAY-52724,INV-12449,2025-03-05,731.14,Credit Card
PAY-50341,INV-10318,2025-04-25,270.86,Bank Transfer
PAY-51667,INV-11509,2025-07-22,1602.89,Credit Card
PAY-50749,INV-10685,07/05/2025,492.79,Check
PAY-52567,INV-12303,2026-02-23,1047.78,Check
PAY-50481,INV-10436,2025-06-13,409.16,Bank Transfer
PAY-51193,INV-11093,2025-11-13,2849.41,Credit Card
PAY-51718,INV-11556,2025-07-28,2060.35,ACH
PAY-51617,INV-11457,2025-08-02,2916.11,Bank Transfer
PAY-50784,INV-10717,2025-09-18,1640.58,Check
PAY-52893,INV-12595,2025-04-09,3176.67,Credit Card
PAY-52213,INV-11975,2025-06-23,785.42,Check
PAY-52707,INV-12435,2026-03-01,768.49,Check
PAY-51546,INV-11400,2025-03-22,819.58,ACH
PAY-52108,INV-11890,2025-07-02,1461.17,Credit Card
PAY-52753,INV-12474,2025-05-19,27.24,Check
PAY-53254,INV-12950,2025-10-05,341.24,Bank Transfer
PAY-52226,INV-11988,2025-08-20,2355.62,Credit Card
PAY-52861,INV-12570,2025-04-26,1198.52,ACH
PAY-51284,INV-11172,2025-12-07,118.35,Check
PAY-52245,INV-12005,2025-04-17,269.28,Check
PAY-51128,INV-11033,2026-01-26,2120.27,Check
PAY-50627,INV-10569,09/28/2025,274.87,Check
PAY-50348,INV-10325,2026-04-08,280.46,Bank Transfer
PAY-52154,INV-11931,2025-02-22,110.7,Bank Transfer
PAY-51552,INV-11402,2025-05-19,496.05,Credit Card
PAY-50980,INV-10892,2025-09-07,2336.82,Check
PAY-52906,INV-12613,2025-05-24,1234.79,Check
PAY-51398,INV-11269,2025-10-26,763.58,Bank Transfer
PAY-50912,INV-10833,2025-03-16,599.61,Bank Transfer
PAY-52784,INV-12505,2025-10-27,557.45,Credit Card
PAY-50633,INV-10575,2025-11-12,3122.74,Bank Transfer
PAY-52331,INV-12084,2025-09-17,187.44,Bank Transfer
PAY-50446,INV-10404,2025-02-03,1544.23,ACH
PAY-50618,INV-10561,2025-04-06,743.93,ACH
PAY-51559,INV-11410,2025-08-03,1181.16,ACH
PAY-51363,INV-11239,2025-04-03,1150.56,Check
PAY-51643,INV-11485,2025-08-22,1812.05,Bank Transfer
PAY-51445,INV-11312,2025-09-10,285.63,ACH
PAY-52866,INV-12575,2025-08-09,1277.14,Credit Card
PAY-51382,INV-11254,2025-04-15,699.25,Bank Transfer
PAY-51594,INV-11436,2025-04-05,386.57,Bank Transfer
PAY-50354,INV-10330,2025-08-02,2605.84,Check
PAY-50614,INV-10558,2025-02-01,1002.95,Credit Card
PAY-53142,INV-12838,2025-09-01,6395.58,ACH
PAY-52404,INV-12144,2025-04-26,1843.75,Credit Card
PAY-52637,INV-12366,2025-05-19,974.62,Credit Card
PAY-52357,INV-12111,2025-09-02,146.59,Credit Card
PAY-50058,INV-10057,2026-01-01,695.55,ACH
PAY-53133,INV-12830,2025-05-06,1064.38,Check
PAY-51910,INV-11722,2025-09-08,1171.93,ACH
PAY-52470,INV-12208,2025-06-14,2038.67,Credit Card
PAY-52814,INV-12530,2025-03-13,360.5,Bank Transfer
PAY-52118,INV-11897,06/27/2025,1172.72,Credit Card
PAY-51897,INV-11712,2025-04-09,771.73,Credit Card
PAY-51652,INV-11491,2025-08-08,900.84,ACH
PAY-51367,INV-11242,2025-04-19,336.09,Credit Card
PAY-51503,INV-11359,2025-02-05,391.11,Check
PAY-52365,INV-12116,2025-10-21,285.59,Credit Card
PAY-50561,INV-10506,2025-05-15,124.84,Check
PAY-50708,INV-10648,2025-04-05,383.49,ACH
PAY-52728,INV-12453,2025-05-19,1393.45,ACH
PAY-50425,INV-10387,2025-02-27,610.88,Check
PAY-51094,INV-10999,2025-11-08,885.31,Bank Transfer
PAY-50648,INV-10591,2025-03-07,837.68,ACH
PAY-50073,INV-10071,2025-08-11,2049.31,Bank Transfer
PAY-52518,INV-12252,2025-03-05,5767.76,Credit Card
PAY-51515,INV-11369,2025-11-21,993.31,Bank Transfer
PAY-51393,INV-11263,2025-12-22,597.46,Check
PAY-51006,INV-10915,2025-08-12,1358.63,Credit Card
PAY-50621,INV-10564,2026-02-02,202.3,ACH
PAY-52487,INV-12227,2025-10-21,105.43,Bank Transfer
PAY-50554,INV-10499,2025-08-30,673.13,ACH
PAY-53229,INV-12925,2025-08-14,1607.73,Bank Transfer
PAY-52995,INV-12693,2025-11-06,1428.85,Bank Transfer
PAY-51781,INV-11614,2025-06-12,1380.15,Check
PAY-50999,INV-10910,2025-08-31,10372.66,Credit Card
PAY-53139,INV-12834,07/30/2025,1156.79,Bank Transfer
PAY-53223,INV-12917,2025-08-04,1263.94,ACH
PAY-53085,INV-12784,2025-09-01,579.5,Credit Card
PAY-53351,INV-19497,2025-09-24,3329.36,Credit Card
PAY-51878,INV-11692,2025-02-12,965.44,Check
PAY-50441,INV-10400,2025-03-12,4509.92,ACH
PAY-50509,INV-10456,2025-12-11,725.18,Check
PAY-51101,INV-11007,2025-03-24,3313.21,Credit Card
PAY-50590,INV-10532,2025-11-12,17.66,Bank Transfer
PAY-51415,INV-11285,2025-05-13,34.07,Credit Card
PAY-50650,INV-10591,2025-02-20,389.61,Check
PAY-53073,INV-12773,05/05/2025,1262.57,ACH
PAY-52716,INV-12443,07/19/2025,105.32,Check
PAY-52782,INV-12503,06/11/2025,1098.63,Bank Transfer
PAY-52472,INV-12211,2025-04-08,72.45,Check
PAY-53322,INV-19464,2025-02-09,2932.88,ACH
PAY-50661,INV-10603,07/17/2025,762.96,Check
PAY-50631,INV-10573,2025-09-28,1986.71,Check
PAY-51602,INV-11443,2025-09-11,280.71,Check
PAY-52346,INV-12099,2025-09-07,84.82,Bank Transfer
PAY-50483,INV-10437,2025-10-08,995.26,Credit Card
PAY-51425,INV-11294,2025-01-25,3148.37,Credit Card
PAY-52879,INV-12586,07/29/2025,390.17,ACH
PAY-52373,INV-12121,2025-06-03,12982.45,Check
PAY-52348,INV-12101,2025-09-08,2077.18,Bank Transfer
PAY-52182,INV-11948,2026-01-12,67.39,ACH
PAY-52526,INV-12263,07/27/2025,4501.67,Bank Transfer
PAY-50857,INV-10783,2025-09-04,479.73,Bank Transfer
PAY-51191,INV-11091,2025-03-01,1387.92,Check
PAY-51727,INV-11563,2025-10-27,167.03,ACH
PAY-50531,INV-10475,2025-10-19,6505.94,Credit Card
PAY-52258,INV-12015,2025-12-23,3122.93,Bank Transfer
PAY-50050,INV-10049,2025-03-08,2016.78,Check
PAY-50859,INV-10784,2026-01-12,627.2,ACH
PAY-51675,INV-11516,2026-01-01,181.94,Bank Transfer
PAY-51073,INV-10978,2025-05-06,167.09,ACH
PAY-50720,INV-10660,2025-06-30,1299.94,ACH
PAY-51502,INV-11358,2025-04-15,2106.16,Check
PAY-53086,INV-12785,2025-05-16,954.81,Check
PAY-52531,INV-12270,2025-05-21,1375.58,ACH
PAY-52484,INV-12223,2025-07-07,2892.2,ACH
PAY-52303,INV-12060,2025-09-11,1762.05,ACH
PAY-52397,INV-12137,01/16/2026,1622.41,Check
PAY-53183,INV-12877,05/30/2025,637.24,Bank Transfer
PAY-53265,INV-12961,2025-10-15,704.82,ACH
PAY-51886,INV-11699,02/09/2025,2350.81,ACH
PAY-52319,INV-12076,2026-01-03,38.61,Bank Transfer
PAY-51583,INV-11431,07/29/2025,330.5,Credit Card
PAY-52024,INV-11817,2025-07-13,213.44,Bank Transfer
PAY-53167,INV-12864,2025-04-18,1218.71,Credit Card
PAY-52489,INV-12228,2025-06-21,862.31,Check
PAY-51196,INV-11096,2025-09-10,1376.58,Check
PAY-51460,INV-11322,2025-07-15,2384.45,Check
PAY-52954,INV-12660,07/27/2025,804.43,ACH
PAY-51934,INV-11743,2025-07-06,500.41,Bank Transfer
PAY-50298,INV-10281,2025-04-18,383.17,Bank Transfer
PAY-52733,INV-12456,03/16/2025,2370.67,Check
PAY-51526,INV-11383,2025-12-28,378.11,ACH
PAY-50959,INV-10873,06/13/2025,427.78,ACH
PAY-52457,INV-12198,10/18/2025,1506.03,Check
PAY-52460,INV-12200,2026-01-07,2296.37,ACH
PAY-53143,INV-12839,2025-07-19,3530.61,ACH
PAY-52014,INV-11804,2025-05-05,379.05,Bank Transfer
PAY-50350,INV-10325,03/07/2026,20.39,Credit Card
PAY-51588,INV-11434,2025-12-09,875.88,Credit Card
PAY-50644,INV-10587,2025-09-13,979.04,Check
PAY-52381,INV-12126,2025-09-09,1343.75,Check
PAY-53323,INV-19023,12/21/2025,3054.57,Credit Card
PAY-50670,INV-10611,2025-09-12,1223.63,ACH
PAY-51584,INV-11431,2025-07-19,55.09,Check
PAY-52762,INV-12482,2025-02-18,1563.01,Bank Transfer
PAY-53315,INV-19429,2025-10-08,1171.05,Credit Card
PAY-51180,INV-11080,11/30/2025,3181.79,Bank Transfer
PAY-52105,INV-11888,2025-07-30,240.08,Credit Card
PAY-51581,INV-11429,2025-05-02,472.16,Check
PAY-52666,INV-12393,2025-11-23,63.13,ACH
PAY-51776,INV-11611,2025-07-10,701.87,Check
PAY-51958,INV-11765,2025-12-22,426.07,Check
PAY-50787,INV-10722,2025-04-03,317.62,Credit Card
PAY-53027,INV-12733,2026-02-05,2456.75,Check
PAY-50141,INV-10132,2025-06-02,1574.52,ACH
PAY-50789,INV-10725,2025-05-08,557.72,Bank Transfer
PAY-52378,INV-12124,2025-08-14,333.87,Credit Card
PAY-52285,INV-12042,2025-04-21,1024.18,ACH
PAY-50715,INV-10655,2025-04-08,2894.27,Check
PAY-51678,INV-11519,2025-09-22,588.89,Check
PAY-51962,INV-11768,2025-10-13,1263.58,ACH
PAY-51865,INV-11682,2025-03-20,118.16,ACH
PAY-53054,INV-12756,2026-02-10,985.85,ACH
PAY-51832,INV-11655,2025-01-24,2007.48,Bank Transfer
PAY-51821,INV-11646,2025-04-07,442.54,Bank Transfer
PAY-50619,INV-10562,2025-08-12,9584.1,Bank Transfer
PAY-50407,INV-10374,2025-03-20,464.78,Bank Transfer
PAY-52211,INV-11974,2025-07-02,1763.86,Check
PAY-53334,INV-19287,2025-02-17,3121.05,ACH
PAY-52448,INV-12193,2026-01-23,9153.38,Credit Card
PAY-51456,INV-11317,2025-04-13,73.81,ACH
PAY-52029,INV-11823,02/13/2026,1209.1,Check
PAY-50498,INV-10448,2025-04-01,151.04,ACH
PAY-50343,INV-10320,2025-04-27,1316.68,Credit Card
PAY-52412,INV-12152,2025-03-28,6603.29,Bank Transfer
PAY-52551,INV-12287,2025-05-01,1329.55,Bank Transfer
PAY-50783,INV-10715,2025-06-01,1431.0,Bank Transfer
PAY-52290,INV-12047,2025-12-21,1480.58,Bank Transfer
PAY-50304,INV-10285,2026-01-10,10094.34,Credit Card
PAY-52754,INV-12475,2025-11-14,1945.82,Credit Card
PAY-52079,INV-11865,2025-03-04,3253.24,ACH
PAY-50665,INV-10607,2025-06-13,737.74,Check
PAY-51178,INV-11077,2025-10-12,364.7,Check
PAY-51245,INV-11145,2025-11-23,278.53,Credit Card
PAY-53071,INV-12770,2025-06-07,1240.39,ACH
PAY-52731,INV-12456,2025-03-23,1745.92,Bank Transfer
PAY-51826,INV-11651,2025-04-15,2494.07,Credit Card
PAY-51862,INV-11681,2025-04-02,2128.89,Bank Transfer
PAY-50085,INV-10086,2026-01-31,338.18,Bank Transfer
PAY-52926,INV-12634,2026-01-25,1958.98,Bank Transfer
PAY-50942,INV-10858,05/13/2025,281.34,Bank Transfer
PAY-50962,INV-10876,2025-11-23,1263.42,Credit Card
PAY-50842,INV-10772,2025-10-24,31.02,Check
PAY-51704,INV-11546,2025-04-28,2257.24,Check
PAY-52669,INV-12395,2025-06-14,1373.21,ACH
PAY-53165,INV-12862,2025-06-06,799.33,Check
PAY-51887,INV-11700,2025-04-26,1739.97,Credit Card
PAY-52648,INV-12377,2025-04-24,1070.85,Check
PAY-50291,INV-10277,10/01/2025,299.74,ACH
PAY-52156,INV-11933,2025-08-08,24.9,Credit Card
PAY-51422,INV-11290,03/28/2025,213.24,Bank Transfer
PAY-50605,INV-10552,12/24/2025,1286.77,ACH
PAY-52293,INV-12050,2026-01-01,1702.19,Bank Transfer
PAY-50917,INV-10836,02/21/2025,11.33,Check
PAY-53138,INV-12833,2025-12-20,2230.62,ACH
PAY-52313,INV-12069,2025-07-26,5326.63,Credit Card
PAY-51100,INV-11006,2025-05-01,358.84,ACH
PAY-51089,INV-10995,2025-08-21,600.97,Check
PAY-53313,INV-19790,2025-11-13,2453.28,Bank Transfer
PAY-52336,INV-12090,2025-03-02,5471.02,Bank Transfer
PAY-50822,INV-10756,2025-06-18,7304.8,Credit Card
PAY-53275,INV-12973,2025-07-31,432.04,Bank Transfer
PAY-51303,INV-11187,2025-08-02,49.31,ACH
PAY-51001,INV-10912,2025-04-10,507.79,Bank Transfer
PAY-51714,INV-11552,2025-10-16,1232.37,Credit Card
PAY-50019,INV-10019,2025-02-27,653.78,Bank Transfer
PAY-50494,INV-10445,2025-05-11,457.59,Credit Card
PAY-51126,INV-11031,2025-03-20,462.3,ACH
PAY-51547,INV-11400,2025-03-30,171.31,ACH
PAY-52068,INV-11855,2025-11-12,290.5,Credit Card
PAY-52043,INV-11838,2025-10-03,1632.23,ACH
PAY-51827,INV-11652,2025-12-10,1984.69,Check
PAY-51963,INV-11768,2025-10-17,328.4,Credit Card
PAY-52207,INV-11972,2025-02-10,0.04,Bank Transfer
PAY-50688,INV-10625,2025-03-01,6209.7,ACH
PAY-51892,INV-11705,2025-05-31,2140.59,Bank Transfer
PAY-53305,INV-19378,2025-05-23,4728.6,ACH
PAY-52271,INV-12027,2025-10-05,7483.53,Check
PAY-51741,INV-11580,2025-12-04,713.92,ACH
PAY-51010,INV-10919,2025-02-16,990.5,ACH
PAY-52792,INV-12512,2025-12-28,2422.46,ACH
PAY-50361,INV-10333,2025-07-31,1584.82,Bank Transfer
PAY-52914,INV-12620,2025-10-12,5487.57,Check
PAY-53076,INV-12774,2025-05-01,55.35,ACH
PAY-52164,INV-11936,2025-09-30,382.73,Bank Transfer
PAY-51311,INV-11190,2025-10-24,619.24,Credit Card
PAY-51538,INV-11393,2025-04-19,9063.84,Credit Card
PAY-53174,INV-12868,2025-05-28,666.46,Credit Card
PAY-52923,INV-12629,08/22/2025,247.45,Check
PAY-51996,INV-11793,2025-12-10,1281.62,Check
PAY-50345,INV-10321,2025-12-02,628.87,Check
PAY-50987,INV-10899,2025-05-08,4384.62,Bank Transfer
PAY-51610,INV-11451,2025-11-17,690.83,Bank Transfer
PAY-50744,INV-10682,2025-06-18,535.85,Bank Transfer
PAY-51692,INV-11532,2025-07-26,301.39,Bank Transfer
PAY-51457,INV-11318,2025-08-17,1124.73,Credit Card
PAY-50114,INV-10112,2025-07-22,1445.39,ACH
PAY-51799,INV-11628,2026-01-10,376.24,Check
PAY-51242,INV-11142,2025-06-01,5105.82,Credit Card
PAY-51143,INV-11047,2025-12-11,680.02,Credit Card
PAY-52011,INV-11802,2025-02-20,192.08,Check
PAY-51217,INV-11118,2025-10-27,1405.49,ACH
PAY-51199,INV-11100,2025-12-30,2021.99,Credit Card
PAY-50086,INV-10086,2026-01-08,370.57,ACH
PAY-52322,INV-12077,2025-04-22,2576.52,Bank Transfer
PAY-50669,INV-10611,2025-09-28,577.32,ACH
PAY-51015,INV-10924,07/19/2025,788.31,Credit Card
PAY-50129,INV-10124,2025-12-26,419.19,Check
PAY-51365,INV-11240,2025-10-16,6409.63,Credit Card
PAY-52665,INV-12393,2025-10-04,9.28,Bank Transfer
PAY-53189,INV-12883,2025-04-05,344.91,Bank Transfer
PAY-50892,INV-10813,2026-01-19,5444.06,Check
PAY-52175,INV-11945,2025-03-05,110.55,Bank Transfer
PAY-51360,INV-11237,2025-07-03,2194.92,Bank Transfer
PAY-50308,INV-10289,01/02/2026,509.54,Bank Transfer
PAY-50384,INV-10352,2025-09-04,5584.89,Bank Transfer
PAY-50151,INV-10142,2026-01-10,4800.27,Check
PAY-51318,INV-11196,2025-08-28,2200.47,Check
PAY-51447,INV-11312,2025-09-17,698.27,ACH
PAY-53303,INV-19035,2025-01-02,1153.07,Bank Transfer
PAY-50427,INV-10388,2025-03-26,768.33,Bank Transfer
PAY-50495,INV-10446,09/14/2025,2704.59,Bank Transfer
PAY-51208,INV-11108,2025-04-02,573.6,Check
PAY-52841,INV-12551,2025-08-08,355.18,ACH
PAY-52701,INV-12428,2025-02-02,1399.72,Credit Card
PAY-51209,INV-11110,2025-12-21,8288.53,ACH
PAY-52576,INV-12313,2025-07-26,1820.86,Bank Transfer
PAY-52726,INV-12451,10/03/2025,649.0,ACH
PAY-52475,INV-12214,2025-11-27,43.02,ACH
PAY-51804,INV-11631,2025-06-07,681.59,Check
PAY-51240,INV-11139,2025-11-13,2534.27,Credit Card
PAY-52367,INV-12116,2025-11-09,62.28,Bank Transfer
PAY-51657,INV-11497,2025-03-25,9464.97,Check
PAY-50276,INV-10266,2025-12-22,481.54,Check
PAY-50490,INV-10441,2025-03-22,983.87,Bank Transfer
PAY-51544,INV-11398,2025-12-15,617.42,Bank Transfer
PAY-51230,INV-11129,2025-06-26,1397.27,Bank Transfer
PAY-50691,INV-10629,06/02/2025,852.63,Bank Transfer
PAY-53199,INV-12891,2025-10-23,396.1,Credit Card
PAY-52571,INV-12307,2025-09-10,2555.62,ACH
PAY-51468,INV-11332,2025-05-27,4433.24,Bank Transfer
PAY-52219,INV-11980,2025-06-06,2135.27,Credit Card
PAY-53196,INV-12890,2025-08-18,2089.52,Bank Transfer
PAY-52340,INV-12094,2025-03-25,531.15,Check
PAY-51059,INV-10964,2025-03-10,2802.04,Check
PAY-50119,INV-10115,2025-07-14,778.29,ACH
PAY-51025,INV-10934,2025-10-14,204.6,ACH
PAY-52128,INV-11907,2025-12-10,94.4,Check
PAY-50282,INV-10270,2025-06-05,91.08,Credit Card
PAY-51908,INV-11721,2025-04-10,733.48,ACH
PAY-51317,INV-11195,12/28/2025,352.94,Check
PAY-52623,INV-12355,2025-10-01,765.47,ACH
PAY-50969,INV-10880,01/15/2025,4313.71,Check
PAY-53248,INV-12945,2025-10-17,689.57,Check
PAY-51512,INV-11367,2025-10-01,1444.37,Check
PAY-51861,INV-11680,2025-06-11,1003.79,Credit Card
PAY-52447,INV-12192,2025-09-01,2243.87,Bank Transfer
PAY-52767,INV-12487,2025-11-04,213.51,ACH
PAY-50156,INV-10145,2025-07-08,716.8,ACH
PAY-50305,INV-10286,2025-08-26,255.47,ACH
PAY-53083,INV-12783,11/18/2025,93.6,ACH
PAY-52865,INV-12575,11/08/2025,5287.59,Bank Transfer
PAY-51740,INV-11579,2025-07-27,764.23,Bank Transfer
PAY-51926,INV-11735,2025-03-19,3041.02,Bank Transfer
PAY-52520,INV-12255,2025-05-09,479.55,Credit Card
PAY-51308,INV-11188,2025-02-26,417.24,Bank Transfer
PAY-51749,INV-11586,2025-09-27,443.8,Credit Card
PAY-50576,INV-10521,2025-12-13,46.97,ACH
PAY-52246,INV-12006,2025-06-02,1793.57,ACH
PAY-53318,INV-19540,2025-04-30,2791.69,Bank Transfer
PAY-52947,INV-12652,2025-02-07,5810.11,Credit Card
PAY-51300,INV-11185,2025-07-01,43.65,Credit Card
PAY-51812,INV-11639,03/17/2025,9473.68,Bank Transfer
PAY-51685,INV-11525,12/03/2025,1058.93,Check
PAY-52913,INV-12619,07/24/2025,346.48,ACH
PAY-51905,INV-11718,2025-07-11,157.85,Credit Card
PAY-50844,INV-10773,2025-02-18,208.91,ACH
PAY-52584,INV-12317,2025-03-26,3149.65,Check
PAY-50270,INV-10260,2026-01-03,2972.54,Check
PAY-50630,INV-10572,2025-04-18,6692.84,ACH
PAY-51034,INV-10940,02/07/2026,890.99,ACH
PAY-52395,INV-12135,2025-12-09,214.64,Bank Transfer
PAY-50287,INV-10274,03/10/2025,1494.0,Check
PAY-51327,INV-11210,2025-06-29,1595.95,ACH
PAY-53041,INV-12747,07/31/2025,1839.39,Check
PAY-50301,INV-10282,03/31/2025,194.67,Bank Transfer
PAY-51732,INV-11568,05/15/2025,2355.12,ACH
PAY-51448,INV-11313,2025-03-31,5172.89,ACH
PAY-52700,INV-12426,2025-06-12,690.71,Credit Card
PAY-52088,INV-11873,2025-02-27,1121.89,Check
PAY-52875,INV-12584,2025-05-07,502.92,Credit Card
PAY-50066,INV-10066,2025-03-06,924.81,ACH
PAY-52499,INV-12235,2026-01-15,105.71,Check
PAY-50891,INV-10812,2025-09-07,996.49,ACH
PAY-53325,INV-19465,11/20/2025,2705.49,Credit Card
PAY-52928,INV-12636,2025-10-08,3883.1,Bank Transfer
PAY-52125,INV-11904,2025-11-24,2064.57,ACH
PAY-51656,INV-11496,2025-10-26,9004.53,Credit Card
PAY-50231,INV-10221,2025-04-26,5723.86,ACH
PAY-50504,INV-10454,01/21/2025,53.63,Credit Card
PAY-51676,INV-11517,2025-12-02,5779.69,Check
PAY-51733,INV-11569,2025-04-21,362.75,Credit Card
PAY-51845,INV-11669,2025-05-16,422.23,ACH
PAY-52562,INV-12299,2025-06-29,2658.2,ACH
PAY-51005,INV-10914,2025-05-24,6122.39,Credit Card
PAY-50837,INV-10770,2025-07-26,2252.24,Credit Card
PAY-51968,INV-11772,03/26/2025,4651.07,Credit Card
PAY-50375,INV-10345,2025-10-13,968.81,Bank Transfer
PAY-53188,INV-12882,07/17/2025,219.5,ACH
PAY-53094,INV-12793,03/01/2026,254.53,ACH
PAY-52496,INV-12233,2025-09-15,117.02,ACH
PAY-50940,INV-10857,2025-11-06,699.86,Bank Transfer
PAY-51322,INV-11202,2025-09-01,1005.8,Credit Card
PAY-53015,INV-12717,2025-10-20,312.97,ACH
PAY-50752,INV-10689,2025-06-06,2806.98,Check
PAY-50100,INV-10093,2025-10-01,195.31,Bank Transfer
PAY-52120,INV-11898,2025-02-20,6240.29,Check
PAY-50867,INV-10789,2025-05-30,1389.71,Check
PAY-50911,INV-10830,04/14/2025,1148.71,Check
PAY-52335,INV-12089,2026-01-26,553.37,Check
PAY-50530,INV-10474,11/14/2025,5065.39,Credit Card
PAY-51261,INV-11156,2025-09-02,136.06,ACH
PAY-53319,INV-19483,2025-09-28,4976.03,ACH
PAY-50637,INV-10580,2025-10-24,4143.84,Bank Transfer
PAY-51270,INV-11162,2025-05-28,1368.98,Credit Card
PAY-50186,INV-10176,2026-02-04,3116.5,Credit Card
PAY-52121,INV-11899,2025-05-19,2452.41,Check
PAY-52186,INV-11955,2025-06-10,22.52,ACH
PAY-51792,INV-11624,2025-06-22,811.33,Check
PAY-50932,INV-10848,2026-01-23,13490.89,Check
PAY-51442,INV-11309,2025-04-24,3933.58,Bank Transfer
PAY-51765,INV-11602,2025-10-17,5102.0,ACH
PAY-52581,INV-12315,09/02/2025,558.38,Bank Transfer
PAY-52342,INV-12097,2025-07-05,2706.56,Credit Card
PAY-52692,INV-12420,12/07/2025,73.85,Credit Card
PAY-51274,INV-11165,2025-12-06,404.08,Bank Transfer
PAY-52329,INV-12082,2025-10-25,643.62,Bank Transfer
PAY-50608,INV-10554,2025-09-18,1861.2,Bank Transfer
PAY-51724,INV-11562,2025-08-11,93.52,Bank Transfer
PAY-50152,INV-10143,2025-11-30,348.37,Check
PAY-51642,INV-11484,2025-07-01,194.01,ACH
PAY-52414,INV-12154,2025-12-22,381.71,Bank Transfer
PAY-51698,INV-11541,2025-10-03,1444.09,Check
PAY-53146,INV-12843,2025-03-25,5592.83,Credit Card
PAY-50732,INV-10672,2025-08-16,229.05,ACH
PAY-52506,INV-12242,2025-10-29,2504.82,Credit Card
PAY-52035,INV-11829,2025-08-07,267.4,Bank Transfer
PAY-53244,INV-12944,2025-03-07,1247.06,ACH
PAY-50024,INV-10025,2025-03-09,906.92,Check
PAY-52830,INV-12543,2026-01-07,1217.66,Bank Transfer
PAY-50159,INV-10148,2025-04-21,451.05,ACH
PAY-50862,INV-10787,2025-05-15,776.59,Bank Transfer
PAY-53301,INV-12999,2025-07-08,1999.71,ACH
PAY-50903,INV-10824,2025-10-03,520.07,ACH
PAY-51955,INV-11761,01/17/2026,6476.71,Check
PAY-51231,INV-11130,2025-09-25,1989.99,Credit Card
PAY-52970,INV-12673,12/04/2025,267.52,Check
PAY-50445,INV-10403,2025-09-02,1487.3,Credit Card
PAY-53299,INV-12997,2025-02-24,1866.79,Credit Card
PAY-50755,INV-10690,2025-08-31,510.26,Check
PAY-50924,INV-10843,2025-10-13,35.8,ACH
PAY-53336,INV-19166,2025-03-14,3095.16,ACH
PAY-52955,INV-12660,2025-07-03,396.91,Credit Card
PAY-50312,INV-10294,2025-12-24,3180.02,Credit Card
PAY-51376,INV-11247,2025-10-16,1526.41,Bank Transfer
PAY-50549,INV-10494,2025-12-19,681.87,Check
PAY-52247,INV-12006,2025-06-09,403.42,Credit Card
PAY-52323,INV-12078,2026-02-25,4374.27,Credit Card
PAY-50307,INV-10289,2026-01-13,882.22,Credit Card
PAY-50288,INV-10275,2025-02-16,611.94,Check
PAY-50695,INV-10633,2025-05-10,1284.07,Credit Card
PAY-50309,INV-10290,2026-01-21,845.2,Credit Card
PAY-52607,INV-12337,2025-12-09,653.59,ACH
PAY-52197,INV-11965,2025-04-20,2440.71,Bank Transfer
PAY-50750,INV-10686,2026-02-03,2812.13,Bank Transfer
PAY-51833,INV-11656,2025-02-10,1134.72,Bank Transfer
PAY-51587,INV-11433,2025-07-25,3211.28,Credit Card
PAY-51930,INV-11740,05/02/2025,1487.33,ACH
PAY-51621,INV-11463,2025-02-28,1226.45,Bank Transfer
PAY-50909,INV-10828,02/15/2026,924.66,Credit Card
PAY-50087,INV-10087,07/14/2025,186.87,Check
PAY-52671,INV-12398,2025-11-29,599.71,Credit Card
PAY-52093,INV-11877,01/24/2026,309.9,Check
PAY-52796,INV-12516,2025-03-16,1988.41,Credit Card
PAY-50971,INV-10884,2025-09-09,3788.57,Bank Transfer
PAY-50014,INV-10012,2025-08-31,973.45,ACH
PAY-50874,INV-10794,2025-07-25,181.03,Bank Transfer
PAY-50809,INV-10745,2025-12-12,2358.76,ACH
PAY-52895,INV-12597,2025-09-08,857.46,Bank Transfer
PAY-50515,INV-10463,2025-03-31,130.72,Check
PAY-52705,INV-12433,2025-05-01,1449.25,Bank Transfer
PAY-50410,INV-10378,2025-02-19,1745.87,ACH
PAY-51747,INV-11585,2026-01-08,2177.5,Check
PAY-51338,INV-11219,2025-07-18,153.89,Credit Card
PAY-51414,INV-11284,09/15/2025,3501.8,Bank Transfer
PAY-52544,INV-12282,2025-10-14,804.48,Credit Card
PAY-52253,INV-12010,2026-01-05,3442.02,Bank Transfer
PAY-51567,INV-11416,07/23/2025,154.49,Credit Card
PAY-53194,INV-12887,2025-01-21,921.84,Credit Card
PAY-51813,INV-11640,01/01/2026,566.35,ACH
PAY-50383,INV-10351,2025-08-27,263.83,ACH
PAY-52006,INV-11798,2025-09-04,66.12,ACH
PAY-52464,INV-12204,2025-02-15,133.02,Credit Card
PAY-52409,INV-12147,2025-02-18,141.56,Credit Card
PAY-51703,INV-11545,2025-05-24,860.93,Credit Card
PAY-52078,INV-11865,2025-03-05,427.41,Check
PAY-52934,INV-12641,2025-04-25,917.74,Check
PAY-51738,INV-11576,2025-11-12,1433.57,Check
PAY-51394,INV-11264,2025-03-28,646.38,Bank Transfer
PAY-50553,INV-10498,2025-05-11,1247.25,Bank Transfer
PAY-53122,INV-12820,2025-07-25,261.15,ACH
PAY-50223,INV-10213,2025-02-06,484.87,ACH
PAY-51980,INV-11780,2025-10-19,793.79,Check
PAY-51097,INV-11004,2025-08-28,826.96,ACH
PAY-52919,INV-12626,2025-08-29,312.16,Bank Transfer
PAY-50009,INV-10008,2025-10-01,2953.34,Bank Transfer
PAY-51883,INV-11698,2026-01-24,206.86,Bank Transfer
PAY-50317,INV-10299,2025-07-23,141.3,Check
PAY-51329,INV-11211,2025-10-16,483.24,Credit Card
PAY-50428,INV-10388,2025-03-08,4374.47,ACH
PAY-51710,INV-11549,2025-08-13,153.59,Bank Transfer
PAY-50106,INV-10104,2025-09-25,719.06,Bank Transfer
PAY-51768,INV-11605,2025-09-15,219.73,Credit Card
PAY-50143,INV-10134,2025-07-06,2267.05,Credit Card
PAY-50122,INV-10116,2025-02-07,1941.84,ACH
PAY-52662,INV-12390,2025-05-20,1597.22,Credit Card
PAY-53217,INV-12910,2025-08-13,4589.08,Credit Card
PAY-51190,INV-11090,2025-02-16,1240.52,Credit Card
PAY-52222,INV-11983,2025-08-06,842.15,ACH
PAY-52921,INV-12627,2025-07-10,5234.53,ACH
PAY-52074,INV-11859,2025-06-01,1919.51,Check
PAY-50116,INV-10113,2025-09-09,1562.76,Bank Transfer
PAY-51794,INV-11625,2025-09-18,2026.81,Credit Card
PAY-51619,INV-11461,2025-07-10,1306.87,ACH
PAY-52415,INV-12154,2026-02-07,1007.81,ACH
PAY-53145,INV-12841,2025-06-24,1931.52,Credit Card
PAY-53311,INV-19288,2025-01-01,4077.26,Check
PAY-52033,INV-11828,2025-10-05,5270.28,Check
PAY-52481,INV-12218,2025-08-30,1394.76,Bank Transfer
PAY-50673,INV-10612,2026-02-12,660.21,ACH
PAY-51830,INV-11653,2025-07-01,508.88,Credit Card
PAY-51110,INV-11020,2025-04-25,2168.41,Check
PAY-52834,INV-12546,09/22/2025,485.74,Bank Transfer
PAY-50592,INV-10534,2025-10-19,497.74,Bank Transfer
PAY-51873,INV-11687,2025-07-15,974.42,Bank Transfer
PAY-51789,INV-11621,2025-12-03,278.17,Check
PAY-50889,INV-10810,2025-01-04,661.73,ACH
PAY-52139,INV-11917,2025-06-03,728.51,Bank Transfer
PAY-51750,INV-11587,2025-09-22,1735.06,Credit Card
PAY-51577,INV-11425,2025-07-22,578.06,ACH
PAY-52196,INV-11964,2025-05-15,617.26,Credit Card
PAY-50214,INV-10207,2025-09-29,907.43,Bank Transfer
PAY-50779,INV-10712,2025-10-24,560.42,Check
PAY-52424,INV-12170,2025-11-17,2252.33,ACH
PAY-51449,INV-11314,2025-12-08,563.27,Credit Card
PAY-52084,INV-11870,2025-09-20,1022.77,Credit Card
PAY-50801,INV-10736,2025-10-07,2265.02,Bank Transfer
PAY-52781,INV-12501,2026-02-02,2473.9,Credit Card
PAY-51847,INV-11671,2025-12-18,1193.88,ACH
PAY-52644,INV-12373,2025-08-29,1709.6,ACH
PAY-51568,INV-11416,2025-09-02,1111.93,Bank Transfer
PAY-52568,INV-12304,2025-01-31,1854.15,Credit Card
PAY-52993,INV-12691,2025-03-30,592.88,Bank Transfer
PAY-51519,INV-11373,2025-03-29,430.65,ACH
PAY-51928,INV-11738,2025-11-22,566.22,ACH
PAY-53047,INV-12753,2025-10-30,313.89,Credit Card
PAY-51344,INV-11224,2026-01-01,2148.27,Credit Card
PAY-50274,INV-10264,2025-03-22,588.78,Credit Card
PAY-50072,INV-10070,2025-10-19,828.31,Bank Transfer
PAY-50721,INV-10661,2026-01-15,883.33,Credit Card
PAY-51088,INV-10994,2025-10-14,801.28,Check
PAY-50395,INV-10363,05/16/2025,1342.27,Check
PAY-50584,INV-10527,2025-07-06,342.14,Credit Card
PAY-51946,INV-11756,2025-10-20,1018.5,Check
PAY-52267,INV-12024,2025-06-08,455.8,Check
PAY-52273,INV-12029,2025-09-07,1787.71,Credit Card
PAY-50501,INV-10451,2025-05-17,1399.11,Check
PAY-52286,INV-12044,2025-11-05,1697.85,ACH
PAY-52502,INV-12237,2025-07-11,1499.44,Credit Card
PAY-53345,INV-19960,2025-01-26,504.17,ACH
PAY-53080,INV-12781,12/12/2025,1124.92,Check
PAY-51874,INV-11689,2025-11-29,1910.19,Credit Card
PAY-51260,INV-11156,2025-09-20,865.42,Bank Transfer
PAY-52045,INV-11841,2025-03-21,1318.59,Credit Card
PAY-52563,INV-12300,2025-02-13,56.19,Check
PAY-50206,INV-10201,2025-11-10,471.79,Credit Card
PAY-50734,INV-10673,2026-01-03,235.61,Bank Transfer
PAY-51941,INV-11750,2025-07-13,3644.38,Credit Card
PAY-50527,INV-10471,2025-03-11,1155.69,Check
PAY-52650,INV-12379,2025-06-25,1020.33,Credit Card
PAY-52980,INV-12681,2025-04-17,106.0,Bank Transfer
PAY-50899,INV-10822,2025-05-02,181.84,Check
PAY-50378,INV-10347,2025-03-22,124.94,Bank Transfer
PAY-51560,INV-11411,2025-03-30,4892.09,ACH
PAY-52122,INV-11900,2025-07-07,1134.64,ACH
PAY-53013,INV-12716,2025-03-23,38.9,ACH
PAY-53242,INV-12941,2025-04-09,3629.73,Bank Transfer
PAY-50387,INV-10355,2025-02-22,1455.18,Bank Transfer
PAY-50199,INV-10193,2025-04-18,1794.86,Credit Card
PAY-53295,INV-12994,2025-12-22,1222.94,Check
PAY-51051,INV-10958,2025-02-12,273.69,ACH
PAY-50591,INV-10533,2025-12-07,1394.83,Check
PAY-50520,INV-10465,2025-07-13,95.32,Check
PAY-52275,INV-12030,11/20/2025,951.01,ACH
PAY-51629,INV-11471,2025-02-19,4345.81,ACH
PAY-52877,INV-12585,2025-09-15,3971.19,Credit Card
PAY-50430,INV-10389,2026-01-08,733.78,Bank Transfer
PAY-51084,INV-10990,2025-03-21,286.94,Bank Transfer
PAY-52996,INV-12693,2025-11-07,370.1,Bank Transfer
PAY-51737,INV-11575,2025-04-12,2252.48,ACH
PAY-50208,INV-10202,2025-12-27,2452.11,Bank Transfer
PAY-50492,INV-10442,2025-11-09,1437.38,Bank Transfer
PAY-51711,INV-11550,2025-07-30,4465.96,Bank Transfer
PAY-52234,INV-11995,2025-08-22,2031.04,Credit Card
PAY-53271,INV-12969,2025-09-25,287.57,Credit Card
PAY-50793,INV-10728,2025-11-06,2023.98,Check
PAY-52795,INV-12515,2025-02-18,405.12,ACH
PAY-51187,INV-11088,2025-10-11,677.34,Credit Card
PAY-51186,INV-11087,2025-09-26,3741.55,Credit Card
PAY-53064,INV-12764,06/20/2025,838.47,ACH
PAY-52168,INV-11942,2025-06-15,1040.56,Check
PAY-51722,INV-11560,2025-07-16,1159.78,Credit Card
PAY-52511,INV-12244,2025-10-24,219.36,ACH
PAY-51531,INV-11388,2025-11-12,6035.17,Credit Card
PAY-51411,INV-11280,2025-02-12,1120.8,Bank Transfer
PAY-51477,INV-11340,2025-12-14,1725.68,Check
PAY-52679,INV-12405,07/15/2025,6674.88,Check
PAY-50084,INV-10082,2025-05-11,2041.42,Bank Transfer
PAY-52660,INV-12389,2025-07-23,43.51,Check
PAY-52611,INV-12344,05/04/2025,922.02,Credit Card
PAY-50021,INV-10022,2025-09-05,1208.1,Credit Card
PAY-52458,INV-12199,2025-10-25,328.26,Credit Card
PAY-51628,INV-11470,2025-09-01,2208.66,Bank Transfer
PAY-51949,INV-11757,2025-09-26,1308.05,Check
PAY-52454,INV-12196,2026-01-23,421.34,Bank Transfer
PAY-51406,INV-11275,2025-08-11,4410.7,Bank Transfer
PAY-52243,INV-12003,09/16/2025,725.47,Credit Card
PAY-51563,INV-11413,2026-01-24,2231.21,ACH
PAY-53357,INV-19093,2025-03-01,2956.93,Bank Transfer
PAY-53026,INV-12732,2025-04-07,6744.7,Bank Transfer
PAY-52242,INV-12001,2025-04-27,806.21,Check
PAY-50974,INV-10887,2025-08-29,2503.73,Credit Card
PAY-53137,INV-12833,2026-01-19,345.76,Check
PAY-50884,INV-10806,2025-07-26,1120.74,Bank Transfer
PAY-51099,INV-11006,2025-04-19,2109.35,ACH
PAY-50157,INV-10146,03/09/2025,2991.83,Credit Card
PAY-52561,INV-12297,2025-06-10,2157.18,Credit Card
PAY-50887,INV-10808,09/01/2025,962.11,Bank Transfer
PAY-53366,INV-19898,2025-09-16,2955.21,Check
PAY-53258,INV-12954,2025-04-01,5819.13,Check
PAY-51513,INV-11368,2025-10-25,194.3,Check
PAY-52779,INV-12498,08/13/2025,1150.8,Check
PAY-52376,INV-12122,2025-08-29,2233.2,Credit Card
PAY-52844,INV-12554,2025-05-14,268.33,Credit Card
PAY-52180,INV-11948,01/20/2026,224.98,Check
PAY-51877,INV-11691,2025-12-23,2509.97,Bank Transfer
PAY-51454,INV-11317,04/23/2025,19.6,ACH
PAY-51506,INV-11362,2025-04-18,2493.3,Check
PAY-52067,INV-11855,09/12/2025,1641.44,Bank Transfer
PAY-53237,INV-12934,2025-06-30,3497.38,Credit Card
PAY-50459,INV-10416,2026-02-04,754.73,Credit Card
PAY-52217,INV-11979,2025-07-27,108.35,Check
PAY-50079,INV-10079,2025-10-10,1607.74,ACH
PAY-53273,INV-12971,2025-08-09,126.39,ACH
PAY-52339,INV-12093,02/11/2026,2591.49,Bank Transfer
PAY-51057,INV-10962,2025-03-09,4896.31,Bank Transfer
PAY-50907,INV-10827,2025-06-29,1142.5,ACH
PAY-52385,INV-12130,2025-07-26,2825.29,Check
PAY-52721,INV-12447,2025-10-31,383.74,Bank Transfer
PAY-53029,INV-12735,04/25/2025,715.36,Bank Transfer
PAY-50381,INV-10350,2025-11-23,1221.58,Credit Card
PAY-50948,INV-10864,2025-12-29,227.78,ACH
PAY-52113,INV-11893,2025-09-23,179.01,Bank Transfer
PAY-52261,INV-12020,2025-08-08,485.25,Credit Card
PAY-53171,INV-12866,2025-09-30,83.81,Check
PAY-50716,INV-10656,2025-06-05,1561.34,ACH
PAY-52250,INV-12007,2025-12-24,22.49,Check
PAY-50687,INV-10624,2025-09-01,4968.52,ACH
PAY-52881,INV-12588,07/06/2025,1233.14,Bank Transfer
PAY-51294,INV-11181,2025-02-21,363.57,ACH
PAY-50306,INV-10288,2025-02-28,2513.64,ACH
PAY-50210,INV-10204,2025-01-21,3821.59,Credit Card
PAY-52616,INV-12349,2025-05-21,2763.16,ACH
PAY-52500,INV-12235,2025-11-28,10.9,Check
PAY-53341,INV-19381,2025-09-06,4200.51,Bank Transfer
PAY-51965,INV-11769,2025-09-29,493.0,Credit Card
PAY-50886,INV-10807,2025-11-10,472.25,Bank Transfer
PAY-53312,INV-19102,2025-07-24,3147.77,Check
PAY-50918,INV-10836,2025-02-19,235.36,ACH
PAY-52528,INV-12266,02/18/2025,4329.71,Check
PAY-52869,INV-12579,2025-10-11,1905.64,Credit Card
PAY-50192,INV-10186,2025-09-04,2814.67,Check
PAY-52476,INV-12214,2025-11-19,597.94,Credit Card
PAY-52291,INV-12048,2025-01-14,1467.96,ACH
PAY-51266,INV-11159,2025-07-24,3581.69,Bank Transfer
PAY-50484,INV-10437,2025-10-05,3337.31,Bank Transfer
PAY-50916,INV-10836,2025-03-23,1247.99,Credit Card
PAY-53363,INV-19033,2025-08-25,540.22,ACH
PAY-50278,INV-10267,2025-07-12,811.48,Bank Transfer
PAY-50989,INV-10901,2025-09-03,796.17,Credit Card
PAY-52371,INV-12120,2025-03-09,1246.48,ACH
PAY-51246,INV-11146,2026-01-21,24.33,Check
PAY-52058,INV-11849,2025-04-15,158.76,Bank Transfer
PAY-50572,INV-10517,2025-11-30,2323.49,ACH
PAY-51436,INV-11306,2025-01-05,659.43,Check
PAY-50994,INV-10906,2025-10-07,1543.48,ACH
PAY-53065,INV-12765,01/14/2026,97.31,Credit Card
PAY-52690,INV-12418,2025-08-08,2011.29,Check
PAY-50586,INV-10530,2025-10-09,655.97,Check
PAY-53302,INV-13000,2025-02-22,1287.25,Bank Transfer
PAY-53052,INV-12754,2025-09-21,562.29,Bank Transfer
PAY-53360,INV-19437,2025-02-11,3788.15,Bank Transfer
PAY-51350,INV-11228,2025-09-10,1296.86,Bank Transfer
PAY-51008,INV-10916,2026-01-01,236.06,Check
PAY-50675,INV-10614,2026-01-16,537.57,Credit Card
PAY-52103,INV-11887,2025-10-18,714.34,Bank Transfer
PAY-50856,INV-10783,2025-10-17,933.2,Check
PAY-50448,INV-10406,2025-05-15,2592.98,Bank Transfer
PAY-51814,INV-11641,2026-01-23,1512.92,Check
PAY-50866,INV-10788,2025-04-02,467.27,Credit Card
PAY-52439,INV-12183,08/08/2025,1258.46,ACH
PAY-52543,INV-12281,2025-04-02,313.18,Check
PAY-53327,INV-19566,2025-01-03,3853.05,Check
PAY-53170,INV-12866,09/10/2025,369.11,ACH
PAY-52115,INV-11894,2025-07-24,1341.24,Credit Card
PAY-51816,INV-11642,07/31/2025,657.35,Bank Transfer
PAY-53002,INV-12700,2025-07-08,4895.34,Check
PAY-52790,INV-12511,09/15/2025,208.26,Check
PAY-51248,INV-11146,2026-01-19,950.81,Bank Transfer
PAY-50295,INV-10279,2025-09-14,465.8,Credit Card
PAY-51548,INV-11401,2025-11-11,235.12,Bank Transfer
PAY-50589,INV-10532,11/05/2025,238.59,ACH
PAY-51742,INV-11581,2025-06-08,1773.15,Bank Transfer
PAY-51282,INV-11172,2026-01-01,1193.95,Bank Transfer
PAY-53350,INV-19908,2025-05-24,224.27,Bank Transfer
PAY-52179,INV-11947,2025-11-20,232.53,Credit Card
PAY-52598,INV-12330,2025-11-17,459.32,Bank Transfer
PAY-52341,INV-12096,2025-08-20,1382.73,Check
PAY-52452,INV-12195,2025-05-17,1755.9,Check
PAY-51823,INV-11648,2025-05-14,3594.49,Bank Transfer
PAY-52537,INV-12276,2026-01-19,557.11,Bank Transfer
PAY-51418,INV-11286,2026-03-13,446.7,Credit Card
PAY-50426,INV-10387,2025-03-23,1094.45,Credit Card
PAY-50535,INV-10479,2025-10-20,18000.0,ACH
PAY-51055,INV-10961,2025-12-21,585.51,Credit Card
PAY-52548,INV-12285,2025-10-10,600.6,Bank Transfer
PAY-52808,INV-12525,2025-05-03,826.86,Bank Transfer
PAY-52786,INV-12507,2025-04-02,18000.0,Bank Transfer
PAY-51771,INV-11608,2025-03-16,6388.22,Bank Transfer
PAY-50133,INV-10126,2025-05-01,920.37,Bank Transfer
PAY-50007,INV-10006,2025-01-17,1199.04,Bank Transfer
PAY-52992,INV-12690,2025-06-20,2568.87,ACH
PAY-50422,INV-10384,2025-12-25,38.3,Check
PAY-51691,INV-11531,2025-10-24,1680.42,Bank Transfer
PAY-52989,INV-12688,2026-03-18,87.65,ACH
PAY-52292,INV-12049,2025-05-17,1102.01,Bank Transfer
PAY-52009,INV-11801,02/10/2025,8193.3,Bank Transfer
PAY-51717,INV-11555,2025-05-11,1207.33,Credit Card
PAY-51369,INV-11242,05/12/2025,262.08,Bank Transfer
PAY-50557,INV-10501,2026-02-05,2000.7,Credit Card
PAY-52298,INV-12055,2025-10-04,440.86,Credit Card
PAY-51895,INV-11708,02/04/2025,8183.65,Credit Card
PAY-53044,INV-12750,2025-04-10,1231.48,Check
PAY-53010,INV-12713,2025-05-31,2321.29,ACH
PAY-51937,INV-11746,2025-03-03,1834.51,Check
PAY-50571,INV-10516,2025-02-16,2921.5,Check
PAY-50353,INV-10329,2025-09-11,2595.95,Check
PAY-50092,INV-10089,2025-04-05,44.44,Credit Card
PAY-52391,INV-12134,2025-03-31,390.26,Credit Card
PAY-52842,INV-12552,2025-05-29,272.62,Credit Card
PAY-51171,INV-11073,01/20/2025,1586.27,Check
PAY-51899,INV-11713,07/06/2025,209.47,Bank Transfer
PAY-51286,INV-11174,12/22/2025,1399.21,Check
PAY-52158,INV-11933,2025-10-06,175.34,Bank Transfer
PAY-52131,INV-11910,2025-08-11,231.68,Check
PAY-51872,INV-11686,2025-06-19,537.96,ACH
PAY-51848,INV-11672,2025-03-09,22.69,Credit Card
PAY-51592,INV-11436,2025-04-03,542.02,Check
PAY-51884,INV-11698,2025-12-18,224.05,Bank Transfer
PAY-50698,INV-10637,02/15/2025,3105.26,Check
PAY-52851,INV-12561,2026-01-21,594.37,ACH
PAY-50349,INV-10325,2026-03-24,184.32,Bank Transfer
PAY-51992,INV-11790,2025-07-12,4946.35,Check
PAY-52634,INV-12364,02/15/2025,4029.59,Bank Transfer
PAY-52725,INV-12450,2025-08-28,795.14,Credit Card
PAY-52442,INV-12187,2025-09-14,184.87,Bank Transfer
PAY-51138,INV-11041,09/03/2025,6738.11,Credit Card
PAY-52466,INV-12206,2025-04-04,2264.63,ACH
PAY-52687,INV-12415,2025-04-23,3699.29,ACH
PAY-53185,INV-12879,2025-07-01,730.82,Bank Transfer
PAY-53169,INV-12865,05/20/2025,2138.26,ACH
PAY-51712,INV-11550,2025-08-13,624.45,ACH
PAY-51340,INV-11221,2025-12-21,508.35,Bank Transfer
PAY-53208,INV-12900,2025-10-20,520.1,Credit Card
PAY-50454,INV-10412,2025-03-07,537.98,ACH
PAY-50914,INV-10834,2025-03-19,189.8,Check
PAY-52269,INV-12025,03/12/2026,35.89,Bank Transfer
PAY-51200,INV-11101,2025-12-16,3634.44,ACH
PAY-51275,INV-11166,2025-08-14,1818.87,Credit Card
PAY-53088,INV-12787,2025-03-15,740.26,Credit Card
PAY-50038,INV-10042,2025-10-22,1727.16,Check
PAY-50975,INV-10888,2025-02-13,1071.31,Credit Card
PAY-53115,INV-12815,2025-03-08,7702.51,Check
PAY-50984,INV-10897,2025-03-29,1273.59,Check
PAY-51250,INV-11150,2025-11-24,690.72,Check
PAY-52263,INV-12021,2025-07-25,317.45,ACH
PAY-51419,INV-11287,2025-04-27,283.56,Check
PAY-51285,INV-11173,2025-09-06,1625.84,Credit Card
PAY-51561,INV-11412,2025-09-21,897.87,Bank Transfer
PAY-50040,INV-10044,02/24/2026,672.97,ACH
PAY-51487,INV-11347,2025-12-27,22.6,Credit Card
PAY-52155,INV-11932,2025-02-09,2314.69,Check
PAY-50170,INV-10161,2025-11-28,615.72,ACH
PAY-51356,INV-11234,08/07/2025,15089.26,Credit Card
PAY-50738,INV-10676,2026-01-05,735.07,ACH
PAY-51981,INV-11782,08/04/2025,116.25,Bank Transfer
PAY-53033,INV-12739,2025-03-02,5995.38,Bank Transfer
PAY-51673,INV-11515,2025-04-02,1374.15,Bank Transfer
PAY-51565,INV-11415,2025-12-29,829.51,Bank Transfer
PAY-52422,INV-12163,2025-11-01,2317.86,ACH
PAY-50635,INV-10578,2025-07-09,2962.47,ACH
PAY-53098,INV-12798,2025-06-17,296.7,Credit Card
PAY-52231,INV-11991,2025-06-28,3042.3,Bank Transfer
PAY-51641,INV-11484,2025-05-11,25.09,ACH
PAY-51291,INV-11179,06/03/2025,608.06,Bank Transfer
PAY-52625,INV-12356,2025-10-22,690.49,ACH
PAY-51381,INV-11253,2025-07-27,246.08,Check
PAY-50580,INV-10524,2025-05-06,653.0,ACH
PAY-50329,INV-10306,2025-03-31,1645.16,ACH
PAY-52070,INV-11857,2025-08-03,1223.65,Check
PAY-50893,INV-10814,2025-05-08,1766.75,Bank Transfer
PAY-51144,INV-11047,2025-12-05,1065.47,ACH
PAY-50781,INV-10713,2025-12-31,906.48,Credit Card
PAY-53193,INV-12886,2025-05-19,944.11,Credit Card
PAY-50160,INV-10149,2025-11-05,2367.87,Check
PAY-52901,INV-12606,2026-01-08,1253.79,Bank Transfer
PAY-52148,INV-11925,01/20/2025,9572.74,ACH
PAY-52612,INV-12345,2025-12-20,213.15,Bank Transfer
PAY-50062,INV-10063,2025-07-14,546.92,Bank Transfer
PAY-50850,INV-10777,2025-12-27,226.96,Check
PAY-52399,INV-12139,2025-04-09,485.32,Bank Transfer
PAY-53249,INV-12946,2025-05-24,526.94,ACH
PAY-52047,INV-11843,2025-05-22,903.38,Credit Card
PAY-51597,INV-11439,2025-08-03,2302.79,Bank Transfer
PAY-51777,INV-11611,2025-08-04,56.88,Check
PAY-51044,INV-10950,2026-01-19,1842.73,Check
PAY-53025,INV-12729,2025-05-28,758.82,ACH
PAY-51545,INV-11399,05/21/2025,4360.63,Check
PAY-52241,INV-12000,2025-04-24,757.17,ACH
PAY-52959,INV-12666,2025-04-18,432.5,Credit Card
PAY-51071,INV-10976,2026-01-08,270.27,ACH
PAY-50054,INV-10053,2025-12-29,431.04,Bank Transfer
PAY-53246,INV-12945,2025-09-23,405.34,Check
PAY-52737,INV-12462,2025-12-13,2888.27,Credit Card
PAY-51798,INV-11628,2026-01-21,1746.55,Credit Card
PAY-52026,INV-11819,2025-07-13,1224.13,Check
PAY-50259,INV-10245,2025-04-24,502.57,ACH
PAY-50506,INV-10454,2025-01-27,755.53,Check
PAY-50753,INV-10690,2025-08-15,55.26,Check
PAY-52272,INV-12028,2025-05-31,4514.51,Bank Transfer
PAY-50218,INV-10210,2025-07-31,18000.0,Credit Card
PAY-50825,INV-10758,2025-10-31,1748.22,Credit Card
PAY-51942,INV-11752,2025-05-16,2724.63,Credit Card
PAY-53365,INV-19979,2025-09-05,1430.84,Bank Transfer
PAY-53055,INV-12757,2025-05-11,501.47,Credit Card
PAY-51390,INV-11262,08/18/2025,1585.1,ACH
PAY-52806,INV-12524,2025-02-16,1116.35,ACH
PAY-51267,INV-11160,2025-10-18,1105.06,Credit Card
PAY-52765,INV-12486,2025-06-12,3208.73,Check
PAY-52112,INV-11893,09/13/2025,429.37,Bank Transfer
PAY-51599,INV-11440,2025-09-23,2868.06,Credit Card
PAY-53051,INV-12754,2025-08-26,56.57,Bank Transfer
PAY-52305,INV-12062,2025-02-13,1308.15,Credit Card
PAY-51608,INV-11450,2025-02-13,1508.91,Credit Card
PAY-51595,INV-11437,2025-03-20,1183.44,Bank Transfer
PAY-50772,INV-10705,09/11/2025,131.3,Credit Card
PAY-53151,INV-12849,2025-08-20,856.55,Check
PAY-53101,INV-12801,2025-02-02,1746.64,ACH
PAY-51177,INV-11076,2025-03-17,389.34,ACH
PAY-53017,INV-12719,2025-05-20,868.6,ACH
PAY-51869,INV-11684,2026-01-06,304.9,Check
PAY-51086,INV-10992,2025-07-13,235.67,Check
PAY-52304,INV-12061,2025-05-02,3183.73,Check
PAY-52703,INV-12431,2026-01-24,2460.56,Check
PAY-51326,INV-11209,2025-05-12,418.91,ACH
PAY-52388,INV-12132,2025-05-28,175.43,Bank Transfer
PAY-53236,INV-12933,2025-05-06,664.93,ACH
PAY-50807,INV-10742,2025-02-28,467.96,Bank Transfer
PAY-52072,INV-11858,2025-12-24,106.64,ACH
PAY-51404,INV-11273,2025-07-17,151.78,Bank Transfer
PAY-52094,INV-11877,2025-12-28,390.6,Credit Card
PAY-52924,INV-12629,2025-06-27,364.26,Credit Card
PAY-52405,INV-12145,2025-07-06,1210.9,Bank Transfer
PAY-52114,INV-11893,2025-09-23,91.87,Credit Card
PAY-51164,INV-11065,2025-10-06,1068.28,Bank Transfer
PAY-50964,INV-10877,2025-11-12,207.09,ACH
PAY-53260,INV-12957,2025-12-17,3425.4,Credit Card
PAY-51913,INV-11725,2025-10-02,69.12,Credit Card
PAY-50817,INV-10753,10/08/2025,615.06,Credit Card
PAY-50399,INV-10367,2025-08-27,1811.09,ACH
PAY-50585,INV-10529,04/25/2025,1870.11,Check
PAY-50949,INV-10865,2025-04-12,852.77,ACH
PAY-50705,INV-10644,2025-07-13,79.03,Check
PAY-50432,INV-10392,2025-05-09,816.68,Check
PAY-51689,INV-11529,2025-04-28,953.4,Check
PAY-50293,INV-10279,2025-09-21,13.43,Check
PAY-50146,INV-10137,2025-10-20,731.48,Check
PAY-50324,INV-10304,2025-07-20,166.62,Credit Card
PAY-52908,INV-12615,2025-05-26,2537.45,Bank Transfer
PAY-52375,INV-12122,2025-08-26,70.29,Credit Card
PAY-51166,INV-11067,01/08/2026,461.64,ACH
PAY-51453,INV-11316,2025-03-09,454.57,ACH
PAY-50003,INV-10003,2025-10-01,2651.6,Credit Card
PAY-51713,INV-11551,2025-06-25,1352.7,Bank Transfer
PAY-50577,INV-10521,2025-12-17,88.82,Check
PAY-52587,INV-12318,2025-08-11,292.05,Credit Card
PAY-50340,INV-10318,2025-05-14,132.64,Credit Card
PAY-51383,INV-11254,03/20/2025,236.73,Bank Transfer
PAY-52021,INV-11812,2026-01-21,1689.37,Check
PAY-50926,INV-10843,10/05/2025,120.41,Bank Transfer
PAY-50266,INV-10256,2025-10-09,957.37,Credit Card
PAY-50377,INV-10347,2025-04-11,65.95,Credit Card
PAY-52633,INV-12363,2025-07-20,376.11,ACH
PAY-51772,INV-11609,2025-02-12,88.47,Credit Card
PAY-51464,INV-11327,2025-09-21,635.62,Bank Transfer
PAY-50272,INV-10261,2025-06-12,390.12,Check
PAY-50697,INV-10635,2025-04-23,595.32,Check
PAY-53339,INV-19738,2025-07-07,1478.73,Credit Card
PAY-50245,INV-10232,2026-01-25,407.45,Credit Card
PAY-53162,INV-12861,2025-10-01,917.73,Check
PAY-50477,INV-10431,2025-11-28,510.33,Bank Transfer
PAY-52867,INV-12577,2025-12-14,5528.98,Check
PAY-52119,INV-11897,2025-06-30,197.51,Credit Card
PAY-50814,INV-10747,2025-03-09,169.2,ACH
PAY-52092,INV-11876,2025-07-03,5198.45,Check
PAY-51915,INV-11725,2025-08-09,69.33,Check
PAY-52104,INV-11888,2025-09-28,395.86,Bank Transfer
PAY-52848,INV-12558,2025-09-05,802.19,Credit Card
PAY-53131,INV-12828,2026-02-10,360.83,ACH
PAY-53316,INV-19386,2025-10-01,3682.95,ACH
PAY-51165,INV-11066,2025-12-18,540.39,Bank Transfer
PAY-51805,INV-11632,2025-12-12,691.1,Check
PAY-52444,INV-12189,2025-01-31,1005.94,Check
PAY-50251,INV-10237,2025-11-03,90.78,ACH
PAY-50414,INV-10380,10/01/2025,224.58,ACH
PAY-50546,INV-10490,2025-11-15,3273.04,ACH
PAY-51194,INV-11094,2026-01-27,1551.15,Bank Transfer
PAY-50739,INV-10677,2025-08-05,544.83,Bank Transfer
PAY-50311,INV-10293,2025-11-06,870.94,ACH
PAY-52554,INV-12289,2025-08-07,864.58,Check
PAY-50894,INV-10817,2025-11-12,1882.48,Bank Transfer
PAY-51132,INV-11037,2025-12-17,491.18,Check
PAY-51450,INV-11314,2025-12-05,372.27,Bank Transfer
PAY-53266,INV-12962,2025-08-02,856.0,Credit Card
PAY-50016,INV-10014,2025-10-04,264.55,Check
PAY-52252,INV-12009,2025-08-30,2679.33,Bank Transfer
PAY-50722,INV-10661,2026-01-30,145.35,Check
PAY-51421,INV-11289,2025-02-12,548.38,Credit Card
PAY-52960,INV-12668,06/16/2025,54.24,Bank Transfer
PAY-50982,INV-10895,2025-12-27,5135.55,ACH
PAY-52370,INV-12119,2025-02-18,150.0,Bank Transfer
PAY-51540,INV-11395,2025-07-03,286.32,Bank Transfer
PAY-52896,INV-12599,2025-08-28,212.75,Credit Card
PAY-51912,INV-11724,2025-12-14,2575.58,Check
PAY-51551,INV-11402,2025-05-19,147.63,Bank Transfer
PAY-52715,INV-12442,05/14/2025,1035.34,ACH
PAY-50364,INV-10335,04/10/2025,1042.16,Bank Transfer
PAY-50983,INV-10896,2025-03-25,2654.04,Check
PAY-50183,INV-10172,2026-01-24,44.93,Bank Transfer
PAY-50986,INV-10898,2025-08-27,364.66,Bank Transfer
PAY-52277,INV-12034,2025-07-17,2333.03,ACH
PAY-51195,INV-11095,2025-04-10,2862.29,Bank Transfer
PAY-53148,INV-12847,2025-01-20,167.98,ACH
PAY-53243,INV-12943,2025-07-24,2634.46,Bank Transfer
PAY-51122,INV-11030,2025-09-08,77.01,Check
PAY-52523,INV-12260,2026-01-13,1770.56,ACH
PAY-50188,INV-10178,2025-06-26,5476.28,Check
PAY-50620,INV-10563,04/12/2025,3242.22,Check
PAY-50995,INV-10908,2025-04-13,860.27,Check
PAY-51176,INV-11076,04/25/2025,140.35,Bank Transfer
PAY-51183,INV-11085,2025-05-14,2087.54,Bank Transfer
PAY-52675,INV-12400,2025-05-11,1575.63,Credit Card
PAY-52478,INV-12215,2026-01-17,969.68,Check
PAY-50615,INV-10559,2025-11-02,2111.19,ACH
PAY-51514,INV-11368,2025-11-01,272.86,ACH
PAY-51467,INV-11331,07/22/2025,5870.39,Check
PAY-50402,INV-10370,2025-10-22,738.26,ACH
PAY-50935,INV-10850,2025-08-14,575.13,ACH
PAY-53335,INV-19962,2025-03-12,2291.56,Credit Card
PAY-52227,INV-11989,2025-10-22,831.03,Check
PAY-50727,INV-10665,2025-07-19,779.33,Bank Transfer
PAY-50827,INV-10759,2025-10-10,160.76,Check
PAY-51522,INV-11379,2025-09-18,858.29,ACH
PAY-50137,INV-10130,2025-12-21,940.93,Check
PAY-50629,INV-10571,2025-12-28,1505.04,ACH
PAY-50335,INV-10313,2025-09-06,3111.55,Check
PAY-50391,INV-10359,02/27/2026,1979.2,ACH
PAY-52596,INV-12328,2025-04-11,1044.83,Credit Card
PAY-51818,INV-11644,2025-06-18,2224.16,Bank Transfer
PAY-53032,INV-12738,2025-05-10,2014.46,Bank Transfer
PAY-50711,INV-10650,2025-02-16,2769.95,Credit Card
PAY-51040,INV-10945,2025-07-10,7800.74,ACH
PAY-52212,INV-11975,2025-06-23,67.6,Credit Card
PAY-52916,INV-12622,08/18/2025,3011.37,Check
PAY-51562,INV-11412,2025-08-28,123.06,Credit Card
PAY-53099,INV-12799,2025-10-09,1070.98,Credit Card
PAY-52827,INV-12541,2025-07-13,184.7,ACH
PAY-51113,INV-11023,2025-09-11,1448.21,Check
PAY-51224,INV-11123,2025-11-04,2630.31,Bank Transfer
PAY-53298,INV-12996,2026-01-10,1587.21,Check
PAY-51509,INV-11364,2025-11-14,179.64,ACH
PAY-51751,INV-11589,2026-01-10,702.87,Credit Card
PAY-53019,INV-12722,2025-10-01,939.01,ACH
PAY-50339,INV-10318,2025-03-19,175.71,Check
PAY-50216,INV-10208,2025-10-23,2350.56,Check
PAY-51342,INV-11222,2025-05-10,59.65,Check
PAY-52821,INV-12536,2026-01-04,1135.04,Credit Card
PAY-53297,INV-12995,02/24/2025,136.96,Bank Transfer
PAY-52185,INV-11954,2025-09-09,821.89,Bank Transfer
PAY-52098,INV-11882,2025-06-13,6336.14,Bank Transfer
PAY-52282,INV-12039,2025-08-03,1446.62,Credit Card
PAY-50102,INV-10097,03/17/2025,1932.38,Bank Transfer
PAY-52423,INV-12166,2025-05-15,593.72,Bank Transfer
PAY-50172,INV-10163,2025-06-23,4199.56,Bank Transfer
PAY-50108,INV-10106,2026-02-11,2129.51,Credit Card
PAY-52368,INV-12117,2025-02-08,1205.03,Credit Card
PAY-53353,INV-19246,2025-02-16,854.0,ACH
PAY-52862,INV-12573,2025-10-15,1130.36,Bank Transfer
PAY-52257,INV-12014,2026-02-27,635.29,ACH
PAY-52145,INV-11924,05/13/2025,168.66,Check
PAY-52294,INV-12050,2026-01-07,351.68,ACH
PAY-52314,INV-12070,2025-03-10,3407.02,Credit Card
PAY-52535,INV-12274,2026-01-14,1526.51,Bank Transfer
PAY-52628,INV-12357,2025-05-08,1061.73,Bank Transfer
PAY-52892,INV-12594,2025-07-20,1559.66,Bank Transfer
PAY-51041,INV-10946,2025-06-05,565.06,Check
PAY-51525,INV-11383,11/16/2025,915.95,Credit Card
PAY-52957,INV-12664,2025-06-06,630.48,Check
PAY-50482,INV-10436,2025-03-27,560.93,Check
PAY-52402,INV-12143,2025-06-16,1730.23,Credit Card
PAY-52497,INV-12233,2025-09-17,8.5,ACH
PAY-51763,INV-11601,2026-01-14,1255.63,Bank Transfer
PAY-52749,INV-12472,2025-07-15,12425.24,Check
PAY-53348,INV-19847,2025-03-11,1536.54,ACH
PAY-52334,INV-12089,2026-01-28,145.17,Bank Transfer
PAY-50406,INV-10374,2025-03-17,3509.9,Bank Transfer
PAY-50758,INV-10693,2025-02-13,61.8,Check
PAY-52837,INV-12548,2025-06-17,314.78,Bank Transfer
PAY-50098,INV-10093,2025-10-01,196.34,Bank Transfer
PAY-51334,INV-11215,2025-04-01,1135.18,Credit Card
PAY-52680,INV-12406,2025-07-03,4946.4,ACH
PAY-53114,INV-12814,2025-04-06,77.53,Bank Transfer
PAY-52393,INV-12135,2025-12-03,216.73,Credit Card
PAY-52059,INV-11850,2025-08-19,227.13,Credit Card
PAY-52372,INV-12120,2025-03-23,187.67,Bank Transfer
PAY-50149,INV-10139,2025-10-27,177.03,Bank Transfer
PAY-50029,INV-10033,2025-06-15,1462.43,ACH
PAY-52308,INV-12064,2025-09-23,1348.98,Bank Transfer
PAY-52223,INV-11985,2025-02-11,3490.54,ACH
PAY-50693,INV-10630,2025-10-29,3963.06,Credit Card
PAY-51387,INV-11257,2025-07-11,6669.6,ACH
PAY-51846,INV-11670,2025-04-11,2421.3,Credit Card
PAY-52311,INV-12066,2025-10-08,876.13,Bank Transfer
PAY-51600,INV-11441,2025-10-12,2688.11,Bank Transfer
PAY-50702,INV-10642,2025-02-26,6648.32,ACH
PAY-51709,INV-11549,2025-08-24,494.11,Check
PAY-50455,INV-10413,2025-08-07,79.9,Check
PAY-52041,INV-11835,02/02/2026,853.04,Check
PAY-52359,INV-12111,2025-09-21,26.67,Credit Card
PAY-50610,INV-10556,2025-12-26,424.37,ACH
PAY-50168,INV-10159,2025-04-24,506.65,ACH
PAY-50731,INV-10671,2025-06-17,4543.61,ACH
PAY-52432,INV-12179,2025-06-02,278.59,Credit Card
PAY-53018,INV-12720,2025-04-06,1654.4,Bank Transfer
PAY-52239,INV-11998,2025-05-20,669.35,Credit Card
PAY-51623,INV-11464,2025-02-27,688.51,ACH
PAY-50588,INV-10532,2026-01-09,13.05,Credit Card
PAY-51402,INV-11272,2025-08-29,2561.18,Bank Transfer
PAY-51701,INV-11543,2025-03-17,785.58,Credit Card
PAY-52462,INV-12203,2025-09-02,2829.29,Credit Card
PAY-52659,INV-12389,07/16/2025,1250.13,ACH
PAY-51380,INV-11252,2025-11-01,3134.35,Check
PAY-52090,INV-11874,2025-09-16,2986.01,Check
PAY-52948,INV-12654,2025-03-27,3742.55,ACH
PAY-52169,INV-11942,2025-06-23,188.55,Bank Transfer
PAY-53235,INV-12932,2025-03-22,982.42,Credit Card
PAY-50442,INV-10401,2025-12-10,352.49,Credit Card
PAY-52052,INV-11847,2025-11-19,2301.23,Check
PAY-51302,INV-11186,2025-12-05,3451.95,Check
PAY-52852,INV-12562,2026-01-04,1598.98,ACH
PAY-51305,INV-11187,2025-08-11,150.2,Credit Card
PAY-50237,INV-10227,2025-12-19,182.83,Credit Card
PAY-50521,INV-10466,2025-02-25,1213.33,ACH
PAY-50736,INV-10674,11/04/2025,1059.66,ACH
PAY-52983,INV-12683,2025-02-18,1100.47,Credit Card
PAY-52107,INV-11889,12/13/2025,966.37,Bank Transfer
PAY-50593,INV-10535,2025-12-31,823.32,ACH
PAY-51304,INV-11187,2025-09-20,176.88,Check
PAY-51388,INV-11258,2025-10-11,2158.39,Check
PAY-52347,INV-12100,2025-10-20,3090.54,ACH
PAY-52508,INV-12243,2025-04-17,2086.01,Credit Card
PAY-53136,INV-12832,2025-09-24,644.18,Credit Card
PAY-50905,INV-10826,2025-03-03,5475.54,Check
PAY-52857,INV-12567,2025-06-30,604.12,Credit Card
PAY-51280,INV-11169,2025-08-29,2528.24,Credit Card
PAY-52693,INV-12421,2025-06-05,3799.35,Bank Transfer
PAY-53231,INV-12927,2025-03-15,1333.28,Bank Transfer
PAY-52678,INV-12403,2025-07-28,905.05,ACH
PAY-52764,INV-12484,12/19/2025,742.49,Credit Card
PAY-52672,INV-12399,2025-03-03,559.75,ACH
PAY-50707,INV-10647,2025-05-18,150.0,Credit Card
PAY-52969,INV-12672,2025-05-18,415.98,Bank Transfer
PAY-50746,INV-10684,2025-10-05,906.57,Credit Card
PAY-51940,INV-11749,2025-10-24,1755.7,Check
PAY-52719,INV-12445,2025-03-09,941.36,Credit Card
PAY-50514,INV-10462,2025-07-23,1528.03,Bank Transfer
PAY-50082,INV-10081,07/17/2025,1214.75,ACH
PAY-51309,INV-11189,2025-04-15,2428.54,Check
PAY-53200,INV-12893,2025-04-06,2955.39,Bank Transfer
PAY-50915,INV-10835,2025-12-27,1434.8,Check
PAY-53103,INV-12804,2026-01-11,599.65,ACH
PAY-50775,INV-10709,2025-04-16,227.3,Check
PAY-50330,INV-10308,2025-09-22,869.21,ACH
PAY-52055,INV-11848,2025-05-27,678.88,ACH
PAY-52002,INV-11797,2025-05-13,216.84,Check
PAY-50944,INV-10859,2025-11-11,900.54,Bank Transfer
PAY-50823,INV-10756,2025-08-05,273.18,Bank Transfer
PAY-50910,INV-10829,2025-10-03,1014.18,Credit Card
PAY-50182,INV-10172,2026-01-27,7.94,Bank Transfer
PAY-50165,INV-10156,02/18/2025,778.28,ACH
PAY-51524,INV-11383,2025-11-16,3333.1,ACH
PAY-50452,INV-10410,2025-11-16,2351.94,Bank Transfer
PAY-51312,INV-11191,2025-03-15,1627.56,Credit Card
PAY-51112,INV-11022,2025-08-04,883.3,Bank Transfer
PAY-52794,INV-12515,2025-02-01,580.12,Bank Transfer
PAY-51288,INV-11176,2025-05-10,1149.86,ACH
PAY-50328,INV-10305,2025-12-22,246.26,ACH
PAY-51791,INV-11623,04/30/2025,3385.67,ACH
PAY-52985,INV-12685,01/29/2025,2001.3,ACH
PAY-52008,INV-11800,2025-06-01,1508.97,Credit Card
PAY-51859,INV-11677,2025-02-21,1825.13,ACH
PAY-50313,INV-10295,2025-12-10,2041.24,ACH
PAY-50833,INV-10765,2025-10-25,4164.48,Check
PAY-51202,INV-11104,2025-08-26,1305.54,Check
PAY-52601,INV-12331,2025-04-20,1136.18,Credit Card
PAY-52214,INV-11976,2025-03-20,1043.5,ACH
PAY-52135,INV-11913,2025-05-01,278.63,Bank Transfer
PAY-52610,INV-12341,2025-06-25,2776.5,ACH
PAY-51482,INV-11343,2026-02-07,2193.48,Check
PAY-50778,INV-10712,2025-12-03,13.08,Bank Transfer
PAY-50800,INV-10735,2025-08-07,3737.75,Credit Card
PAY-50055,INV-10054,2025-11-15,2567.04,ACH
PAY-51921,INV-11731,2025-09-18,351.09,Credit Card
PAY-52904,INV-12610,2025-10-14,4662.88,Credit Card
PAY-52832,INV-12545,2025-08-13,13148.26,Check
PAY-51702,INV-11544,04/20/2025,981.04,ACH
PAY-52162,INV-11935,2025-11-04,4624.54,ACH
PAY-53155,INV-12854,2025-05-17,1805.31,ACH
PAY-50988,INV-10900,2025-04-24,709.64,Credit Card
PAY-52426,INV-12174,2025-05-09,1696.94,ACH
PAY-51395,INV-11265,2025-11-10,1724.04,Bank Transfer
PAY-50769,INV-10704,2025-05-05,416.71,Credit Card
PAY-52982,INV-12682,2025-12-14,1127.95,Credit Card
PAY-50286,INV-10273,2025-01-10,159.24,ACH
PAY-52966,INV-12671,2025-03-30,7.79,ACH
PAY-50429,INV-10389,2026-02-14,763.68,Credit Card
PAY-52080,INV-11865,2025-03-09,204.24,Check
PAY-50723,INV-10662,2025-06-23,904.9,Bank Transfer
PAY-50952,INV-10868,2025-12-31,1005.94,ACH
PAY-50990,INV-10901,2025-09-11,161.63,ACH
PAY-53140,INV-12836,2025-03-01,1130.2,Bank Transfer
PAY-52283,INV-12040,2025-07-14,301.22,Credit Card
PAY-50327,INV-10305,2025-12-16,1452.71,Bank Transfer
PAY-51384,INV-11254,2025-06-06,508.21,Bank Transfer
PAY-51725,INV-11562,2025-08-23,228.3,Check
PAY-51087,INV-10993,2025-09-01,1185.05,Credit Card
PAY-50342,INV-10319,2025-03-23,1981.78,ACH
PAY-50148,INV-10139,2025-12-08,2409.01,ACH
PAY-52627,INV-12356,2025-10-11,687.81,ACH
PAY-51108,INV-11018,2025-07-16,957.67,ACH
PAY-50849,INV-10777,2025-12-21,769.37,Credit Card
PAY-50967,INV-10878,2025-06-11,1156.24,ACH
PAY-52763,INV-12483,2025-08-08,8895.17,Check
PAY-52204,INV-11970,2026-01-02,1375.41,Check
PAY-50662,INV-10604,2025-05-01,1866.29,ACH
PAY-51003,INV-10912,2025-02-19,628.58,Check
PAY-52629,INV-12359,2025-04-23,299.28,ACH
PAY-52823,INV-12538,2025-05-12,3383.31,Check
PAY-52632,INV-12362,2025-08-17,438.17,Check
PAY-52984,INV-12684,2025-04-20,2860.31,Check
PAY-51880,INV-11694,2025-09-09,440.81,Credit Card
PAY-53166,INV-12864,2025-03-19,265.09,Bank Transfer
PAY-51204,INV-11105,02/27/2025,1030.66,Bank Transfer
PAY-51991,INV-11789,04/01/2025,1972.89,Bank Transfer
PAY-50025,INV-10026,06/17/2025,1635.71,ACH
PAY-53159,INV-12858,2025-12-25,1202.94,Check
PAY-52280,INV-12038,2025-02-18,573.72,Credit Card
PAY-52338,INV-12092,2025-05-07,1939.97,ACH
PAY-52586,INV-12318,09/13/2025,70.26,Bank Transfer
PAY-50876,INV-10795,2025-03-19,189.6,Check
PAY-53028,INV-12734,2025-12-23,670.6,ACH
PAY-50939,INV-10856,2025-11-26,885.66,Check
PAY-52811,INV-12528,03/06/2025,2555.91,Credit Card
PAY-53337,INV-19342,2025-09-20,3020.65,ACH
PAY-50386,INV-10354,2025-06-17,1281.84,Credit Card
PAY-52580,INV-12315,2025-08-29,192.72,ACH
PAY-53110,INV-12811,2025-10-29,1332.63,Check
PAY-52474,INV-12213,2025-04-04,3275.09,Credit Card
PAY-52350,INV-12103,2025-09-14,676.75,Bank Transfer
PAY-50937,INV-10853,2025-06-16,834.1,Check
PAY-52898,INV-12601,2025-12-26,273.45,Bank Transfer
PAY-53284,INV-12979,2025-07-03,2414.22,Bank Transfer
PAY-51333,INV-11214,02/04/2025,3312.41,Credit Card
PAY-51935,INV-11744,2026-01-09,4211.99,ACH
PAY-50936,INV-10851,2025-08-13,844.86,Bank Transfer
PAY-50567,INV-10513,2025-05-15,163.46,Credit Card
PAY-51855,INV-11676,2026-01-05,206.79,ACH
PAY-52720,INV-12447,2025-10-14,498.69,Check
PAY-51646,INV-11487,2025-03-09,413.01,ACH
PAY-52975,INV-12677,2025-11-21,2027.76,ACH
PAY-51793,INV-11625,2025-09-07,7990.18,Credit Card
PAY-51431,INV-11301,2025-09-10,811.37,Check
PAY-52608,INV-12339,2026-01-01,1489.74,Bank Transfer
PAY-51014,INV-10923,2025-10-12,1668.49,Credit Card
PAY-51929,INV-11739,2025-09-16,3481.7,ACH
PAY-52532,INV-12271,09/26/2025,2024.16,ACH
PAY-50127,INV-10123,2025-04-15,5231.82,Credit Card
PAY-52355,INV-12108,2025-09-19,2629.51,Check
PAY-51348,INV-11227,2025-08-27,336.41,Check
PAY-50356,INV-10331,2025-06-25,360.49,Bank Transfer
PAY-50828,INV-10759,2025-10-22,128.48,Credit Card
PAY-51640,INV-11484,06/06/2025,367.14,Check
PAY-50985,INV-10898,2025-08-21,1689.25,Credit Card
PAY-52189,INV-11956,2025-08-17,5099.99,Check
PAY-53069,INV-12768,2025-08-31,2228.91,Bank Transfer
PAY-50363,INV-10335,04/16/2025,1075.39,Check
PAY-50346,INV-10324,10/25/2025,1175.28,Bank Transfer
PAY-52317,INV-12073,2025-07-18,1603.26,Bank Transfer
PAY-52855,INV-12565,2025-08-15,661.29,Check
PAY-50712,INV-10654,2025-05-27,546.82,Bank Transfer
PAY-52320,INV-12076,2026-02-04,62.64,ACH
PAY-50011,INV-10009,2025-04-24,387.18,ACH
PAY-52709,INV-12436,2025-10-28,626.69,ACH
PAY-52117,INV-11896,12/21/2025,1061.02,Bank Transfer
PAY-51835,INV-11657,2025-05-06,215.18,Credit Card
PAY-50794,INV-10729,2025-04-28,910.7,Credit Card
PAY-53108,INV-12810,2025-09-01,92.08,Check
PAY-50095,INV-10091,2025-10-29,164.08,ACH
PAY-50130,INV-10125,2025-08-11,2510.33,Credit Card
PAY-53090,INV-12790,2025-03-04,1742.86,Credit Card
PAY-53263,INV-12959,2025-09-13,4113.62,Credit Card
PAY-52264,INV-12022,2025-05-22,37.67,Credit Card
PAY-51901,INV-11716,2025-04-05,182.88,Credit Card
PAY-52465,INV-12205,2025-12-23,625.91,Credit Card
PAY-52686,INV-12412,2025-08-01,5908.45,Check
PAY-51933,INV-11743,2025-06-01,766.68,Check
PAY-52418,INV-12157,2025-06-29,625.33,Credit Card
PAY-51866,INV-11683,2025-04-01,154.19,ACH
PAY-51659,INV-11500,2025-12-01,2523.18,Check
PAY-50517,INV-10463,2025-04-30,112.1,Credit Card
PAY-51858,INV-11677,2025-03-24,51.1,Check
PAY-52244,INV-12004,2025-10-03,1121.96,ACH
PAY-51278,INV-11167,2025-07-28,917.22,Credit Card
PAY-50951,INV-10867,2025-10-21,385.09,Check
PAY-51121,INV-11030,09/21/2025,246.2,Credit Card
PAY-52205,INV-11970,2025-12-08,946.63,Credit Card
PAY-50420,INV-10384,2026-02-04,116.06,Credit Card
PAY-50923,INV-10842,2025-05-19,2717.15,Credit Card
PAY-52477,INV-12214,2025-12-14,6.9,Credit Card
PAY-50478,INV-10433,2025-06-12,1161.58,Bank Transfer
PAY-52036,INV-11830,2025-03-13,1505.63,Bank Transfer
PAY-52453,INV-12196,2025-12-31,14.06,Bank Transfer
PAY-51693,INV-11533,2025-07-18,1980.0,Bank Transfer
PAY-52491,INV-12229,2025-07-07,41.62,Check
PAY-51472,INV-11335,2025-12-27,1692.23,ACH
PAY-51203,INV-11105,2025-02-12,4013.28,ACH
PAY-51670,INV-11512,2025-10-16,199.68,Credit Card
PAY-53121,INV-12819,2025-04-04,2109.95,Bank Transfer
PAY-51971,INV-11773,2025-05-25,46.36,Check
PAY-52152,INV-11931,2025-02-04,67.29,Credit Card
PAY-50821,INV-10755,2025-03-16,239.56,Check
PAY-51998,INV-11795,2025-01-27,1793.42,Credit Card
PAY-53220,INV-12914,2025-03-05,2928.16,ACH
PAY-51249,INV-11149,2025-11-10,6217.07,ACH
PAY-52473,INV-12212,03/21/2025,2550.55,Bank Transfer
PAY-52991,INV-12689,04/01/2025,2925.18,Check
PAY-52191,INV-11958,2026-02-08,18000.0,Bank Transfer
PAY-52936,INV-12642,2025-06-02,1216.53,Bank Transfer
PAY-51047,INV-10952,2025-05-26,2032.15,ACH
PAY-51889,INV-11702,2025-12-13,2299.09,Bank Transfer
PAY-50616,INV-10560,2025-03-02,1013.45,Bank Transfer
PAY-51319,INV-11198,06/24/2025,2433.88,ACH
PAY-53239,INV-12937,2025-08-01,859.56,Credit Card
PAY-53276,INV-12974,2025-05-19,8853.33,Bank Transfer
PAY-52137,INV-11915,2025-03-12,292.67,ACH
PAY-52758,INV-12481,2025-07-15,445.41,Bank Transfer
PAY-51773,INV-11609,05/11/2025,566.8,Bank Transfer
PAY-53314,INV-19376,10/15/2025,3849.0,ACH
PAY-50132,INV-10126,2025-05-01,2990.96,Bank Transfer
PAY-50078,INV-10078,2025-05-10,1131.04,Credit Card
PAY-52053,INV-11847,2025-11-22,718.03,Credit Card
PAY-50725,INV-10663,2025-08-06,476.2,Credit Card
PAY-51315,INV-11192,2026-03-18,179.72,ACH
PAY-51852,INV-11674,2025-07-25,645.37,ACH
PAY-53281,INV-12977,04/19/2025,4616.24,Bank Transfer
PAY-52582,INV-12316,2025-06-25,2163.38,Check
PAY-52799,INV-12517,03/15/2025,560.6,Credit Card
PAY-51373,INV-11244,2025-04-29,593.9,Check
PAY-51856,INV-11676,2026-01-10,72.24,Credit Card
PAY-51320,INV-11199,2025-11-10,1810.8,Credit Card
PAY-53226,INV-12922,2025-05-28,2894.32,ACH
PAY-52822,INV-12537,2025-02-04,3562.56,Credit Card
PAY-50376,INV-10346,2025-11-21,1824.11,ACH
PAY-51909,INV-11721,2025-04-24,206.78,ACH
PAY-50334,INV-10312,2026-01-01,3979.45,Bank Transfer
PAY-52536,INV-12275,2025-04-13,556.4,ACH
PAY-52588,INV-12319,2025-11-14,895.63,Bank Transfer
PAY-52366,INV-12116,2025-11-16,47.48,ACH
PAY-51605,INV-11447,2025-07-03,919.88,Bank Transfer
PAY-51119,INV-11027,2025-04-09,1531.81,Credit Card
PAY-53177,INV-12872,2025-08-04,2236.23,Bank Transfer
PAY-51944,INV-11754,2025-02-01,106.16,Bank Transfer
PAY-52546,INV-12284,2025-08-19,612.13,Check
PAY-52377,INV-12123,2025-07-24,1454.86,Credit Card
PAY-52828,INV-12541,2025-06-12,205.48,Credit Card
PAY-51343,INV-11222,2025-05-15,741.79,Check
PAY-50321,INV-10301,2025-12-16,701.98,Check
PAY-51620,INV-11462,2025-10-06,491.83,Bank Transfer
PAY-52742,INV-12466,03/29/2025,3289.73,ACH
PAY-52061,INV-11850,2025-08-07,1303.91,ACH
PAY-52220,INV-11981,2025-03-03,617.39,ACH
PAY-51674,INV-11516,12/30/2025,1326.67,Credit Card
PAY-51943,INV-11754,2025-02-07,135.06,Check
PAY-50261,INV-10248,2025-03-07,822.22,ACH
PAY-52642,INV-12370,2025-02-02,2337.22,Credit Card
PAY-52040,INV-11834,2025-03-21,1916.8,Check
PAY-50690,INV-10627,2025-11-11,607.5,Bank Transfer
PAY-50902,INV-10824,2025-11-23,100.23,Check
PAY-52307,INV-12063,2026-02-26,248.2,ACH
PAY-52027,INV-11822,2025-07-25,134.97,Credit Card
PAY-50139,INV-10131,2025-09-22,78.63,Bank Transfer
PAY-51918,INV-11728,2025-06-01,3063.31,ACH
PAY-51829,INV-11653,2025-06-18,299.59,Check
PAY-51574,INV-11422,2025-06-01,3886.47,Check
PAY-50320,INV-10300,2025-07-13,2608.85,Check
PAY-50654,INV-10597,08/03/2025,1161.09,Credit Card
PAY-52138,INV-11916,2025-11-28,908.32,Check
PAY-52609,INV-12340,2025-08-08,817.06,ACH
PAY-50559,INV-10504,2025-10-16,2456.94,Check
PAY-52188,INV-11955,2025-05-15,199.56,Credit Card
PAY-50113,INV-10111,2025-07-16,263.25,Credit Card
PAY-50532,INV-10476,2025-04-09,1183.07,Check
PAY-50225,INV-10214,2026-01-05,2660.45,Bank Transfer
PAY-50724,INV-10663,2025-08-08,472.31,Credit Card
PAY-52722,INV-12447,2025-10-14,156.21,Check
PAY-52886,INV-12591,2025-08-28,211.55,Credit Card
PAY-51434,INV-11304,2026-01-05,749.82,Check
PAY-52374,INV-12122,2025-07-16,194.86,ACH
PAY-52761,INV-12482,2025-02-11,1992.84,Credit Card
PAY-52688,INV-12416,2025-03-07,1890.03,ACH
PAY-51459,INV-11321,2025-10-24,1557.73,Credit Card
PAY-53035,INV-12741,2025-05-26,486.33,Check
PAY-50847,INV-10775,2026-01-11,2590.56,Bank Transfer
PAY-50194,INV-10189,2025-06-30,690.82,Credit Card
PAY-51465,INV-11329,2025-03-26,498.34,ACH
PAY-50947,INV-10864,2025-12-08,2958.35,Check
PAY-52022,INV-11813,2025-10-26,6316.99,Bank Transfer
PAY-51630,INV-11473,2026-03-03,1312.1,ACH
PAY-50118,INV-10114,2025-01-27,13587.67,ACH
PAY-50646,INV-10589,09/05/2025,3125.35,Bank Transfer
PAY-51871,INV-11686,2025-08-20,1611.52,Credit Card
PAY-50004,INV-10004,2025-05-18,5829.74,Credit Card
PAY-50075,INV-10074,2026-01-01,6052.21,Bank Transfer
PAY-51756,INV-11594,09/09/2025,3339.38,Bank Transfer
PAY-50468,INV-10424,2025-12-24,464.85,Credit Card
PAY-50006,INV-10005,2025-10-30,1199.02,ACH
PAY-51247,INV-11146,2025-12-24,221.13,Check
PAY-50920,INV-10837,2025-12-01,380.83,Credit Card
PAY-50229,INV-10220,2025-03-17,1593.5,Check
PAY-51064,INV-10967,2025-04-27,47.33,ACH
PAY-50243,INV-10231,2025-09-11,767.14,ACH
PAY-52564,INV-12300,03/07/2025,168.74,Check
PAY-51161,INV-11064,2025-06-15,132.01,Credit Card
PAY-52820,INV-12535,11/05/2025,1016.75,Check
PAY-52516,INV-12250,2025-09-11,457.33,Credit Card
PAY-51527,INV-11385,2025-04-07,261.35,Check
PAY-51606,INV-11448,2025-08-31,2509.22,Check
PAY-53132,INV-12829,2025-11-12,3485.28,ACH
PAY-53344,INV-19508,01/01/2025,3609.47,Bank Transfer
PAY-52615,INV-12347,2025-02-16,42.81,Credit Card
PAY-52858,INV-12569,2025-05-17,1108.44,Bank Transfer
PAY-51990,INV-11788,2025-09-18,36.46,Credit Card
PAY-52640,INV-12369,2025-04-03,541.93,ACH
PAY-52363,INV-12115,2025-05-09,2883.45,Bank Transfer
PAY-51976,INV-11776,2025-11-29,451.23,Check
PAY-51762,INV-11600,2026-01-24,83.47,Check
PAY-51306,INV-11188,2025-02-01,28.48,ACH
PAY-51542,INV-11396,2025-07-18,1747.97,Bank Transfer
PAY-50623,INV-10565,2025-11-11,4363.77,Check
PAY-52600,INV-12330,2025-11-16,591.5,Check
PAY-51494,INV-11352,2025-09-13,194.88,Credit Card
PAY-50111,INV-10109,03/23/2025,1866.45,Credit Card
PAY-52276,INV-12032,2026-01-12,616.35,Check
PAY-52549,INV-12286,11/24/2025,2243.64,ACH
PAY-51170,INV-11072,2025-08-27,2274.09,Credit Card
PAY-52759,INV-12481,2025-07-20,257.94,Credit Card
PAY-50233,INV-10223,2025-08-29,1666.53,ACH
PAY-50067,INV-10067,2025-07-06,8.18,Credit Card
PAY-53042,INV-12748,2025-10-28,525.36,Bank Transfer
PAY-52073,INV-11858,01/25/2026,26.44,ACH
PAY-52193,INV-11959,2025-12-27,1682.75,Bank Transfer
PAY-50537,INV-10480,2025-10-28,1788.63,Bank Transfer
PAY-50126,INV-10122,2025-07-11,652.98,Bank Transfer
PAY-52134,INV-11913,06/12/2025,594.65,Bank Transfer
PAY-51255,INV-11153,2025-04-20,832.92,Bank Transfer
PAY-52785,INV-12506,2025-09-02,704.25,Credit Card
PAY-51977,INV-11776,2025-12-08,117.88,Credit Card
PAY-52760,INV-12482,2025-03-03,392.88,Credit Card
PAY-52979,INV-12681,05/24/2025,884.56,Bank Transfer
PAY-52076,INV-11862,08/18/2025,3070.9,Bank Transfer
PAY-50485,INV-10438,2025-04-09,427.48,Bank Transfer
PAY-51655,INV-11495,2025-08-14,5930.71,Bank Transfer
PAY-53007,INV-12708,2026-02-04,109.22,Bank Transfer
PAY-52656,INV-12386,2025-05-22,747.96,Bank Transfer
PAY-53257,INV-12953,2026-01-09,2252.97,ACH
PAY-51775,INV-11610,2025-11-16,1179.54,Check
PAY-52411,INV-12150,2025-04-06,337.35,Check
PAY-50919,INV-10837,2025-12-25,914.7,Check
PAY-51647,INV-11488,2025-12-23,28.33,Bank Transfer
PAY-51027,INV-10936,2026-03-01,942.14,ACH
PAY-51031,INV-10938,2025-04-17,217.5,ACH
PAY-50883,INV-10803,2025-07-04,641.68,Bank Transfer
PAY-51336,INV-11217,2026-02-21,807.43,Credit Card
PAY-52501,INV-12235,2026-01-23,102.54,ACH
PAY-50365,INV-10335,2025-04-09,356.44,ACH
PAY-52126,INV-11906,2025-07-17,2214.86,Bank Transfer
PAY-50028,INV-10032,2025-06-28,7840.44,Bank Transfer
PAY-50474,INV-10429,2025-09-28,826.66,Check
PAY-50526,INV-10470,2025-10-28,263.38,ACH
PAY-50726,INV-10664,06/22/2025,907.7,ACH
PAY-50056,INV-10055,2025-04-15,3743.96,Credit Card
PAY-50639,INV-10582,2026-01-29,1018.66,ACH
PAY-50303,INV-10284,2025-09-08,485.88,ACH
PAY-52930,INV-12638,2025-10-26,3453.62,Credit Card
PAY-51277,INV-11167,2025-07-13,5145.33,Bank Transfer
PAY-53050,INV-12754,2025-10-27,440.42,Credit Card
PAY-50625,INV-10567,2025-10-09,236.44,Check
PAY-52056,INV-11849,2025-03-16,2685.72,Bank Transfer
PAY-51281,INV-11171,2025-04-28,2930.81,Credit Card
PAY-51050,INV-10958,2025-02-05,2232.95,Check
PAY-50337,INV-10316,2025-02-20,1508.55,ACH
PAY-50048,INV-10047,2025-05-25,241.63,Credit Card
PAY-50107,INV-10105,2025-09-13,1280.29,Bank Transfer
PAY-52398,INV-12138,03/11/2025,5967.71,Check
PAY-51080,INV-10987,2025-08-06,5727.64,Bank Transfer
PAY-52287,INV-12045,2025-12-01,706.15,Credit Card
PAY-52262,INV-12021,07/27/2025,568.24,Check
PAY-51145,INV-11047,2026-02-12,27.8,Bank Transfer
PAY-52677,INV-12402,2025-09-19,816.77,Check
PAY-52297,INV-12054,2026-01-06,505.09,ACH
PAY-51837,INV-11658,2025-11-09,929.89,Credit Card
PAY-51754,INV-11593,2026-02-11,602.26,Bank Transfer
PAY-51102,INV-11009,2025-07-25,3807.0,Check
PAY-51969,INV-11773,2025-04-18,525.72,ACH
PAY-53082,INV-12782,2025-12-23,824.86,Bank Transfer
PAY-50524,INV-10469,2025-05-12,313.51,Credit Card
PAY-52281,INV-12038,2025-02-14,81.95,Credit Card
PAY-51429,INV-11299,2025-08-15,1883.06,Credit Card
PAY-52929,INV-12637,2025-02-19,1757.37,Credit Card
PAY-50604,INV-10551,2025-07-08,1600.28,Check
PAY-51490,INV-11349,06/25/2025,432.6,ACH
PAY-52639,INV-12368,2025-05-26,318.42,Bank Transfer
PAY-50061,INV-10062,2025-07-28,1252.51,Check
PAY-53089,INV-12789,2025-10-14,981.9,ACH
PAY-50672,INV-10612,2026-02-11,384.44,Check
PAY-50093,INV-10090,09/25/2025,2349.46,Check
PAY-50667,INV-10609,2025-05-04,298.61,Bank Transfer
PAY-51888,INV-11701,2025-11-04,2029.55,Bank Transfer
PAY-50281,INV-10270,2025-06-28,1238.38,Check
PAY-51720,INV-11558,2025-03-20,718.48,Bank Transfer
PAY-50360,INV-10332,2025-10-03,189.67,Credit Card
PAY-50900,INV-10822,2025-03-26,552.02,Credit Card
PAY-51936,INV-11745,2025-11-10,642.51,ACH
PAY-51995,INV-11792,05/20/2025,214.76,ACH
PAY-53095,INV-12794,2025-01-15,642.89,ACH
PAY-50761,INV-10696,2026-01-16,1120.36,Credit Card
PAY-52159,INV-11934,2025-04-08,490.04,Bank Transfer
PAY-53307,INV-19446,2025-08-10,4867.73,ACH
PAY-50043,INV-10045,2025-05-21,391.24,Check
PAY-52174,INV-11945,2025-02-02,837.65,Credit Card
PAY-50205,INV-10199,2025-06-09,1559.92,ACH
PAY-51474,INV-11337,2025-10-26,124.9,Bank Transfer
PAY-52101,INV-11884,2026-01-18,576.52,ACH
PAY-50069,INV-10067,08/06/2025,604.91,Check
PAY-51876,INV-11690,2025-12-04,760.63,Bank Transfer
PAY-52670,INV-12397,2025-10-27,645.69,ACH
PAY-52232,INV-11991,2025-07-08,451.01,Check
PAY-50138,INV-10131,2025-09-13,117.46,Check
PAY-50797,INV-10732,2025-12-25,613.67,Bank Transfer
PAY-52181,INV-11948,2026-01-09,409.24,Credit Card
PAY-52129,INV-11909,2025-03-24,505.46,Credit Card
PAY-50759,INV-10694,2025-12-07,2576.9,Check
PAY-50542,INV-10484,2025-11-29,1777.77,Check
PAY-51020,INV-10929,2025-07-16,6057.01,Credit Card
PAY-52574,INV-12310,2025-05-25,3290.81,ACH
PAY-50166,INV-10157,2025-03-03,7936.26,Bank Transfer
PAY-50249,INV-10235,2025-10-29,10193.95,Bank Transfer
PAY-51332,INV-11213,03/28/2025,775.44,ACH
PAY-52018,INV-11810,2025-06-04,682.39,Bank Transfer
PAY-50447,INV-10405,2025-06-09,987.27,Check
PAY-52483,INV-12222,2025-07-03,826.51,Check
PAY-51359,INV-11236,09/12/2025,822.69,ACH
PAY-52146,INV-11924,2025-05-25,1106.67,ACH
PAY-51330,INV-11212,2025-08-09,189.39,ACH
PAY-53269,INV-12966,2025-02-21,1172.66,ACH
PAY-52151,INV-11930,2025-11-28,8625.8,Check
PAY-50435,INV-10393,2025-11-16,451.15,Credit Card
PAY-52123,INV-11901,2025-06-29,2771.82,ACH
PAY-50578,INV-10522,2025-06-14,2413.96,ACH
PAY-52829,INV-12541,2025-07-04,177.41,Check
PAY-53081,INV-12781,2025-10-27,564.69,Bank Transfer
PAY-52449,INV-12194,2025-06-10,62.98,Credit Card
PAY-51849,INV-11672,2025-04-06,287.82,ACH
PAY-50763,INV-10698,2025-05-12,480.1,ACH
PAY-50389,INV-10357,2025-11-27,318.37,Bank Transfer
PAY-50236,INV-10226,2025-12-31,3944.41,ACH
PAY-53014,INV-12717,2025-10-11,2599.2,Check
PAY-51985,INV-11784,2025-06-27,2933.79,Credit Card
PAY-50268,INV-10258,2025-09-25,226.24,Bank Transfer
PAY-50771,INV-10705,2025-08-27,15.69,ACH
PAY-52166,INV-11938,05/08/2025,2255.04,Bank Transfer
PAY-50438,INV-10396,2025-08-05,970.43,Bank Transfer
PAY-50674,INV-10613,2025-09-26,1904.49,ACH
PAY-50250,INV-10235,2025-11-01,2719.46,Bank Transfer
PAY-52202,INV-11969,2026-02-13,320.84,Check
PAY-51575,INV-11423,2025-06-03,1065.87,Bank Transfer
PAY-52143,INV-11922,2025-08-07,2901.89,Bank Transfer
PAY-52082,INV-11868,2026-01-08,1210.7,Check
PAY-52941,INV-12646,2025-11-24,730.49,Bank Transfer
PAY-52884,INV-12591,2025-08-11,327.5,Bank Transfer
PAY-53079,INV-12778,2025-07-05,1191.12,ACH
PAY-50449,INV-10407,2025-07-11,566.31,ACH
PAY-51470,INV-11333,2025-02-16,196.31,Check
PAY-50717,INV-10657,2025-06-14,1498.97,Credit Card
PAY-52689,INV-12417,2025-08-09,2431.66,Credit Card
PAY-52937,INV-12643,2025-12-24,690.3,Check
PAY-52049,INV-11845,2025-07-23,1709.35,Bank Transfer
PAY-51902,INV-11716,2025-04-16,313.42,Check
PAY-52801,INV-12519,2025-08-22,1203.73,Bank Transfer
PAY-51169,INV-11071,2025-12-26,1419.09,Credit Card
PAY-50083,INV-10081,2025-07-19,225.34,ACH
PAY-52717,INV-12443,2025-06-13,89.5,Check
PAY-51461,INV-11324,2025-04-04,2293.54,ACH
PAY-51894,INV-11707,09/16/2025,2711.66,Check
PAY-51669,INV-11512,2025-10-03,1243.53,ACH
PAY-52001,INV-11796,2025-08-02,447.28,Credit Card
PAY-50476,INV-10430,2025-05-18,304.03,Check
PAY-50518,INV-10464,2025-06-26,1794.68,Check
PAY-50405,INV-10372,2025-10-09,2317.39,Bank Transfer
PAY-50385,INV-10353,2025-03-17,3203.16,Check
PAY-52727,INV-12452,08/08/2025,700.2,Bank Transfer
PAY-52153,INV-11931,2025-03-04,58.52,Bank Transfer
PAY-51634,INV-11478,2025-04-24,2159.39,ACH
PAY-53210,INV-12901,2025-01-31,1420.89,Credit Card
PAY-50689,INV-10626,2025-03-19,934.4,Credit Card
PAY-51241,INV-11140,2025-11-29,2782.36,Credit Card
PAY-50063,INV-10064,12/24/2025,504.42,ACH
PAY-50853,INV-10780,2025-08-27,2587.91,Check
PAY-53091,INV-12791,2025-07-12,2528.87,Bank Transfer
PAY-52777,INV-12497,07/09/2025,33.55,Check
PAY-51263,INV-11158,2025-11-13,659.97,Bank Transfer
PAY-50224,INV-10213,2025-03-18,2419.4,Bank Transfer
PAY-52194,INV-11962,2025-05-18,1914.09,ACH
PAY-50374,INV-10344,2025-10-13,393.73,Check
PAY-51825,INV-11650,05/09/2025,15223.68,ACH
PAY-52846,INV-12556,2025-10-12,2395.07,Bank Transfer
PAY-53221,INV-12915,2025-07-16,2743.41,ACH
PAY-52918,INV-12624,2025-01-03,5268.04,Check
PAY-53016,INV-12718,2025-03-24,3283.64,Credit Card
PAY-50010,INV-10009,2025-05-04,108.82,ACH
PAY-52498,INV-12234,2025-03-23,3305.48,Check
PAY-51945,INV-11755,2025-09-22,2345.1,Credit Card
PAY-51839,INV-11661,2026-01-06,4843.55,Bank Transfer
PAY-50709,INV-10648,2025-03-21,423.57,ACH
PAY-50256,INV-10242,2025-03-31,1335.07,Bank Transfer
PAY-51618,INV-11459,2026-01-20,4725.73,ACH
PAY-50390,INV-10358,2025-10-24,1141.62,ACH
PAY-51582,INV-11430,2025-11-12,1153.86,Check
PAY-50925,INV-10843,2025-09-12,71.28,Credit Card
PAY-52509,INV-12244,2025-12-16,18.5,ACH
PAY-52037,INV-11831,2025-06-28,2800.05,Bank Transfer
PAY-53186,INV-12879,2025-06-07,107.92,Check
PAY-51225,INV-11124,10/20/2025,529.16,Bank Transfer
PAY-52550,INV-12287,2025-06-12,458.04,Bank Transfer
PAY-51947,INV-11756,11/16/2025,38.8,ACH
PAY-50740,INV-10678,2025-03-16,7165.57,ACH
PAY-50041,INV-10044,2026-02-22,54.8,Bank Transfer
PAY-50869,INV-10791,2025-09-11,2179.08,Check
PAY-50540,INV-10482,03/22/2025,626.42,Check
PAY-53219,INV-12911,2025-12-31,61.5,Credit Card
PAY-51372,INV-11243,2025-05-30,138.28,Check
PAY-51146,INV-11048,07/29/2025,358.26,ACH
PAY-51032,INV-10939,2025-02-07,239.59,Credit Card
PAY-50373,INV-10344,2025-11-17,93.02,ACH
PAY-50668,INV-10610,2025-03-22,5689.85,Credit Card
PAY-50358,INV-10332,2025-10-05,169.82,Credit Card
PAY-50968,INV-10879,2025-12-23,1458.58,Check
PAY-51354,INV-11232,2025-11-25,431.46,Credit Card
PAY-51036,INV-10942,12/23/2025,3246.11,Check
PAY-50471,INV-10426,2025-09-30,3027.54,Check
PAY-51397,INV-11268,2025-03-13,656.21,Credit Card
PAY-52944,INV-12650,2025-06-29,3334.4,ACH
PAY-51550,INV-11401,2025-09-22,38.04,Bank Transfer
PAY-51257,INV-11154,2025-08-16,100.31,Check
PAY-52095,INV-11878,2025-04-15,1226.23,ACH
PAY-51556,INV-11404,2025-11-16,2827.24,Check
PAY-52907,INV-12614,2025-04-19,1471.64,ACH
PAY-51251,INV-11151,2025-10-31,606.53,ACH
PAY-51700,INV-11543,2025-03-07,6602.04,ACH
PAY-51253,INV-11152,2025-09-03,55.87,Credit Card
PAY-53128,INV-12826,2025-08-11,2897.46,ACH
PAY-50080,INV-10080,2025-11-19,152.48,Check
PAY-51173,INV-11074,2026-01-11,87.39,Bank Transfer
PAY-50815,INV-10750,2025-01-02,417.38,Check
PAY-51853,INV-11675,2025-08-25,6334.96,Credit Card
PAY-52221,INV-11982,08/04/2025,427.67,Check
PAY-52953,INV-12659,2025-04-06,1727.89,Bank Transfer
PAY-52106,INV-11888,2025-08-05,533.32,Bank Transfer
PAY-50134,INV-10127,2025-10-13,66.44,Credit Card
PAY-51141,INV-11044,2025-11-25,1429.88,Bank Transfer
PAY-50934,INV-10850,2025-06-29,182.33,Bank Transfer
PAY-50929,INV-10845,2025-11-24,1340.54,Check
PAY-50824,INV-10756,2025-07-14,3207.19,ACH
PAY-51532,INV-11389,2025-09-26,1523.56,ACH
PAY-51215,INV-11117,2025-06-24,6072.09,Check
PAY-50505,INV-10454,2025-03-03,215.3,Bank Transfer
PAY-53330,INV-19471,2025-09-07,2393.21,Bank Transfer
PAY-52396,INV-12136,01/07/2026,883.38,ACH
PAY-51997,INV-11794,2025-08-31,2708.65,Bank Transfer
PAY-52435,INV-12180,2025-11-24,1489.39,ACH
PAY-51959,INV-11765,12/23/2025,98.17,Credit Card
PAY-51385,INV-11255,2025-07-20,4468.92,ACH
PAY-50895,INV-10820,2025-06-24,2195.59,ACH
PAY-50829,INV-10759,09/08/2025,13.32,Bank Transfer
PAY-53279,INV-12975,2025-12-16,227.13,Credit Card
PAY-52524,INV-12261,2025-06-15,2193.09,Bank Transfer
PAY-51684,INV-11524,2025-12-22,624.22,Bank Transfer
PAY-52891,INV-12593,2025-09-06,265.34,Check
PAY-52872,INV-12582,2025-06-02,2101.16,Credit Card
PAY-52818,INV-12534,2025-05-07,530.46,Check
PAY-50653,INV-10596,2025-05-28,935.41,Check
PAY-50173,INV-10165,12/23/2025,3522.9,Check
PAY-50039,INV-10043,2025-12-09,1333.97,Credit Card
PAY-53212,INV-12903,2025-06-21,886.38,Check
PAY-50714,INV-10655,2025-04-18,5561.31,ACH
PAY-50091,INV-10089,2025-03-04,458.86,Bank Transfer
PAY-53317,INV-19163,2025-07-18,3113.28,Bank Transfer
PAY-51206,INV-11107,07/15/2025,962.71,ACH
PAY-53227,INV-12923,2025-07-11,1242.37,Bank Transfer
PAY-52903,INV-12609,2025-02-22,3318.8,Check
PAY-51828,INV-11653,05/23/2025,563.99,Bank Transfer
PAY-51156,INV-11059,2025-10-27,511.26,Check
PAY-51325,INV-11208,2026-01-21,815.16,Check
PAY-50217,INV-10209,2025-02-02,2353.23,Bank Transfer
PAY-50511,INV-10458,10/22/2025,583.06,Credit Card
PAY-51681,INV-11522,2025-02-28,2499.6,Credit Card
PAY-50500,INV-10450,2025-05-21,570.61,Check
PAY-52780,INV-12500,2025-03-05,2010.31,Bank Transfer
PAY-51857,INV-11677,02/24/2025,598.24,Credit Card
PAY-51389,INV-11261,2025-09-21,2446.7,Check
PAY-51520,INV-11376,2025-07-16,1226.12,Check
PAY-52387,INV-12132,2025-05-23,1506.67,Check
PAY-53058,INV-12758,2025-12-06,88.5,Bank Transfer
PAY-52077,INV-11863,2025-04-03,3023.41,ACH
PAY-51541,INV-11395,2025-08-19,140.44,Credit Card
PAY-51218,INV-11119,2026-01-07,1773.99,ACH
PAY-52682,INV-12408,2025-08-16,3123.66,Bank Transfer
PAY-51417,INV-11285,2025-06-05,274.05,ACH
PAY-52218,INV-11979,2025-07-07,341.49,Credit Card
PAY-53309,INV-19926,2025-11-28,2086.34,Check
PAY-51677,INV-11518,2025-12-17,2611.63,Bank Transfer
PAY-51198,INV-11099,2025-07-14,3376.84,Credit Card
PAY-51543,INV-11397,2025-03-14,440.36,Check
PAY-52540,INV-12279,2025-06-10,2696.42,Check
PAY-50954,INV-10869,2025-07-18,2677.64,Check
PAY-52636,INV-12366,05/15/2025,5886.14,Check
PAY-50751,INV-10688,2025-08-23,1056.44,ACH
PAY-52706,INV-12435,2025-12-28,202.32,ACH
PAY-50235,INV-10225,2025-04-21,968.03,Bank Transfer
PAY-50733,INV-10673,2025-12-19,145.53,Check
PAY-53359,INV-19835,12/03/2025,613.63,Credit Card
PAY-51157,INV-11059,2025-09-14,1287.13,Bank Transfer
PAY-52890,INV-12593,09/01/2025,1424.33,Credit Card
PAY-52446,INV-12191,2025-05-03,351.32,ACH
PAY-51210,INV-11111,2025-12-18,1246.86,Bank Transfer
PAY-51066,INV-10969,2025-07-15,1427.75,ACH
PAY-52157,INV-11933,2025-10-05,328.77,Credit Card
PAY-51063,INV-10967,2025-04-30,219.9,ACH
PAY-52617,INV-12350,01/25/2025,1040.22,Check
PAY-51168,INV-11070,2026-01-26,2022.02,ACH
PAY-51493,INV-11352,09/03/2025,8.1,Credit Card
PAY-52816,INV-12532,2025-12-15,643.07,Credit Card
PAY-50885,INV-10807,11/03/2025,1807.9,ACH
PAY-50144,INV-10135,2025-05-08,647.11,Credit Card
PAY-53304,INV-19468,2025-07-26,4596.8,Bank Transfer
PAY-50851,INV-10778,2025-06-05,766.93,Credit Card
PAY-50718,INV-10658,2025-09-03,1448.51,ACH
PAY-53192,INV-12885,2025-09-20,150.0,ACH
PAY-52503,INV-12239,2025-08-31,1026.25,Check
PAY-50265,INV-10254,2026-01-19,3748.9,Check
PAY-50076,INV-10075,2025-05-03,150.0,ACH
PAY-52493,INV-12230,2025-10-13,3665.66,Credit Card
PAY-50396,INV-10364,2025-06-11,2125.03,Bank Transfer
PAY-52859,INV-12569,2025-03-07,591.23,Bank Transfer
PAY-52225,INV-11987,2025-05-20,651.15,ACH
PAY-53147,INV-12844,2025-03-21,517.49,Check
PAY-50397,INV-10365,2025-12-26,2754.88,ACH
PAY-51366,INV-11241,2025-07-10,1052.35,Check
PAY-52804,INV-12522,2025-10-01,18000.0,ACH
PAY-51904,INV-11718,2025-05-03,209.61,Bank Transfer
PAY-50596,INV-10539,2025-06-20,3661.63,Check
PAY-52110,INV-11891,2025-05-11,948.46,ACH
PAY-51297,INV-11183,2025-11-06,3382.89,ACH
PAY-51822,INV-11647,2025-08-27,1250.84,Bank Transfer
PAY-50873,INV-10794,2025-07-08,108.82,Check
PAY-53270,INV-12968,12/19/2025,885.97,Credit Card
PAY-52327,INV-12081,2025-09-21,1481.0,Check
PAY-51549,INV-11401,09/28/2025,137.96,ACH
PAY-50037,INV-10041,2025-03-28,2877.34,Bank Transfer
PAY-52711,INV-12440,2025-04-29,348.65,Credit Card
PAY-52835,INV-12547,2025-07-26,428.44,ACH
PAY-52144,INV-11923,2025-06-20,563.71,Credit Card
PAY-53046,INV-12752,2026-01-05,6098.01,Bank Transfer
PAY-50978,INV-10890,2025-05-15,4015.16,Check
PAY-51572,INV-11420,2025-10-21,2338.0,Check
PAY-51123,INV-11030,2025-09-23,84.54,Bank Transfer
PAY-52787,INV-12509,2025-12-11,438.8,Check
PAY-52240,INV-11999,2025-04-19,1278.24,Bank Transfer
PAY-52505,INV-12241,2025-12-03,1628.32,Check
PAY-51893,INV-11706,2026-01-16,1191.38,ACH
PAY-50676,INV-10615,2025-02-13,13375.46,Credit Card
PAY-50729,INV-10670,2025-12-27,3953.5,Bank Transfer
PAY-50413,INV-10380,2025-09-17,38.34,Check
PAY-51517,INV-11371,2025-03-23,1266.93,Credit Card
PAY-51650,INV-11489,2025-04-01,374.99,Credit Card
PAY-50826,INV-10758,2025-11-03,197.74,ACH
PAY-50617,INV-10561,2025-06-10,30.64,Check
PAY-50115,INV-10112,2025-08-01,341.67,Bank Transfer
PAY-50418,INV-10382,07/17/2025,863.11,Credit Card
PAY-51626,INV-11468,2025-09-20,2111.61,Credit Card
PAY-52653,INV-12382,2026-02-22,625.51,Check
PAY-53300,INV-12998,2025-12-12,484.16,Check
PAY-50090,INV-10089,2025-02-04,155.1,Credit Card
PAY-53211,INV-12902,2025-03-13,1010.49,Check
PAY-52083,INV-11868,2025-12-15,1649.06,Check
PAY-50754,INV-10690,2025-08-16,611.08,Check
PAY-52547,INV-12285,2025-10-03,164.07,ACH
PAY-51631,INV-11474,2025-03-03,1500.0,Bank Transfer
PAY-50012,INV-10010,2025-05-31,2412.22,Bank Transfer
PAY-52445,INV-12190,2025-06-18,2514.17,Credit Card
PAY-50285,INV-10273,2025-01-15,1579.4,Credit Card
PAY-51067,INV-10970,2026-01-23,408.42,ACH
PAY-51192,INV-11092,2025-12-10,1431.53,ACH
PAY-51441,INV-11308,2025-06-30,170.3,ACH
PAY-53150,INV-12847,01/19/2025,144.43,Bank Transfer
PAY-53149,INV-12847,2025-03-16,182.13,Bank Transfer
PAY-52739,INV-12464,2025-08-04,485.95,Check
PAY-53045,INV-12751,2025-12-22,7186.27,Credit Card
PAY-51569,INV-11417,2025-09-29,1558.24,Check
PAY-52428,INV-12175,2025-09-20,698.11,Bank Transfer
PAY-52738,INV-12462,2025-12-14,726.55,Bank Transfer
PAY-52894,INV-12596,2025-04-12,195.94,Check
PAY-51688,INV-11528,2025-09-14,5936.76,Bank Transfer
PAY-50852,INV-10778,2025-07-05,143.31,Check
PAY-52208,INV-11972,2025-03-05,72.11,ACH
PAY-50896,INV-10820,2025-07-07,737.06,Bank Transfer
PAY-50497,INV-10448,2025-03-27,635.31,Credit Card
PAY-52306,INV-12063,2025-12-27,779.05,ACH
PAY-51783,INV-11616,2025-07-31,18000.0,Bank Transfer
PAY-50336,INV-10314,2025-07-13,3078.38,Check
PAY-52840,INV-12550,2025-09-03,9697.26,ACH
PAY-50516,INV-10463,2025-03-26,323.12,Check
PAY-51349,INV-11227,07/20/2025,520.02,Check
PAY-51016,INV-10927,08/11/2025,0.14,Bank Transfer
PAY-52817,INV-12533,2025-02-21,2440.51,ACH
PAY-53157,INV-12856,2025-08-03,932.74,ACH
PAY-53152,INV-12851,2025-12-22,903.75,Check
PAY-52810,INV-12527,2025-10-17,2160.48,ACH
PAY-52888,INV-12592,2025-04-22,298.49,Credit Card
PAY-51782,INV-11615,2025-11-11,1258.36,ACH
PAY-52570,INV-12306,2025-09-17,18000.0,ACH
PAY-51786,INV-11619,2025-10-20,1008.56,Credit Card
PAY-52071,INV-11858,2026-01-13,812.89,ACH
PAY-50357,INV-10331,2025-08-27,426.36,Bank Transfer
PAY-53321,INV-19379,2025-10-30,2258.02,Check
PAY-51313,INV-11192,2026-02-04,34.06,ACH
PAY-51636,INV-11479,2025-09-10,154.32,Check
PAY-50551,INV-10496,11/17/2025,2404.31,Check
PAY-52389,INV-12133,2025-10-03,2712.36,Check
PAY-52480,INV-12217,2025-08-22,999.2,Credit Card
PAY-52522,INV-12259,2025-09-30,150.0,Bank Transfer
PAY-52266,INV-12023,2025-12-29,5037.13,Bank Transfer
PAY-51228,INV-11127,2025-02-11,123.32,ACH
PAY-53011,INV-12714,2025-03-27,420.16,Bank Transfer
PAY-50958,INV-10872,2025-05-14,721.64,ACH
PAY-51774,INV-11609,2025-03-21,195.76,Check
PAY-52142,INV-11920,2025-04-26,967.89,Bank Transfer
PAY-51009,INV-10917,2025-02-13,2558.32,Check
PAY-51093,INV-10998,2026-01-04,1332.25,Check
PAY-53005,INV-12703,2026-02-03,9054.74,Bank Transfer
PAY-52745,INV-12468,2025-10-07,471.28,ACH
PAY-50997,INV-10908,2025-03-01,572.21,Check
PAY-51680,INV-11521,2025-05-26,4442.31,Check
PAY-50154,INV-10145,2025-07-08,130.61,ACH
PAY-53130,INV-12828,2026-01-26,639.43,ACH
PAY-52838,INV-12548,2025-05-30,8.62,Bank Transfer
PAY-50581,INV-10525,2025-08-31,744.76,ACH
PAY-51471,INV-11334,08/06/2025,5662.69,Credit Card
PAY-50704,INV-10644,2025-07-08,382.67,Bank Transfer
PAY-51213,INV-11115,2025-12-10,1694.9,Credit Card
PAY-50897,INV-10821,2025-03-30,929.31,ACH
PAY-50488,INV-10440,2025-09-22,1408.11,Bank Transfer
PAY-50560,INV-10505,2025-04-13,824.21,Bank Transfer
PAY-51142,INV-11046,2025-04-16,3279.0,ACH
PAY-51120,INV-11028,2025-05-05,1649.17,Credit Card
PAY-52850,INV-12560,01/11/2025,3401.06,Check
PAY-50513,INV-10461,2025-06-02,8675.45,Credit Card
PAY-50634,INV-10577,2025-12-08,1829.97,Bank Transfer
PAY-52973,INV-12675,2025-01-30,597.23,Bank Transfer
PAY-51665,INV-11505,04/28/2025,1270.08,Bank Transfer
PAY-51013,INV-10922,2025-04-16,587.65,Credit Card
PAY-51932,INV-11740,2025-04-12,1949.82,Credit Card
PAY-51151,INV-11053,2025-02-11,252.0,ACH
PAY-52839,INV-12549,2026-01-29,3711.7,Credit Card
PAY-53154,INV-12853,2025-04-15,547.64,Bank Transfer
PAY-50117,INV-10113,2025-09-17,277.27,ACH
PAY-50741,INV-10679,2025-10-02,3436.16,ACH
PAY-53106,INV-12808,2025-10-21,699.42,Bank Transfer
PAY-51975,INV-11775,06/05/2025,33.19,Credit Card
PAY-51082,INV-10989,2026-01-14,1213.34,Check
PAY-51811,INV-11637,2025-12-21,626.65,ACH
PAY-50831,INV-10762,2025-12-08,1652.11,Check
PAY-50120,INV-10115,2025-07-15,7.63,Check
PAY-50657,INV-10600,2025-04-29,2078.85,ACH
PAY-53070,INV-12769,2025-04-17,930.03,Credit Card
PAY-53024,INV-12727,2025-12-16,3678.71,Check
PAY-53291,INV-12990,2025-08-23,12971.49,Credit Card
PAY-50636,INV-10579,2025-08-16,391.22,Credit Card
PAY-50370,INV-10339,03/09/2025,2146.6,Bank Transfer
PAY-50269,INV-10259,2025-11-27,2207.11,Check
PAY-52704,INV-12432,11/04/2025,591.29,Credit Card
PAY-52871,INV-12581,2025-04-10,2069.15,Credit Card
PAY-52915,INV-12621,2025-04-02,2790.72,Check
PAY-50047,INV-10047,2025-04-26,39.01,ACH
PAY-50992,INV-10903,2026-01-26,1519.1,ACH
PAY-50877,INV-10796,2025-10-19,3819.36,ACH
PAY-50774,INV-10707,2025-09-12,467.6,Check
PAY-51220,INV-11120,2025-08-16,981.8,ACH
PAY-51127,INV-11032,03/22/2025,329.73,ACH
PAY-50005,INV-10004,2025-05-29,933.8,Check
PAY-51596,INV-11438,2025-05-05,6289.34,Bank Transfer
PAY-52312,INV-12068,2025-11-26,1311.79,Credit Card
PAY-53224,INV-12918,2025-09-11,2702.11,Credit Card
PAY-52492,INV-12229,2025-05-12,67.7,Check
PAY-51078,INV-10983,2025-09-10,620.0,Check
PAY-50838,INV-10770,2025-07-25,3382.3,Check
PAY-50682,INV-10620,2025-07-11,291.18,Check
PAY-51716,INV-11554,2025-06-14,703.32,Check
PAY-52353,INV-12105,2025-04-18,507.52,Check
PAY-52618,INV-12351,2025-08-27,3842.75,ACH
PAY-52362,INV-12114,2025-08-28,600.66,Credit Card
PAY-52198,INV-11966,2025-05-01,1604.59,Bank Transfer
PAY-51149,INV-11050,2025-09-07,5126.01,Check
PAY-50575,INV-10521,2026-01-29,95.12,Credit Card
PAY-50051,INV-10050,2025-08-23,302.86,ACH
PAY-50854,INV-10782,2025-06-26,87.82,ACH
PAY-51983,INV-11782,2025-06-27,413.12,Credit Card
PAY-52775,INV-12496,2026-01-02,3077.54,ACH
PAY-51824,INV-11649,02/27/2025,4309.8,Check
PAY-50834,INV-10766,2026-01-13,786.14,Credit Card
PAY-51116,INV-11025,2025-12-31,850.36,Credit Card
PAY-51167,INV-11069,2026-01-17,971.72,ACH
PAY-52519,INV-12254,2025-12-15,1464.28,Check
PAY-51907,INV-11720,2025-12-30,1000.31,ACH
PAY-50972,INV-10885,2025-11-07,2734.5,ACH
PAY-52702,INV-12429,08/21/2025,4072.12,Check
PAY-50400,INV-10368,2026-02-21,1497.17,ACH
PAY-52560,INV-12295,2025-08-04,701.06,Credit Card
PAY-52369,INV-12118,2025-06-14,604.91,Bank Transfer
PAY-50020,INV-10020,2025-09-18,415.27,Credit Card
PAY-50685,INV-10622,2026-02-17,926.86,ACH
PAY-50036,INV-10040,2026-02-06,1767.24,ACH
PAY-52951,INV-12657,2025-04-25,554.05,Bank Transfer
PAY-53178,INV-12873,2025-06-27,226.26,Credit Card
PAY-52876,INV-12584,2025-06-12,902.09,Bank Transfer
PAY-50525,INV-10470,2025-10-18,881.62,Credit Card
PAY-52456,INV-12197,2025-02-06,2171.77,ACH
PAY-50921,INV-10837,2026-01-23,1721.22,Bank Transfer
PAY-51842,INV-11664,2025-11-08,856.59,ACH
PAY-51891,INV-11704,2026-01-04,4018.76,Credit Card
PAY-50538,INV-10480,11/01/2025,50.96,Bank Transfer
PAY-52807,INV-12525,2025-04-24,3393.51,Credit Card
PAY-51706,INV-11548,2025-01-31,264.34,ACH
PAY-53290,INV-12988,12/23/2025,1610.07,Bank Transfer
PAY-50246,INV-10233,2025-04-24,1542.28,ACH
PAY-50785,INV-10718,2025-11-22,1694.72,ACH
PAY-51410,INV-11279,2025-12-06,1759.6,Bank Transfer
PAY-52538,INV-12277,2026-01-05,2728.31,Credit Card
PAY-50155,INV-10145,2025-05-22,620.01,ACH
PAY-51687,INV-11527,2025-03-03,8071.77,ACH
PAY-52902,INV-12607,2025-09-19,858.97,Credit Card
PAY-50626,INV-10568,2025-11-19,597.48,Bank Transfer
PAY-52734,INV-12458,2025-12-06,1836.22,ACH
PAY-53228,INV-12924,2025-07-14,1397.21,ACH
PAY-51347,INV-11227,2025-08-07,191.35,ACH
PAY-50570,INV-10515,02/26/2025,36.87,ACH
PAY-53292,INV-12991,2025-11-07,5795.02,ACH
PAY-51759,INV-11597,2025-06-24,2584.37,Check
PAY-51817,INV-11643,2025-03-04,1377.91,Bank Transfer
PAY-52066,INV-11855,2025-10-29,836.98,Check
PAY-50128,INV-10123,2025-04-16,982.07,Check
PAY-53343,INV-19002,2025-10-23,879.37,Check
PAY-52007,INV-11799,2025-09-02,3898.73,Bank Transfer
PAY-52976,INV-12678,2025-03-20,362.01,Check
PAY-50981,INV-10893,2025-04-03,3866.12,Check
PAY-53340,INV-19107,2025-10-11,1863.73,Check
PAY-50191,INV-10185,2025-12-22,1210.61,Check
PAY-51140,INV-11043,10/13/2025,3908.12,Check
PAY-50993,INV-10904,2025-08-01,4677.91,Credit Card
PAY-50700,INV-10638,2025-02-14,1581.27,ACH
PAY-50607,INV-10553,2025-04-20,4234.43,ACH
PAY-50181,INV-10172,2025-12-21,498.51,ACH
PAY-50302,INV-10283,2025-07-17,6169.76,Credit Card
PAY-52545,INV-12283,2025-10-14,4335.96,Check
PAY-53123,INV-12821,2025-02-09,1151.71,Credit Card
PAY-51061,INV-10966,2026-01-06,5410.55,Check
PAY-53168,INV-12864,2025-03-26,796.07,Check
PAY-53230,INV-12926,02/28/2025,1857.55,Check
PAY-52566,INV-12301,2025-07-22,3815.22,ACH
PAY-51070,INV-10975,2025-09-07,990.72,Credit Card
PAY-52525,INV-12262,2025-04-26,2129.97,ACH
PAY-52206,INV-11971,2025-03-19,2525.52,ACH
PAY-51244,INV-11145,2025-09-27,356.78,Credit Card
PAY-50017,INV-10015,2025-06-17,313.43,ACH
PAY-53346,INV-19224,2025-12-27,4512.69,ACH
PAY-50547,INV-10491,2026-02-19,1469.72,ACH
PAY-50659,INV-10602,2025-01-27,645.52,Bank Transfer
PAY-53038,INV-12744,2025-08-15,2446.28,ACH
PAY-53294,INV-12993,2025-11-02,1579.45,Credit Card
PAY-51505,INV-11361,2025-07-23,1460.04,Credit Card
PAY-50960,INV-10875,2025-11-21,1436.82,Credit Card
PAY-52927,INV-12635,2025-12-02,6836.02,ACH
PAY-52332,INV-12085,2025-08-30,901.91,Credit Card
PAY-50798,INV-10733,2026-01-09,2137.58,Check
PAY-50226,INV-10217,2025-08-29,738.38,ACH
PAY-52075,INV-11860,2025-10-14,1871.11,Bank Transfer
PAY-51800,INV-11629,2025-03-15,1573.52,ACH
PAY-52486,INV-12226,2025-07-06,4861.85,Bank Transfer
PAY-53326,INV-19389,2025-01-08,1653.08,Bank Transfer
PAY-52278,INV-12036,2026-01-22,17742.07,Credit Card
PAY-52086,INV-11871,2025-03-13,270.96,ACH
PAY-51694,INV-11533,2025-07-23,230.85,Bank Transfer
PAY-52798,INV-12517,2025-02-28,336.71,Check
PAY-51046,INV-10951,2026-01-24,719.76,Check
PAY-50470,INV-10426,2025-12-06,11.11,Credit Card
PAY-50955,INV-10871,2025-12-03,296.62,Bank Transfer
PAY-53342,INV-19326,2025-08-11,3941.61,Credit Card
PAY-52736,INV-12461,2025-08-31,1585.03,ACH
PAY-50640,INV-10584,2025-06-21,11425.74,Check
PAY-53126,INV-12826,2025-07-05,512.44,Credit Card
PAY-51219,INV-11119,2026-01-09,185.86,Bank Transfer
PAY-51159,INV-11062,2025-03-15,150.0,Bank Transfer
PAY-51416,INV-11285,2025-05-06,88.97,Credit Card
PAY-53049,INV-12753,2025-11-18,249.2,Check
PAY-51528,INV-11385,2025-03-24,296.17,Bank Transfer
PAY-53280,INV-12976,2025-03-08,1628.12,Credit Card
PAY-51301,INV-11185,2025-06-23,95.33,ACH
PAY-53218,INV-12911,12/27/2025,652.12,Bank Transfer
PAY-52849,INV-12559,2025-09-25,1988.31,Bank Transfer
PAY-51604,INV-11444,2025-09-05,460.75,Bank Transfer
PAY-50161,INV-10151,2025-04-05,1854.64,Check
PAY-51705,INV-11547,11/18/2025,602.72,ACH
PAY-50957,INV-10871,2026-01-29,75.89,Bank Transfer
PAY-52870,INV-12580,2025-10-12,7206.64,Check
PAY-53274,INV-12972,09/19/2025,1391.63,Credit Card
PAY-50878,INV-10797,2025-04-16,1428.53,Credit Card
PAY-51920,INV-11730,2025-08-04,7741.61,Check
PAY-52962,INV-12668,2025-05-24,9.05,ACH
PAY-51885,INV-11698,2025-11-25,3.61,Credit Card
PAY-52201,INV-11969,2026-02-06,108.69,ACH
PAY-50099,INV-10093,09/06/2025,15.51,Credit Card
PAY-53176,INV-12871,2025-07-25,834.16,Credit Card
PAY-52558,INV-12294,2025-08-29,218.15,Check
PAY-50254,INV-10240,2025-12-04,3188.13,Check
PAY-50104,INV-10100,2025-08-28,1198.55,Bank Transfer
PAY-51446,INV-11312,2025-09-15,1263.35,ACH
PAY-51444,INV-11311,2025-08-12,1447.33,Bank Transfer
PAY-51649,INV-11488,2026-01-14,12.16,Credit Card
PAY-50587,INV-10531,2025-03-14,2629.98,Bank Transfer
PAY-50628,INV-10570,2025-04-30,1078.84,Check
PAY-51697,INV-11538,2025-10-25,916.51,ACH
PAY-52102,INV-11885,2025-03-24,1445.54,Credit Card
PAY-52200,INV-11969,2026-01-11,148.02,Check
PAY-50404,INV-10371,2025-04-17,1513.32,ACH
PAY-51155,INV-11055,2025-05-10,902.1,ACH
PAY-52256,INV-12013,2025-03-23,740.83,Credit Card
PAY-52864,INV-12575,2025-08-27,166.24,Credit Card
PAY-51683,INV-11523,08/03/2025,1207.33,Bank Transfer
PAY-52057,INV-11849,2025-03-14,99.57,Check
PAY-53063,INV-12763,03/17/2025,3313.7,ACH
PAY-53195,INV-12888,2025-10-01,5164.19,Check
PAY-50453,INV-10411,2025-10-09,2808.63,ACH
PAY-52302,INV-12059,2025-04-25,1874.89,ACH
PAY-51328,INV-11210,2025-05-29,2775.94,ACH
PAY-52945,INV-12650,2025-07-04,895.96,Credit Card
PAY-52050,INV-11846,2025-10-19,137.54,ACH
PAY-50881,INV-10802,2025-03-01,930.35,Check
PAY-53277,INV-12975,2025-10-06,904.74,Credit Card
PAY-50624,INV-10566,2025-05-12,1025.29,ACH
PAY-52394,INV-12135,2025-10-14,163.84,Credit Card
PAY-53117,INV-12817,2026-01-14,2284.4,ACH
PAY-51788,INV-11621,2025-11-23,1639.17,Credit Card
PAY-50263,INV-10250,2025-12-31,623.92,Bank Transfer
PAY-51635,INV-11479,2025-09-07,665.98,Check
PAY-51439,INV-11307,2025-09-13,86.2,Bank Transfer
PAY-52199,INV-11967,2025-02-02,1239.42,Credit Card
PAY-51970,INV-11773,2025-04-11,114.1,Bank Transfer
PAY-52521,INV-12256,01/15/2026,2053.43,Bank Transfer
PAY-51803,INV-11631,2025-07-27,79.97,Check
PAY-50641,INV-10585,06/03/2025,1743.55,Credit Card
PAY-53354,INV-19074,2025-07-19,4719.67,Check
PAY-52386,INV-12131,2025-12-24,2196.52,Credit Card
PAY-52599,INV-12330,2025-12-04,659.88,Credit Card
PAY-53179,INV-12875,2025-09-06,185.66,ACH
PAY-51960,INV-11766,2025-02-03,157.62,Credit Card
PAY-52977,INV-12679,2025-05-19,1612.93,Check
PAY-50489,INV-10441,2025-03-16,61.39,Credit Card
PAY-51844,INV-11669,2025-02-24,982.0,ACH
PAY-51735,INV-11571,2025-06-09,3025.52,Credit Card
PAY-52912,INV-12619,2025-07-22,2234.01,Credit Card
PAY-50147,INV-10138,2025-04-01,1107.81,Credit Card
PAY-51535,INV-11391,2025-10-28,1217.5,Check
PAY-51987,INV-11786,2025-01-28,398.7,Check
PAY-51370,INV-11243,2025-06-16,254.76,Bank Transfer
PAY-52451,INV-12194,2025-05-30,44.6,Credit Card
PAY-53296,INV-12995,2025-02-13,628.46,Bank Transfer
PAY-53003,INV-12701,2025-04-13,2096.72,Bank Transfer
PAY-52812,INV-12529,2025-12-14,9422.82,ACH
PAY-50660,INV-10603,2025-07-10,3237.79,Credit Card
PAY-51795,INV-11626,2025-07-04,3912.94,Check
PAY-52512,INV-12245,2025-07-11,6345.44,ACH
PAY-50187,INV-10177,2025-09-09,1497.72,Bank Transfer
PAY-51148,INV-11049,2025-08-07,1321.68,Bank Transfer
PAY-50609,INV-10555,09/30/2025,2005.89,ACH
PAY-52192,INV-11959,2025-12-01,77.23,Credit Card
PAY-52800,INV-12518,2025-07-09,200.86,Credit Card
PAY-51931,INV-11740,04/22/2025,477.65,ACH
PAY-53030,INV-12735,2025-04-28,2930.07,ACH
PAY-50198,INV-10192,2025-12-23,3199.53,Check
PAY-52932,INV-12640,2025-02-26,2117.8,Check
PAY-52328,INV-12082,2025-10-24,2542.97,Bank Transfer
PAY-50294,INV-10279,2025-09-18,212.9,Check
PAY-50767,INV-10702,2026-01-30,3805.14,Check
PAY-50401,INV-10369,2025-11-30,1616.32,Credit Card
PAY-50123,INV-10117,2025-11-27,156.65,Bank Transfer
PAY-50203,INV-10197,03/28/2025,668.16,Credit Card
PAY-50836,INV-10769,2025-10-25,841.96,Credit Card
PAY-52295,INV-12053,01/15/2025,818.68,Bank Transfer
PAY-51440,INV-11308,2025-06-17,1468.2,ACH
PAY-51734,INV-11570,2025-10-21,919.52,Bank Transfer
PAY-51696,INV-11536,2025-02-20,352.4,Check
PAY-53287,INV-12982,2026-01-08,4652.31,Bank Transfer
PAY-51708,INV-11549,2025-07-19,1665.19,Check
PAY-53272,INV-12971,2025-08-17,78.63,Credit Card
PAY-51154,INV-11054,2025-08-20,1871.71,Credit Card
PAY-51662,INV-11501,2025-12-10,427.02,ACH
PAY-52433,INV-12179,2025-08-03,5993.43,Bank Transfer
PAY-51760,INV-11599,2025-02-02,1508.26,Check
PAY-50855,INV-10782,2025-05-27,154.66,Credit Card
PAY-51590,INV-11435,2025-04-01,696.94,ACH
PAY-52268,INV-12025,2026-01-22,27.09,Credit Card
PAY-50642,INV-10585,2025-06-15,494.74,ACH
PAY-50002,INV-10002,08/29/2025,277.64,ACH
PAY-52161,INV-11935,2025-11-16,1159.87,Bank Transfer
PAY-50699,INV-10637,2025-02-26,622.48,ACH
PAY-53000,INV-12697,2025-01-04,3918.99,Check
PAY-51637,INV-11480,2025-08-07,998.53,Credit Card
PAY-51292,INV-11179,2025-06-09,78.26,Bank Transfer
PAY-53207,INV-12899,2025-04-28,1142.87,Check
PAY-52490,INV-12229,2025-05-06,86.86,Bank Transfer
PAY-51521,INV-11377,2025-12-08,810.65,Credit Card
PAY-51854,INV-11676,2025-12-24,236.02,ACH
PAY-51137,INV-11040,2025-02-17,786.58,Bank Transfer
PAY-53256,INV-12952,2025-09-08,2979.96,Bank Transfer
PAY-51632,INV-11475,2025-03-22,730.4,Check
PAY-51999,INV-11796,08/09/2025,109.89,ACH
PAY-50664,INV-10606,10/13/2025,8015.37,ACH
PAY-50684,INV-10622,2026-01-14,136.97,Check
PAY-51258,INV-11155,2025-12-17,6488.68,Check
PAY-50318,INV-10299,2025-07-29,1644.93,Check
PAY-50649,INV-10591,2025-03-20,63.12,Bank Transfer
PAY-51435,INV-11305,2025-02-22,2399.12,Credit Card
PAY-51480,INV-11342,2025-03-12,995.53,Check
PAY-50710,INV-10649,2025-10-24,1202.5,Bank Transfer
PAY-51283,INV-11172,2026-01-01,14.88,Bank Transfer
PAY-51769,INV-11606,2025-11-21,627.66,Check
PAY-50973,INV-10886,2026-01-05,7801.23,Credit Card
PAY-52676,INV-12402,2025-11-01,165.44,Check
PAY-52681,INV-12407,2025-08-29,459.61,Bank Transfer
PAY-51307,INV-11188,2025-02-11,384.72,Credit Card
PAY-51401,INV-11271,2025-06-10,3952.8,Bank Transfer
PAY-51409,INV-11278,2025-09-21,2109.04,Bank Transfer
PAY-52238,INV-11997,2025-09-15,308.72,Bank Transfer
PAY-51497,INV-11354,2025-12-05,2931.41,Credit Card
PAY-52039,INV-11833,2025-04-19,3490.58,Bank Transfer
PAY-51530,INV-11386,2025-12-01,1937.91,ACH
PAY-51664,INV-11504,2025-11-22,1475.81,Credit Card
PAY-51355,INV-11233,2025-09-12,1367.24,Check
PAY-53283,INV-12978,2025-06-10,691.12,Bank Transfer
PAY-53306,INV-19448,02/08/2025,1790.76,Bank Transfer
PAY-51644,INV-11485,2025-08-29,399.43,Credit Card
PAY-51052,INV-10959,06/19/2025,2472.02,Credit Card
PAY-50796,INV-10731,2025-04-15,1765.63,ACH
PAY-52694,INV-12422,2026-01-05,4241.32,ACH
PAY-53061,INV-12761,2025-05-06,2608.62,ACH
PAY-51598,INV-11439,2025-08-08,370.03,ACH
PAY-52605,INV-12335,2025-05-03,3298.9,Bank Transfer
PAY-52730,INV-12455,2025-02-24,2734.89,Bank Transfer
PAY-52626,INV-12356,2025-10-04,32.81,Bank Transfer
PAY-51820,INV-11646,2025-05-11,1195.81,ACH
PAY-53158,INV-12857,2025-07-19,775.78,ACH
PAY-51723,INV-11561,2025-09-20,1452.1,ACH
PAY-51184,INV-11086,2026-01-05,535.04,Bank Transfer
PAY-52573,INV-12309,2025-09-13,404.51,Bank Transfer
PAY-51060,INV-10964,2025-03-15,787.22,Check
PAY-50541,INV-10483,11/04/2025,348.7,Bank Transfer
PAY-51679,INV-11520,2025-12-08,7853.25,Bank Transfer
PAY-52797,INV-12517,2025-02-23,87.9,Check
PAY-53245,INV-12944,2025-03-15,250.7,Bank Transfer
PAY-52533,INV-12272,2025-05-11,954.79,ACH
PAY-51758,INV-11596,2025-08-28,596.6,Credit Card
PAY-51924,INV-11733,2025-10-23,1454.65,Check
PAY-50096,INV-10091,2025-09-18,153.97,Bank Transfer
PAY-51021,INV-10930,09/22/2025,1395.24,Credit Card
PAY-50564,INV-10509,05/29/2025,1546.38,Credit Card
PAY-52791,INV-12511,09/24/2025,790.53,Credit Card
PAY-50864,INV-10788,2025-03-26,233.37,ACH
PAY-51485,INV-11345,2025-11-04,96.27,Check
PAY-52940,INV-12645,2025-05-17,96.45,Check
PAY-51882,INV-11697,2025-11-14,601.67,Credit Card
PAY-51039,INV-10944,2025-09-16,1353.9,Credit Card
PAY-50207,INV-10201,11/21/2025,815.01,Check
PAY-50393,INV-10361,2025-01-14,2362.35,ACH
PAY-52843,INV-12554,2025-05-02,2102.02,Check
PAY-50871,INV-10793,2025-04-20,1890.17,Credit Card
PAY-50398,INV-10366,2025-03-21,1031.64,Check
PAY-52815,INV-12531,2025-08-17,2267.13,Credit Card
PAY-53234,INV-12930,2025-09-26,3593.58,Check
PAY-51029,INV-10938,2025-05-12,280.69,Check
PAY-52691,INV-12420,2025-11-04,234.46,Check
PAY-51486,INV-11347,2025-12-31,16.82,Check
PAY-52661,INV-12389,2025-08-03,1454.19,Credit Card
PAY-50961,INV-10876,2025-11-21,7443.54,Bank Transfer
PAY-51571,INV-11419,2025-06-04,5858.34,Credit Card
PAY-52774,INV-12495,2025-10-06,477.78,ACH
PAY-51896,INV-11709,2025-04-26,1313.74,Credit Card
PAY-52732,INV-12456,2025-04-01,561.57,Bank Transfer
PAY-52147,INV-11924,2025-05-08,132.97,Check
PAY-50805,INV-10740,2025-07-23,3688.34,ACH
PAY-51752,INV-11590,2025-03-03,1599.63,ACH
PAY-52455,INV-12196,2026-01-28,14.92,Credit Card
PAY-50503,INV-10453,2025-05-28,609.63,Bank Transfer
PAY-53120,INV-12818,2025-05-29,1243.42,Bank Transfer
PAY-53105,INV-12806,2025-10-07,299.28,Credit Card
PAY-52978,INV-12680,2025-04-23,1167.82,ACH
PAY-50780,INV-10712,2025-11-13,76.36,Check
PAY-51864,INV-11682,2025-04-02,421.64,Check
PAY-50201,INV-10195,2025-02-17,1729.98,Bank Transfer
PAY-52183,INV-11949,2025-09-22,4078.34,Check
PAY-53100,INV-12800,2025-04-21,1941.07,Credit Card
PAY-52089,INV-11873,2025-03-01,232.29,ACH
PAY-53066,INV-12765,2025-12-15,869.81,Check
PAY-52279,INV-12037,2025-06-05,2107.32,Bank Transfer
PAY-51797,INV-11627,2025-02-03,512.14,ACH
PAY-50379,INV-10347,2025-04-06,57.42,ACH
PAY-52337,INV-12091,2025-09-27,1986.38,Check
PAY-50419,INV-10383,2025-04-05,218.87,Check
PAY-51699,INV-11542,2025-06-09,7295.6,ACH
PAY-50392,INV-10360,2026-02-02,703.1,Credit Card
PAY-52641,INV-12370,03/16/2025,854.72,Credit Card
PAY-51523,INV-11381,2025-06-15,2724.75,ACH
PAY-51163,INV-11064,2025-05-25,93.13,ACH
PAY-53135,INV-12831,2025-08-19,161.68,Bank Transfer
PAY-51496,INV-11353,05/19/2025,1128.18,Bank Transfer
PAY-52696,INV-12424,2025-06-16,992.66,Credit Card
PAY-52028,INV-11822,2025-09-08,780.37,ACH
PAY-51153,INV-11053,2025-03-05,551.73,Check
PAY-51368,INV-11242,2025-06-25,403.26,Check
PAY-52569,INV-12305,2025-07-30,8920.44,ACH
PAY-50065,INV-10066,02/10/2025,3167.16,Bank Transfer
PAY-52063,INV-11852,2025-08-30,7315.71,Credit Card
PAY-51181,INV-11082,2025-11-03,1081.03,Bank Transfer
PAY-53113,INV-12814,2025-03-23,673.37,Check
PAY-50493,INV-10443,2025-03-11,230.28,Credit Card
PAY-50380,INV-10349,2025-06-24,775.42,Bank Transfer
PAY-52236,INV-11996,2025-12-21,503.47,Bank Transfer
PAY-50764,INV-10699,01/23/2026,3400.32,Check
PAY-52265,INV-12022,2025-04-06,1569.95,Check
PAY-50792,INV-10727,2025-08-12,1505.06,Credit Card
PAY-51077,INV-10982,2025-06-27,2170.93,Credit Card
PAY-50879,INV-10798,2025-05-16,2733.53,ACH
PAY-50338,INV-10317,2025-02-02,2734.65,ACH
PAY-52768,INV-12488,2025-12-10,1421.02,Credit Card
PAY-52344,INV-12098,2025-03-04,564.15,ACH
PAY-51017,INV-10927,2025-09-29,137.31,Check
PAY-51276,INV-11166,08/26/2025,5546.0,ACH
PAY-50456,INV-10413,2025-07-18,113.83,Bank Transfer
PAY-50816,INV-10751,2025-05-01,644.9,Check
PAY-52318,INV-12074,2025-12-01,1767.96,Check
PAY-50996,INV-10908,2025-04-24,1020.93,ACH
PAY-51982,INV-11782,2025-07-22,328.44,Check
PAY-50202,INV-10196,2025-07-25,2093.9,Bank Transfer
PAY-50162,INV-10151,2025-04-14,533.11,Check
PAY-51580,INV-11429,2025-04-20,35.79,Credit Card
PAY-52778,INV-12497,2025-08-27,697.91,Credit Card
PAY-52450,INV-12194,2025-07-24,104.07,Credit Card
PAY-50703,INV-10643,08/04/2025,1171.88,Credit Card
PAY-51501,INV-11357,2025-04-02,905.4,Credit Card
PAY-51130,INV-11035,2025-08-22,958.27,Check
PAY-52614,INV-12347,2025-04-03,722.18,Credit Card
PAY-51022,INV-10931,2025-03-30,145.78,ACH
PAY-53074,INV-12774,2025-06-23,50.97,ACH
PAY-51586,INV-11432,2025-09-28,3084.56,Bank Transfer
PAY-51956,INV-11762,06/11/2025,2886.83,Check
PAY-53153,INV-12852,2025-07-29,3133.8,Check
PAY-52254,INV-12010,2026-01-07,733.26,Credit Card
PAY-50035,INV-10039,2025-11-21,447.93,Credit Card
PAY-50776,INV-10710,12/09/2025,6814.52,ACH
PAY-52557,INV-12293,2025-09-28,1598.44,Check
PAY-51479,INV-11342,05/03/2025,10.36,ACH
PAY-53004,INV-12702,2025-07-04,3951.63,Credit Card
PAY-51391,INV-11263,2025-11-06,31.7,Check
PAY-52140,INV-11918,2025-11-27,846.61,Credit Card
PAY-51364,INV-11239,2025-02-28,916.16,Check
PAY-52946,INV-12651,2025-10-27,653.94,ACH
PAY-52613,INV-12346,2025-08-01,3973.64,Credit Card
PAY-52825,INV-12540,2025-12-25,474.87,Check
PAY-52042,INV-11837,2026-01-05,528.82,ACH
PAY-50242,INV-10230,2025-12-29,2728.86,Bank Transfer
PAY-52062,INV-11851,2025-12-29,827.49,Credit Card
PAY-52364,INV-12115,2025-05-16,606.99,Bank Transfer
PAY-50601,INV-10548,2025-10-09,157.96,Check
PAY-52436,INV-12181,2025-11-19,1247.58,Check
PAY-51298,INV-11184,2026-01-29,360.16,ACH
PAY-52215,INV-11978,2025-05-23,3473.0,Bank Transfer
PAY-52889,INV-12592,2025-06-09,214.89,Credit Card
PAY-52069,INV-11857,2025-07-31,5183.41,Check
PAY-50647,INV-10590,2025-08-03,685.07,Bank Transfer
PAY-53203,INV-12895,2026-02-23,439.53,Check
PAY-51529,INV-11385,2025-03-28,808.8,Check
PAY-52880,INV-12587,2025-07-21,451.55,Credit Card
PAY-51268,INV-11161,2025-08-27,156.11,Bank Transfer
PAY-51900,INV-11716,2025-03-23,132.35,ACH
PAY-50563,INV-10506,2025-05-18,448.5,ACH
PAY-53329,INV-19369,2025-06-21,2650.38,Bank Transfer
PAY-52735,INV-12459,2025-12-30,2320.91,Bank Transfer
PAY-53006,INV-12708,2025-12-29,97.84,Check
PAY-50190,INV-10182,2025-05-28,684.41,ACH
PAY-51807,INV-11634,2025-10-19,472.18,Check
PAY-50976,INV-10888,2025-02-16,155.46,Bank Transfer
PAY-52748,INV-12471,2025-06-28,3888.12,Credit Card
PAY-52048,INV-11844,2025-03-14,1609.31,Credit Card
PAY-52559,INV-12294,2025-08-26,162.24,ACH
PAY-51083,INV-10990,2025-03-17,1516.56,Check
PAY-50475,INV-10429,2025-11-24,1756.18,ACH
PAY-52905,INV-12612,2025-04-14,531.7,Credit Card
PAY-50748,INV-10684,2025-09-18,178.95,Check
PAY-52301,INV-12058,2025-10-09,3251.76,Credit Card
PAY-50022,INV-10023,2025-08-27,1573.06,Credit Card
PAY-50460,INV-10417,03/26/2025,1917.64,Check
PAY-51185,INV-11086,2026-02-06,657.56,Check
PAY-52325,INV-12080,2026-01-16,362.56,Bank Transfer
PAY-50956,INV-10871,2026-01-11,485.72,Bank Transfer
PAY-51216,INV-11117,07/22/2025,1673.2,ACH
PAY-52434,INV-12179,2025-06-19,592.19,ACH
PAY-52854,INV-12564,2026-01-20,1862.82,Credit Card
PAY-51516,INV-11370,2025-11-21,667.59,Check
PAY-52392,INV-12134,2025-05-16,608.07,Credit Card
PAY-50770,INV-10705,2025-07-13,23.24,Check
PAY-51686,INV-11526,2026-01-22,3943.7,Bank Transfer
PAY-50131,INV-10126,2025-03-28,961.04,ACH
PAY-52920,INV-12626,2025-08-28,233.19,ACH
PAY-53172,INV-12866,08/24/2025,391.44,Bank Transfer
PAY-52136,INV-11914,2025-12-01,2323.34,Credit Card
PAY-51483,INV-11345,2025-11-04,473.16,Check
PAY-50331,INV-10309,07/10/2025,2422.09,Bank Transfer
PAY-51239,INV-11137,2025-03-08,122.25,Check
PAY-50467,INV-10424,2025-12-01,1940.07,ACH
PAY-52170,INV-11943,2026-01-02,1886.0,Credit Card
PAY-51639,INV-11483,2025-11-02,7004.22,Credit Card
PAY-53093,INV-12793,2026-02-23,125.71,Credit Card
PAY-51096,INV-11002,2025-11-19,3402.18,ACH
PAY-51131,INV-11036,2025-11-29,6103.32,Credit Card
PAY-51295,INV-11181,03/01/2025,295.67,Credit Card
PAY-50861,INV-10786,2025-05-09,3915.52,ACH
PAY-53175,INV-12869,2025-11-24,2395.47,Bank Transfer
